title,nickname,view,like,date,comment,image url,page url
[큐엠] 안녕하세요 물음표 전진기지 돌격대장 큐엠 (QM) 입니다.,큐엠,16309,815,12.30,238,,https://chimhaha.net/qm/84551?page=1
[큐엠] 힙합적인 치킨,블랙펄,58,1,1시간전,0,https://resources.chimhaha.net/thumb/1673872742173-fa3mtghs77w.jpg,https://chimhaha.net/qm/112307?page=1
[큐엠] 오늘의 힙합,홍준용,48,0,4시간전,0,https://resources.chimhaha.net/thumb/1673863069382-uof9b9z23ve.jpg,https://chimhaha.net/qm/112082?page=1
[큐엠] Megan Thee Stallion - Star (ft. Lucky Daye),나이키님,24,2,6시간전,0,https://img.youtube.com/vi/Q5Un9NH3vUI/maxresdefault.jpg,https://chimhaha.net/qm/111936?page=1
[큐엠] 님들 볼캡 추천좀 해주세연 ㅎㅎ,이건아니잖씀,70,2,6시간전,4,,https://chimhaha.net/qm/111869?page=1
[큐엠] 쇼미더머니 서울콘서트,큐엠,8089,230,15시간전,31,https://resources.chimhaha.net/thumb/1673821658923-vre1ha0b8td.jpg,https://chimhaha.net/qm/111455?page=1
[큐엠] Jhene Aiko - Tryna Smoke,나이키님,60,2,15시간전,0,https://img.youtube.com/vi/-ov6tH8KSvY/maxresdefault.jpg,https://chimhaha.net/qm/111453?page=1
[큐엠] 공모전 준비하는데 힙한가요?,집지을사람,164,1,22시간전,2,https://resources.chimhaha.net/thumb/1673798024203-7y88uv5n8rq.png,https://chimhaha.net/qm/111226?page=1
"[큐엠] 현재 공중파탄 디스전, 기지원분들은 어떻게 보셨나요?",Locomotive,185,0,23시간전,3,,https://chimhaha.net/qm/111121?page=1
[큐엠] 속이 안좋아 식물을 먹어야 할것 같았습니다,나이키님,126,2,1일전,1,https://resources.chimhaha.net/thumb/1673788845270-wrb7dxzdx9o.jpg,https://chimhaha.net/qm/111009?page=1
[큐엠] Stacy Lacy - Bad Habit,나이키님,61,3,1일전,1,https://img.youtube.com/vi/VF-FGf_ZZiI/maxresdefault.jpg,https://chimhaha.net/qm/110994?page=1
[큐엠] 쇼미콘서트 잘갔다오셨나요?,이말이,74,2,1일전,0,,https://chimhaha.net/qm/110920?page=1
[큐엠] 곱창을 먹었습니다… 덜덜,멋도리,168,4,1일전,2,https://resources.chimhaha.net/thumb/1673774272814-dpttia23h6i.jpg,https://chimhaha.net/qm/110774?page=1
[큐엠] 한나라는 나만의 명반은 장식 회사의 선반을,KaiManB,132,3,1일전,3,,https://chimhaha.net/qm/110550?page=1
[큐엠] 헉 싱잉랩 논란,일진걸,216,1,1일전,0,,https://chimhaha.net/qm/110529?page=1
[큐엠] 지금 눈을 떠버렸습니다.,홍준용,205,0,1일전,0,https://resources.chimhaha.net/thumb/1673760673821-xe8bjm8cd6o.jpg,https://chimhaha.net/qm/110462?page=1
[큐엠] (국힙 숨겨진 명곡들) 이센스 - 정열의방 (2008),히피1,84,3,1일전,1,https://img.youtube.com/vi/8LS2rKSWOE8/maxresdefault.jpg,https://chimhaha.net/qm/110168?page=1
[큐엠] 여전히 피타입을 기억해주는 사람이 있는걸 보니 감동스러움,인사할시간도없,210,1,1일전,4,,https://chimhaha.net/qm/110074?page=1
[큐엠] 오늘의 P-type <the picaresuqe>,인사할시간도없,138,3,2일전,2,https://img.youtube.com/vi/D6qicjAD0I4/maxresdefault.jpg,https://chimhaha.net/qm/109733?page=1
[큐엠] 토요일밤 힙합 ...,상큐엠,231,5,2일전,2,https://resources.chimhaha.net/thumb/1673698976125-csqb9hszg0a.jpg,https://chimhaha.net/qm/109715?page=1
[큐엠] 큐엠님 예전부터 궁금했던 건데요...,태어난김에사는사람,342,1,2일전,2,https://resources.chimhaha.net/thumb/1673692590523-5vql0e559k8.jpg,https://chimhaha.net/qm/109500?page=1
[큐엠] 노엘 디스곡 발표 ㅋㅋㅋㅋㅋㅋㅋㅋㅋㅋㅋ,블랙펄,379,1,2일전,0,https://img.youtube.com/vi/Qc_v5nuL_lk/maxresdefault.jpg,https://chimhaha.net/qm/109439?page=2
[큐엠] 엠스모후기) 길게 쪄왔는데 버스 놓쳤습니다?,찐재식,115,3,2일전,2,,https://chimhaha.net/qm/109346?page=2
[큐엠] 결혼했습니다,KanyeWest,465,4,2일전,7,https://resources.chimhaha.net/thumb/1673676387641-dl8x659ybjd.png,https://chimhaha.net/qm/109183?page=2
[큐엠] 이동진 평론가님 스타일로 추천하는 힙합 앨범들,세담이,354,12,2일전,7,https://resources.chimhaha.net/thumb/1673675668771-zo4zwph1yw.png,https://chimhaha.net/qm/109172?page=2
[큐엠] 어제 먹었지만,홍준용,165,3,2일전,2,https://resources.chimhaha.net/thumb/1673670081872-detrikgicql.jpg,https://chimhaha.net/qm/109090?page=2
[큐엠] 오늘의 노래 추천,큐엠,4901,149,2일전,30,https://img.youtube.com/vi/J6LUnNqYGsg/maxresdefault.jpg,https://chimhaha.net/qm/109033?page=2
[큐엠] 쥬목) 엠스모 앨범 리뷰 이벤트 발표,큐엠,414,30,2일전,10,,https://chimhaha.net/qm/109019?page=2
[큐엠] 근데 모 힙합레이블은 체급을 왤케 좋아하지..?,Locomotive,301,2,2일전,3,,https://chimhaha.net/qm/108674?page=2
[큐엠] 기지장씨는 이 앨범을 들어보신적이 있으십니까?,socentralrain,77,2,2일전,0,https://img.youtube.com/vi/w6wT_6uEiRk/maxresdefault.jpg,https://chimhaha.net/qm/108664?page=2
[큐엠] 분쟁을 무릅쓰고 신나서 올리는 행동은 무지성인가요 힙인가요.,호두마루,269,1,2일전,10,,https://chimhaha.net/qm/108608?page=2
[큐엠] 드릴 래퍼랑 전 IMJM소속 래퍼가 짱뜨네요,Locomotive,269,3,2일전,5,,https://chimhaha.net/qm/108477?page=2
[큐엠] 서점지나가다 생각나서,아공맨,164,3,3일전,3,https://resources.chimhaha.net/thumb/1673603741157-gn29fl7ppq6.jpg,https://chimhaha.net/qm/108097?page=2
[큐엠] 오늘의 P-type <바벨>,인사할시간도없,103,3,3일전,2,https://img.youtube.com/vi/3FtIwEA-mKE/maxresdefault.jpg,https://chimhaha.net/qm/107882?page=2
[큐엠] 애비,랏시님,137,2,3일전,1,https://resources.chimhaha.net/thumb/1673590795845-owfsceetrg.jpg,https://chimhaha.net/qm/107857?page=2
[큐엠] 큐엠님 이 발언 진짠가요?,백예린,704,12,3일전,9,https://resources.chimhaha.net/thumb/1673583510652-yy3i7epq1zi.png,https://chimhaha.net/qm/107730?page=2
[큐엠] 기지장님은.. 햄최몇이십니까?,홍준용,356,2,3일전,10,https://resources.chimhaha.net/thumb/1673580432314-hsz22v0r5d.jpg,https://chimhaha.net/qm/107671?page=2
[큐엠] 시장에서 파는 힙합,약방의칸쵸,212,11,3일전,1,https://resources.chimhaha.net/thumb/1673567485932-rgbqykkys.jpg,https://chimhaha.net/qm/107499?page=2
[큐엠] 랩네임 지으려고 하는데,차일디쉬강민호,162,1,3일전,1,,https://chimhaha.net/qm/107497?page=2
[큐엠] 3대째 힙찔이가 추천하는 더루츠,이진용원황재원,152,5,3일전,2,https://img.youtube.com/vi/MJCHeEQV454/maxresdefault.jpg,https://chimhaha.net/qm/107441?page=2
[큐엠] 엠스모 앨범 어떠셨어요? ,큐엠,896,22,3일전,29,,https://chimhaha.net/qm/107179?page=2
[큐엠] VMC 막콘인데 왓챠홀은 너무 좁은거 아니오???,비짝대기프리,244,4,3일전,2,,https://chimhaha.net/qm/107144?page=3
[큐엠] 기지장님 슬라피에서 다이어트 결심하셨던데,쮬뿰쀵,121,2,4일전,1,,https://chimhaha.net/qm/106920?page=3
[큐엠] 이것도 힙한 걸까요,양파공장,192,2,4일전,2,https://resources.chimhaha.net/thumb/1673523331605-6w9vmfct3q6.jpg,https://chimhaha.net/qm/106874?page=3
[큐엠] 큐엠님 vmc에서 콘서트 회의할때 왓챠홀 넘 작다는얘기안나왔나요?,배도라지황금미륵,218,2,4일전,1,,https://chimhaha.net/qm/106848?page=3
[큐엠] 화지는 당장,artoy,158,2,4일전,2,,https://chimhaha.net/qm/106843?page=3
[큐엠] 2월 5일 5시!,민블로장생,116,3,4일전,1,https://resources.chimhaha.net/thumb/1673519836384-2qd3l1q76kf.jpg,https://chimhaha.net/qm/106807?page=3
[큐엠] 큐엠님 2월에 뵈요,배도라지황금미륵,84,1,4일전,0,,https://chimhaha.net/qm/106778?page=3
[큐엠] 대장님의 노래가 노래방에 있다는 사실! 여러분은 알고 계신가요?,멋도리,202,3,4일전,2,https://resources.chimhaha.net/thumb/1673501649552-l372zc6e1rc.jpg,https://chimhaha.net/qm/106428?page=3
[큐엠] 이번에 딥플로우와 함께하는 전설적 프로듀서,66도발,163,3,4일전,0,,https://chimhaha.net/qm/106369?page=3
[큐엠] 이센스와 쌈디의 사이를 침착맨이.........,블랙펄,445,8,4일전,2,https://resources.chimhaha.net/thumb/1673498330011-jk5s4nzum3.jpg,https://chimhaha.net/qm/106359?page=3
[큐엠] 점심도 힙합,홍준용,175,1,4일전,2,https://resources.chimhaha.net/thumb/1673493238949-jet7gnxdji.jpg,https://chimhaha.net/qm/106261?page=3
[큐엠] 우원박의 힙합 Live '노을' (변산OST) (우랩박의 탄생),쓸만한구쭈,141,3,4일전,0,https://img.youtube.com/vi/Vd9KSw3Lylw/maxresdefault.jpg,https://chimhaha.net/qm/106207?page=3
[큐엠] 오늘의 P-type <Timberland 6'>,인사할시간도없,139,3,4일전,2,https://img.youtube.com/vi/X3YMO_tx5s4/maxresdefault.jpg,https://chimhaha.net/qm/106007?page=3
[큐엠] 오늘의 외국 힙합 앨범 추천 1,위험한자식이말년,153,8,4일전,5,https://resources.chimhaha.net/thumb/1673453769006-doggyfsblmg.jpg,https://chimhaha.net/qm/105853?page=3
[큐엠] 갑자기 큐엠자치구역이라니,깅욱제,357,1,4일전,6,,https://chimhaha.net/qm/105729?page=3
[큐엠] 어제 산 당신께 피지컬 자랑,궤도조아,188,4,5일전,4,https://resources.chimhaha.net/thumb/1673445977875-v8uq3kzt06a.jpg,https://chimhaha.net/qm/105564?page=3
[큐엠] 힙일못 외힙 앨범 추천좀여,Heresy,176,1,5일전,12,,https://chimhaha.net/qm/105562?page=3
[큐엠] 이제는 역사의 유물이 되어버린 vmc 굿즈 자랑합니다,꼬불이,160,4,5일전,2,https://resources.chimhaha.net/thumb/1673445307790-pm0azqxzsyk.png,https://chimhaha.net/qm/105541?page=3
[큐엠] 대중문화예술기획업,두유노날클립,90,2,5일전,1,,https://chimhaha.net/qm/105539?page=3
[큐엠] 판때기 놀이 힙합입니다,GUN하하,125,5,5일전,2,https://resources.chimhaha.net/thumb/1673441277492-rz71fk8meb.gif,https://chimhaha.net/qm/105431?page=3
[큐엠] 오늘의 힙합력 자랑,멋도리,120,4,5일전,2,,https://chimhaha.net/qm/105384?page=4
[큐엠] 힙합력 +1,큐엠,8520,192,5일전,35,https://resources.chimhaha.net/thumb/1673429102144-vwck2kqlxe.jpg,https://chimhaha.net/qm/105138?page=4
[큐엠] 로스형님이 찾던데,경안고침착맨,215,1,5일전,0,,https://chimhaha.net/qm/105134?page=4
[큐엠] 하가렌 x QM,홍준용,189,4,5일전,4,https://resources.chimhaha.net/thumb/1673428134798-58g9k6ae7tq.jpg,https://chimhaha.net/qm/105118?page=4
[큐엠] 어서와 일본힙합은 처음이지,최호덕,167,2,5일전,1,https://img.youtube.com/vi/egJiI6w82dg/maxresdefault.jpg,https://chimhaha.net/qm/105037?page=4
[큐엠] 그.. 국왕님 가셔야 될 것 같습니다,래전병거뉴스,234,3,5일전,0,https://resources.chimhaha.net/thumb/1673416798088-ws7ct0r3py.jpg,https://chimhaha.net/qm/104877?page=4
[큐엠] 요즘 듣는 큐엠삼촌 노래,양말벗거진호민,158,3,5일전,3,,https://chimhaha.net/qm/104750?page=4
"[큐엠] 오늘의 P-type <네안데르탈> feat justhis, minos ",인사할시간도없,88,3,5일전,2,https://img.youtube.com/vi/PEkFnyfwX_c/maxresdefault.jpg,https://chimhaha.net/qm/104611?page=4
[큐엠] 요즘 듣는 노래 : Silica Gel - no pain,이병건사랑해잉,62,2,5일전,2,https://img.youtube.com/vi/JaIMSzE5yLA/maxresdefault.jpg,https://chimhaha.net/qm/104565?page=4
[큐엠] 오랜만에 180g beats,래전병거뉴스,82,2,5일전,1,https://img.youtube.com/vi/BgDjwxQ5WmU/maxresdefault.jpg,https://chimhaha.net/qm/104553?page=4
[큐엠] 아??!,홍준용,204,2,5일전,2,https://resources.chimhaha.net/thumb/1673360986062-zga7volzi9h.jpg,https://chimhaha.net/qm/104128?page=4
[큐엠] 요즘 꽂힌 노래 ,침착한장도리,245,3,6일전,9,https://img.youtube.com/vi/ZejsEVjdi_Y/maxresdefault.jpg,https://chimhaha.net/qm/104093?page=4
[큐엠] 저의 배틀그라운드 닉네임입니다,멋도리,231,2,6일전,2,https://resources.chimhaha.net/thumb/1673358073717-p2yc17wv2c.jpg,https://chimhaha.net/qm/104062?page=4
[큐엠] 이거어떻게해석해야할까요,비짝대기프리,166,1,6일전,1,https://resources.chimhaha.net/thumb/1673355002263-k7bz2fefxbe.jpg,https://chimhaha.net/qm/103972?page=4
[큐엠] 피식대학 제이팍 언제이렇게 잘해졌지!,침버거,264,4,6일전,1,https://img.youtube.com/vi/q-LAmIKI1jw/maxresdefault.jpg,https://chimhaha.net/qm/103819?page=4
[큐엠] 뚱뚱한게 죄는 아니잖아요!!! 뚱들을 위한 노래 모음,최호덕,227,2,6일전,2,https://resources.chimhaha.net/thumb/1673348197462-v6cjuw4wyla.jfif,https://chimhaha.net/qm/103815?page=4
[큐엠] vmc 딥플로우 인터뷰,꼬부끼,272,9,6일전,1,https://img.youtube.com/vi/WDDGABuxeyQ/maxresdefault.jpg,https://chimhaha.net/qm/103717?page=4
[큐엠] 현재 VMC에서 예정된 프로젝트들,KaiManB,307,10,6일전,8,,https://chimhaha.net/qm/103716?page=4
[큐엠] 아 계란빵 찍을라했는디ㅇ,큐엠,8745,295,6일전,36,https://resources.chimhaha.net/thumb/1673343707479-l2ff6wg1lve.jpg,https://chimhaha.net/qm/103709?page=4
[큐엠] 일본 여행 중 시부야 레코드샵에 들렀습니다,위험한자식이말년,257,5,6일전,10,https://resources.chimhaha.net/thumb/1673332431651-vuh94webtf.jpg,https://chimhaha.net/qm/103450?page=4
[큐엠] 2022 한국 힙합 결산,힝구리퐁퐁이잖슴,193,2,6일전,4,,https://chimhaha.net/qm/103441?page=5
[큐엠] 오늘의 P-type <don quixote 2>,인사할시간도없,124,6,6일전,2,https://img.youtube.com/vi/YBHVDMajUiA/maxresdefault.jpg,https://chimhaha.net/qm/103128?page=5
[큐엠] 오늘 성적이 나왔습니다,멋도리,233,1,6일전,3,,https://chimhaha.net/qm/103081?page=5
[큐엠] 랩 잘하고 싶다,요롱이,114,1,6일전,1,,https://chimhaha.net/qm/103018?page=5
[큐엠] 내 자랑거리잖슴~,홍준용,326,7,6일전,8,https://resources.chimhaha.net/thumb/1673300937854-e9294zsg5qk.jpg,https://chimhaha.net/qm/102954?page=5
[큐엠] FREE THE BEAST 바이닐 발매했으면 좋겠음,비짝대기프리,136,2,6일전,2,,https://chimhaha.net/qm/102712?page=5
[큐엠] 여러분들이 생각하는 국힙 최고의 리릭시스트는 누구인가요?,여름이었다,277,2,6일전,13,https://img.youtube.com/vi/kD3iHnYl4YE/maxresdefault.jpg,https://chimhaha.net/qm/102690?page=5
[큐엠] 들어주세요? 횐님들? 음악하는 알앤비쟁이가 신곡 냈습니다?,알앤비쟁이,162,5,7일전,2,https://img.youtube.com/vi/W34yL8bxppw/maxresdefault.jpg,https://chimhaha.net/qm/102641?page=5
"[큐엠] 퇴근 5분 앞두고 연장 근무로 3시간 일했습니다,,,",멋도리,172,8,7일전,3,,https://chimhaha.net/qm/102455?page=5
[큐엠] 힙초보입니다 곡 추천해주실수있나요?,웁파룹파,252,1,7일전,10,,https://chimhaha.net/qm/102368?page=5
[큐엠] 개인적으로 ㅖ의 미공개? 곡 중에 좋아하는 곡 입니다?,마음의고향순천,74,0,7일전,0,https://img.youtube.com/vi/oJQDMHFTlqE/maxresdefault.jpg,https://chimhaha.net/qm/102206?page=5
[큐엠] 2월 5일에 vmc 콘서트 공지한다는데,화나틱,233,1,7일전,4,,https://chimhaha.net/qm/102196?page=5
[큐엠] 듣고 소름이 쫙 돋는 라인,바하마서봐,456,4,7일전,14,https://img.youtube.com/vi/i4CcILhXbEg/maxresdefault.jpg,https://chimhaha.net/qm/102039?page=5
[큐엠] 대장님 하쿠채널 ,블랙아시안,130,1,7일전,2,,https://chimhaha.net/qm/102020?page=5
[큐엠] 엠스모 피지컬 곧??…,66도발,171,3,7일전,2,https://resources.chimhaha.net/thumb/1673240490159-gstvyiza4nu.jpg,https://chimhaha.net/qm/101985?page=5
[큐엠] 오왼 신곡 Last Night 들어보셨나요?,jarret,128,3,7일전,1,https://resources.chimhaha.net/thumb/1673240234120-noyzjtpm8n.jpg,https://chimhaha.net/qm/101981?page=5
"[큐엠] 월요일은 정말정말 힘드네여,,,",멋도리,81,1,7일전,1,,https://chimhaha.net/qm/101775?page=5
[큐엠] 돈숨 기념으로 그렸던 그림,홍준용,226,4,7일전,4,https://resources.chimhaha.net/thumb/1673230697581-6sahlef8wng.png,https://chimhaha.net/qm/101771?page=5
[큐엠] 제이팍 in 피식쇼 ,의중을알고싶은김의중,191,3,7일전,0,https://img.youtube.com/vi/qW8pEIocLkU/maxresdefault.jpg,https://chimhaha.net/qm/101760?page=5
[큐엠] 돼장님 어제 슬라피 프리스타일에서 이런 저런 신보 예고 하셨는데,KaiManB,162,1,7일전,1,,https://chimhaha.net/qm/101739?page=5
[큐엠] 출근길 너무 이르잖슴 ~!!,홍준용,116,1,7일전,1,https://resources.chimhaha.net/thumb/1673213829349-88rl3pf5goo.png,https://chimhaha.net/qm/101618?page=6
[큐엠] 캘리그라피 투척하고 갑니다~~,N95,133,3,7일전,0,https://resources.chimhaha.net/thumb/1673197126595-7a16sfe86h3.jpg,https://chimhaha.net/qm/101511?page=6
[큐엠] 큐엠선생님 슬램덩크 극장판 보셨나요??,ㅅㅇ99,104,2,7일전,0,,https://chimhaha.net/qm/101443?page=6
[큐엠] 큐엠선생님 그림 올려봐요~,ㅅㅇ99,315,9,7일전,3,https://resources.chimhaha.net/thumb/1673195028523-s9xo5zm34iq.jpg,https://chimhaha.net/qm/101419?page=6
[큐엠] 기지장의 수호묘,큐엠,8425,295,7일전,33,https://resources.chimhaha.net/thumb/1673194939401-jsjlhhv5kll.jpg,https://chimhaha.net/qm/101411?page=6
[큐엠] 하쿠,88h,105,3,7일전,2,https://resources.chimhaha.net/thumb/1673194363113-ptjmp4lnjtb.jpg,https://chimhaha.net/qm/101404?page=6
[큐엠] 쇼미랑 딩고만 아는 힙찔이가 본 대한민국 4대 힙합레이블.,힛트맨,231,1,7일전,2,,https://chimhaha.net/qm/101396?page=6
[큐엠] 글 쓰러 왔어요,정이입미다,114,3,7일전,1,https://resources.chimhaha.net/thumb/1673193320442-9itym2hnb2f.jpg,https://chimhaha.net/qm/101385?page=6
[큐엠] 저번주도 큐엠 하셨나요?,홍준용,86,1,7일전,0,,https://chimhaha.net/qm/101384?page=6
[큐엠] 아아 물음표전진기지 일동 주목,ESENSofficial,207,7,7일전,1,https://img.youtube.com/vi/SjNl6NcRhOY/maxresdefault.jpg,https://chimhaha.net/qm/101239?page=6
[큐엠] 5시간짜리 VMC 플레이리스트 완성했습니당,래전병거뉴스,4170,79,01.08,17,https://resources.chimhaha.net/thumb/1673176780465-5wuxfli1aoy.png,https://chimhaha.net/qm/101003?page=6
[큐엠] 국내 음원사이트에는 찾기 힘들어서 좀 꼴받는 앨범,KaiManB,133,0,01.08,0,,https://chimhaha.net/qm/101002?page=6
[큐엠] 큐엠님 혹시 유엠씨를 아시나요? ,엘리빤트,348,1,01.08,3,,https://chimhaha.net/qm/100487?page=6
[큐엠] QM님 치킨을 안좋아한다는 게 사실인가요?,백예린,480,2,01.08,3,https://resources.chimhaha.net/thumb/1673140180340-4dztj6zpgfo.jpg,https://chimhaha.net/qm/100311?page=6
[큐엠] 균콘가신분?,율락뷸락,177,1,01.08,3,,https://chimhaha.net/qm/100309?page=6
[큐엠] 그나저나 스눕 독 형님은 왜 ,배끼리듀공배극곰,172,2,01.08,0,,https://chimhaha.net/qm/100265?page=6
[큐엠] 모닝곡 추천 한번더 해봅니닷,삑꾓츢,67,0,01.08,0,https://img.youtube.com/vi/tyoxTAuOiUk/maxresdefault.jpg,https://chimhaha.net/qm/100250?page=6
[큐엠] 앨범내라 양홍원 최원재,침착해져보자,227,1,01.08,1,,https://chimhaha.net/qm/100226?page=6
[큐엠] 호불호 있어도 명반인 앨범 ,헌내기,327,1,01.08,5,https://img.youtube.com/vi/soOObExdEqk/maxresdefault.jpg,https://chimhaha.net/qm/100203?page=6
[큐엠] 신곡 J.p mogeun- riminal ,블랙펄,77,0,01.08,1,https://resources.chimhaha.net/thumb/1673112922535-is9vd8jj8dj.jpg,https://chimhaha.net/qm/100134?page=6
[큐엠] 최근 제2의 전성기를 맞은 듯한 NAS,웨스트,369,1,01.08,6,https://img.youtube.com/vi/b-rGiqV-qVc/maxresdefault.jpg,https://chimhaha.net/qm/100076?page=7
[큐엠] 오늘 큐엠님 본 후기,이병건이랑께요,4857,100,01.08,7,https://resources.chimhaha.net/thumb/1673106739893-7aeg0wclgfe.jpg,https://chimhaha.net/qm/99989?page=7
[큐엠] 국왕님의 프리스타일이 나왔네요,곳간털린다람쥐,156,0,01.08,0,https://img.youtube.com/vi/SjNl6NcRhOY/maxresdefault.jpg,https://chimhaha.net/qm/99986?page=7
[큐엠] 대장님 신보 하루종일 돌려듣는 중입니다,박가을,98,2,01.08,1,,https://chimhaha.net/qm/99959?page=7
[큐엠] 독 탄 도시락ㄷㄷ,Locomotive,139,1,01.07,1,https://resources.chimhaha.net/thumb/1673102957577-scmof2s1uh.jpg,https://chimhaha.net/qm/99910?page=7
[큐엠] 그러니까...어....,나잠시떠날라요,181,3,01.07,2,https://resources.chimhaha.net/thumb/1673102215653-3vdbmygk93i.jpg,https://chimhaha.net/qm/99892?page=7
[큐엠] 대장님 자유투 1점,케이팝전사,262,11,01.07,3,https://resources.chimhaha.net/thumb/1673097810472-58wotxbjnru.gif,https://chimhaha.net/qm/99793?page=7
[큐엠] 필레오 피시버거가 단종 됐다는 사실.. 알고 계셨나요..?,큐엠,10314,210,01.07,68,,https://chimhaha.net/qm/99727?page=7
"[큐엠] Snoop Dogg, Eminem, Dr. Dre - Back In The Game ft. DMX, Eve, Jadakiss, Ice Cube, Method Man, The Lox",치마하하,161,2,01.07,2,https://img.youtube.com/vi/_Rks2oCRS88/maxresdefault.jpg,https://chimhaha.net/qm/99620?page=7
[큐엠] Vmc 프리서타일 보고 있는데,콰자라자콰꿍콸라콰자,231,3,01.07,1,https://resources.chimhaha.net/thumb/1673087912922-pyxw43mkkw.jpg,https://chimhaha.net/qm/99578?page=7
[큐엠] 큐엠님 저를 기억하시는지,stsahv,302,1,01.07,0,https://resources.chimhaha.net/thumb/1673088501409-wwzex1bgi4.jpg,https://chimhaha.net/qm/99576?page=7
[큐엠] 국왕님 슬라피 보고왔읍니다,구우바,79,1,01.07,0,,https://chimhaha.net/qm/99567?page=7
[큐엠] 돼장 랩 개쩔잖슴 ㄹㅇ,무회전초밥,219,2,01.07,0,https://resources.chimhaha.net/thumb/1673086660878-kcsa0zyzrz.png,https://chimhaha.net/qm/99544?page=7
[큐엠] 밥먹고 심심해서,대커율,254,2,01.07,9,https://resources.chimhaha.net/thumb/1673086665725-01q1idqmat0.png,https://chimhaha.net/qm/99543?page=7
[큐엠] 돼장님과 오달키의 찰진 프리스타일,KaiManB,185,11,01.07,1,https://img.youtube.com/vi/SjNl6NcRhOY/maxresdefault.jpg,https://chimhaha.net/qm/99469?page=7
[큐엠] 주기적으로 주입하는 노래,백수유망주,118,0,01.07,0,https://img.youtube.com/vi/mZInUHwmzN8/maxresdefault.jpg,https://chimhaha.net/qm/99383?page=7
[큐엠] 노비츠키에 보너스트랙,대커율,117,1,01.07,0,https://img.youtube.com/vi/LxPy51qKXRw/maxresdefault.jpg,https://chimhaha.net/qm/99277?page=7
[큐엠] VMC 플리 제작중,래전병거뉴스,226,2,01.07,0,https://resources.chimhaha.net/thumb/1673049130998-fw0sj8b3s9c.jpg,https://chimhaha.net/qm/98950?page=7
[큐엠] 모닝곡 하나 추천드립니당,삑꾓츢,139,1,01.07,2,https://img.youtube.com/vi/-WVc0NGIRiw/maxresdefault.jpg,https://chimhaha.net/qm/98930?page=7
[큐엠] 이거힙합인가요?,세후닌,291,0,01.07,1,https://resources.chimhaha.net/thumb/1673043925859-03emq9n73ll.jpg,https://chimhaha.net/qm/98927?page=7
[큐엠] 이거 히-팝인가요?,집지을사람,7168,204,01.07,17,https://resources.chimhaha.net/thumb/1673038824926-wp1dfbyh17.jpg,https://chimhaha.net/qm/98907?page=8
[큐엠] 야심한 밤에 키-타 한 곡 추천,올루올루,139,0,01.06,1,https://img.youtube.com/vi/yW3VrlqRJ7A/maxresdefault.jpg,https://chimhaha.net/qm/98528?page=8
[큐엠] 비프리 진짜 대단하긴하네요,블랙펄,395,5,01.06,7,https://resources.chimhaha.net/thumb/1673014223812-yyuifz2yjj8.png,https://chimhaha.net/qm/98491?page=8
[큐엠] 뉴진스 인스타가 한자 테러 당하고 있네요...?,Locomotive,1099,3,01.06,16,https://resources.chimhaha.net/thumb/1673011666918-04t1yxh6hat.png,https://chimhaha.net/qm/98426?page=8
"[큐엠] 뉴진스, 드레이크, 릴우지버트는 같은 음악을 한다??",히피1,428,5,01.06,4,https://img.youtube.com/vi/pJXiTEVDCKQ/maxresdefault.jpg,https://chimhaha.net/qm/98422?page=8
[큐엠] 서울역 힙합,듬에일응,386,1,01.06,4,https://resources.chimhaha.net/thumb/1673011043947-qb2um61ub1.jpg,https://chimhaha.net/qm/98415?page=8
[큐엠] 뉴진스 애니메이션 굉장히 바스키아 스럽네요 ㅋㅋ,히피1,349,1,01.06,3,https://resources.chimhaha.net/thumb/1673008718111-mtb9133qy8.png,https://chimhaha.net/qm/98346?page=8
[큐엠] 힙합입니다?,돌맹이,182,2,01.06,2,,https://chimhaha.net/qm/98334?page=8
[큐엠] 돈까스 숨기기,꼬부끼,155,3,01.06,0,https://resources.chimhaha.net/thumb/1673006868952-3uu7gyc6da.jpg,https://chimhaha.net/qm/98310?page=8
[큐엠] vmc qm님 게시판인가요..?,손승완,439,1,01.06,1,,https://chimhaha.net/qm/98247?page=8
[큐엠] 돼장님 돈숨 피지컬 엘범 재발매 계획 없으십니까,사자돼지,324,2,01.06,10,,https://chimhaha.net/qm/98188?page=8
[큐엠] 큐엠님은 평소에 시나 소설을 많이 읽으시나요?,라마킹,214,0,01.06,1,,https://chimhaha.net/qm/98082?page=8
[큐엠] 다들 요즘 듣는 앨범이 뭔가요?,Toywiz06,307,0,01.06,15,https://img.youtube.com/vi/PmxWqTaXs_g/maxresdefault.jpg,https://chimhaha.net/qm/98053?page=8
[큐엠] 피처링한테 뺏긴 노래 3곡,대커율,294,0,01.06,2,https://img.youtube.com/vi/DtK_xu6HSOs/maxresdefault.jpg,https://chimhaha.net/qm/98022?page=8
[큐엠] 갤주님 과거사진 풀어주세요,이효리,275,1,01.06,3,,https://chimhaha.net/qm/97942?page=8
[큐엠] 오늘의 힙한 행동 입니다?,마음의고향순천,274,5,01.06,3,https://resources.chimhaha.net/thumb/1672992624278-hbmxvqcuhf.jpg,https://chimhaha.net/qm/97929?page=8
[큐엠] 돈숨 바이닐이 왔습니다,비짝대기프리,228,6,01.06,6,https://resources.chimhaha.net/thumb/1672991341923-zgazx0q3aar.jpg,https://chimhaha.net/qm/97898?page=8
[큐엠] 오늘의 힙한 행동을 올려주세요,큐엠,9933,187,01.06,117,https://resources.chimhaha.net/thumb/1672987143456-pctu7erxcqh.jpg,https://chimhaha.net/qm/97794?page=8
[큐엠] 노래추천해요~,ㅇ밍키ㅇ,85,0,01.06,2,https://img.youtube.com/vi/N8VRaGe3Cqs/maxresdefault.jpg,https://chimhaha.net/qm/97785?page=8
[큐엠] 맥 밀러가 그리운 이른 점심입니다,박가을,160,3,01.06,2,,https://chimhaha.net/qm/97292?page=8
[큐엠] 제가 유튭만 보는 한국인이라 이 카테고리가 낯선데 누구 설명좀,슬램덩크맥거핀삼인방,538,3,01.06,3,,https://chimhaha.net/qm/97039?page=9
[큐엠] 새벽감성 선곡,gemumeito,84,0,01.06,0,https://img.youtube.com/vi/qcRqr93tGvo/maxresdefault.jpg,https://chimhaha.net/qm/97034?page=9
[큐엠] Qm노래,기안의불전함,135,1,01.06,0,,https://chimhaha.net/qm/96936?page=9
[큐엠] 요즘 일본에서 뜨는 래퍼 ,강아지스피커,310,1,01.06,3,https://img.youtube.com/vi/cYMdQQoqToY/maxresdefault.jpg,https://chimhaha.net/qm/96888?page=9
[큐엠] 허ㅡ쓸하기 좋은 출근송 추천하고 갑니다.,주호떡,71,1,01.06,0,https://img.youtube.com/vi/PrOhgvrrBok/maxresdefault.jpg,https://chimhaha.net/qm/96729?page=9
[큐엠] 19)큐엠님이 올리신 화나님의 노래를 듣고,벌꿀오소리,446,2,01.05,7,https://img.youtube.com/vi/igzw1wmZuIs/maxresdefault.jpg,https://chimhaha.net/qm/96497?page=9
[큐엠] 큐엠님 별 얘기는 아니지만,로붕이,392,5,01.05,4,https://img.youtube.com/vi/STIwAggo0rk/maxresdefault.jpg,https://chimhaha.net/qm/96411?page=9
[큐엠] 오늘의 선곡,큐엠,8205,268,01.05,38,https://img.youtube.com/vi/HUAvAYcDBos/maxresdefault.jpg,https://chimhaha.net/qm/96355?page=9
[큐엠] [NunReacts] QM 2차 예선 리액션,돌격대장복실이,379,7,01.05,5,https://img.youtube.com/vi/TDWUSEadgog/maxresdefault.jpg,https://chimhaha.net/qm/96191?page=9
[큐엠] 외힙은 떡잎부터 다르다 ,마추픽추내꼬추왕꼬추,221,1,01.05,1,https://img.youtube.com/vi/NMLr0SzFRtE/maxresdefault.jpg,https://chimhaha.net/qm/96185?page=9
[큐엠] 언에듀가 신곡을 드랍했군요,췸하하하,279,0,01.05,6,https://img.youtube.com/vi/pl7VLZisPPg/maxresdefault.jpg,https://chimhaha.net/qm/96138?page=9
[큐엠] 유독 우리나라에서 힙합이라는 장르가,대커율,634,3,01.05,28,https://search.pstatic.net/common/?src=http%3A%2F%2Fblogfiles.naver.net%2FMjAxOTA2MjhfMTEz%2FMDAxNTYxNjUzMjEzNjM4.jQhU1KsjCoA9ssCh9YyMqw0jb6RW84wHeAv-gbyc4w0g.mM3J_k7tikbGy__Iu536cD59LjgwlCbLa2uuSfvFOzMg.JPEG.daiia001%2FIMG_5930.jpg&amp;type=sc960_832,https://chimhaha.net/qm/96121?page=9
[큐엠] 은근히 힙합판 느낌이 좋은거 같을 수도 있다고 생각이 듭니다,블랙펄,245,1,01.05,8,,https://chimhaha.net/qm/96089?page=9
[큐엠] 외힙의 차별화된 유망주 육성,마추픽추내꼬추왕꼬추,136,4,01.05,0,https://img.youtube.com/vi/J1Btw-u-uWU/maxresdefault.jpg,https://chimhaha.net/qm/96021?page=9
[큐엠] 내가 아직 앨범이 없는 이유,대커율,464,4,01.05,8,https://search.pstatic.net/common/?src=http%3A%2F%2Fblogfiles.naver.net%2FMjAyMTA1MjVfOTkg%2FMDAxNjIxOTQxMjcxNzk4.EW_CC9w5oYNlxuoauWNkB1jptYB_q0zqrmlav_wcvjwg.lJ1dkwIQex3wmsgwjP8mNEE4OCu3pjDSivthChC-w1Yg.PNG.mark5000%2Fimage.png&amp;type=sc960_832,https://chimhaha.net/qm/95981?page=9
[큐엠] 최고의 Y2K 프로듀서는?,KaiManB,255,2,01.05,5,,https://chimhaha.net/qm/95918?page=9
[큐엠] 안녕하세요,밥퍼의삶,155,1,01.05,0,https://img.youtube.com/vi/lxMmTHZMXxc/maxresdefault.jpg,https://chimhaha.net/qm/95853?page=9
[큐엠] 노래 추천 부탁드립니다,골목대장이병건,106,1,01.05,2,,https://chimhaha.net/qm/95713?page=9
[큐엠] VMC가 크루로 돌아가는 군요,underwater,340,4,01.05,0,https://resources.chimhaha.net/thumb/1672882708951-5spcq93y4fs.png,https://chimhaha.net/qm/95576?page=9
[큐엠] 죽기전에 꼭 봐야하는 오디션 영상 (힙합X),최호덕,211,4,01.05,1,https://img.youtube.com/vi/Y9oZZzLr3BU/maxresdefault.jpg,https://chimhaha.net/qm/95372?page=9
[큐엠] 노래추천 하나 올리고 갑니다.,수박바메론맛,101,0,01.05,0,https://img.youtube.com/vi/WCWubSL5LeE/maxresdefault.jpg,https://chimhaha.net/qm/95327?page=10
[큐엠] [음악 추천] 나스 형님의 새벽감성 추억팔이 재즈힙합 곡,히피1,155,0,01.05,2,https://resources.chimhaha.net/thumb/1672855102281-oo8be41fee.jpg,https://chimhaha.net/qm/95324?page=10
[큐엠] 이 자치구역은 본인 소장 앨범 올리는 것이 하나의 문화인것 같더라구요?,우니동,326,4,01.05,7,https://resources.chimhaha.net/thumb/1672851462442-5odw2qdc1vj.png,https://chimhaha.net/qm/95309?page=10
[큐엠] 가장 좋아하는 국힙 리리시스트 래퍼 누가 있으신가요?,히피1,413,1,01.05,26,,https://chimhaha.net/qm/95306?page=10
[큐엠] 큐엠님 인스타 소개,밍키야가라,520,13,01.05,1,https://resources.chimhaha.net/thumb/1672849311806-dyyfgesnl5w.jpg,https://chimhaha.net/qm/95250?page=10
[큐엠] 요즘은 le보다 여기를 더 찾게되네요,와차차,464,1,01.05,13,,https://chimhaha.net/qm/95220?page=10
[큐엠] VMC를 추억하며-VMC 명반 앙케이트,KaiManB,144,2,01.05,0,,https://chimhaha.net/qm/95181?page=10
[큐엠] 이방인 앨범이 깨졌습니다,침착한캠핑장,248,1,01.04,4,,https://chimhaha.net/qm/95051?page=10
[큐엠] 유튜부 실시간 채팅 치는 법 ㅜㅜ,채우킹,280,0,01.04,7,,https://chimhaha.net/qm/94994?page=10
[큐엠] 저가요 힙합에1도 관심이 없는 사람이걸랑요?,주펄3대600기원,296,1,01.04,2,,https://chimhaha.net/qm/94773?page=10
[큐엠] (질문)중앙차선 이현준벌스 가사 큐엠님이 쓰신건가요??,hyzpnh,298,2,01.04,7,,https://chimhaha.net/qm/94570?page=10
[큐엠] 소장중인 앨범들😆(큐엠사랑해요🥰),hyzpnh,234,4,01.04,3,https://resources.chimhaha.net/thumb/1672825374366-pvs94x0nykh.jpg,https://chimhaha.net/qm/94500?page=10
[큐엠] 큐엠님 패션 궁금한게 있어요 !! ,롤모델침착맨,398,1,01.04,1,https://resources.chimhaha.net/thumb/1672824620753-j7b5gzj6yog.jpg,https://chimhaha.net/qm/94481?page=10
[큐엠] 최근 쇼미 중에서 가장 좋았던 벌스,마추픽추내꼬추왕꼬추,341,1,01.04,0,https://img.youtube.com/vi/n1mGesKLMzQ/maxresdefault.jpg,https://chimhaha.net/qm/94449?page=10
[큐엠] 노래 듣다가 궁금한게 생겼어요!,샤란타,432,0,01.04,13,,https://chimhaha.net/qm/94296?page=10
[큐엠] 노래추천할게용 (국왕님 참여),옾옾빤옾카페스타일,133,1,01.04,0,https://img.youtube.com/vi/pCP0mKeDOQg/maxresdefault.jpg,https://chimhaha.net/qm/94261?page=10
[큐엠] 나만 당할 수 없다,골목대장이병건,181,0,01.04,0,https://img.youtube.com/vi/B4q33J5M0ig/maxresdefault.jpg,https://chimhaha.net/qm/94223?page=10
[큐엠] 한국에서 힙합이라는 장르가 자생하기 참 힘든거 같네요,환경미화원,370,2,01.04,9,,https://chimhaha.net/qm/94163?page=10
[큐엠] 개인적인 QM 최애 벌스와 이모저모,빨간색이름,289,6,01.04,1,https://img.youtube.com/vi/vmNxjP_cP1o/maxresdefault.jpg,https://chimhaha.net/qm/94107?page=10
"[큐엠] 컴퍼니에서 크루 사장에서 두목님,,,,",맵찌리찌릿삑궷츢,148,1,01.04,0,,https://chimhaha.net/qm/94102?page=10
[큐엠] 큐엠님 쇼미더머니에서 처음보고,닉냉무,128,1,01.04,0,,https://chimhaha.net/qm/94099?page=11
[큐엠] 딥플로우<-이분 정규 기대중ㅎㅎ,Locomotive,391,3,01.04,6,https://resources.chimhaha.net/thumb/1672805749134-le8smd8l4o.png,https://chimhaha.net/qm/94086?page=11
[큐엠] 난 이제 사장님이 아닌 상구형,CheatCodes,205,1,01.04,0,https://img.youtube.com/vi/f9xlzcb9YTE/maxresdefault.jpg,https://chimhaha.net/qm/94060?page=11
[큐엠] 큐엠님 진짜 궁금한 게 하나 있는데요..아직 남았다는 VMC 앨범이,떤더메이커,252,1,01.04,1,,https://chimhaha.net/qm/94021?page=11
[큐엠] 한 세대가 진짜 저물어간단 느낌이에요,끼요오,262,3,01.04,1,https://resources.chimhaha.net/thumb/1672801159402-8p7i5tnk2xt.jpg,https://chimhaha.net/qm/94011?page=11
[큐엠] 함께 VMC에 대한 이야기 나눠주셔서 감사합니다,큐엠,9480,294,01.04,40,,https://chimhaha.net/qm/93938?page=11
[큐엠] qm님 가사 너무 좋아요,침냥이하악질,126,2,01.04,0,,https://chimhaha.net/qm/93820?page=11
[큐엠] 난 힙합이 아니라 VMC를 좋아했던듯하다,하남자중상남자,365,8,01.04,1,,https://chimhaha.net/qm/93714?page=11
[큐엠] 아! 즐거웠던 10년간의 달콤한 추억이여!!! (스압),블랙펄,615,14,01.04,14,https://resources.chimhaha.net/thumb/1672753559497-wkyu1hemwyg.jpg,https://chimhaha.net/qm/93664?page=11
[큐엠] Vmc를 왜 선택했냐고요?,율락뷸락,439,5,01.04,0,,https://chimhaha.net/qm/93661?page=11
[큐엠] 국힙 한 챕터의 끝을 보고 있는 미묘함,알보칠,182,3,01.04,0,,https://chimhaha.net/qm/93605?page=11
[큐엠] 큐엠대장님 진짜 진짜 궁금한거 있어요!(2월 쇼미 콘서트 일정 관련),나만악에서구하소서,421,0,01.03,6,,https://chimhaha.net/qm/93468?page=11
[큐엠] 가지말아요 vmc,율락뷸락,417,3,01.03,1,,https://chimhaha.net/qm/93458?page=11
[큐엠] 이제 딥플형 대중문화예술기획업 들을때마다,지기지기,241,3,01.03,1,,https://chimhaha.net/qm/93418?page=11
[큐엠] 먼 옛날 2007년 상구형 1집 이름이었던 Vismajor..,히피1,228,2,01.03,0,,https://chimhaha.net/qm/93346?page=11
[큐엠] vmc 레이블 해체라니 뭔가 씁쓸하네요.,안전한자식주호민,443,5,01.03,1,,https://chimhaha.net/qm/93328?page=11
[큐엠] 이제 제 추억 속 힙합은 없어졌네요,베개나라공주,404,1,01.03,2,,https://chimhaha.net/qm/93324?page=11
[큐엠] 행복했습니다..,그대나를일으켜주면,280,2,01.03,0,https://resources.chimhaha.net/thumb/1672747307813-18s06mj9w5p.jpg,https://chimhaha.net/qm/93316?page=11
[큐엠] QM 뭐해!!,래전병거뉴스,383,1,01.03,0,,https://chimhaha.net/qm/93312?page=11
[큐엠] 멍청한 질문 정말 죄송한데 레이블이 소속사 비슷한 건가요?,토끼맨,802,2,01.03,4,,https://chimhaha.net/qm/93297?page=11
[큐엠] 큐엠님의 다음 레이블은 어딜까요,배도라지황금미륵,706,4,01.03,5,,https://chimhaha.net/qm/93289?page=12
[큐엠] 상구형님의 파운더를 돌리고 싶은 날이네요.,차돌야차김종수,148,3,01.03,0,,https://chimhaha.net/qm/93251?page=12
[큐엠] 요즘도 <대중문화예술기획업> 듣는데..,마초마쵸맨,268,3,01.03,1,https://img.youtube.com/vi/6v7ahR-udTI/maxresdefault.jpg,https://chimhaha.net/qm/93249?page=12
[큐엠] ㅜㅜ 너무 놀랐잔슴,라이언고슬밥,189,1,01.03,0,,https://chimhaha.net/qm/93248?page=12
[큐엠] 일리네어도... 하이라이트도... VMC도...,의중을알고싶은김의중,500,3,01.03,1,,https://chimhaha.net/qm/93242?page=12
[큐엠] VMC가 크루로 돌아간다는 글을 보며..,다프네,491,2,01.03,1,,https://chimhaha.net/qm/93240?page=12
[큐엠] 좀충격이네요...,밤하늘주펄,217,1,01.03,0,,https://chimhaha.net/qm/93239?page=12
[큐엠] 아니 VMC가...,떤더메이커,366,1,01.03,0,https://image.fmkorea.com/files/attach/new3/20230103/2120028041/3092313846/5365855528/99b983892094b5c6d2fc3736e15da7d1.png,https://chimhaha.net/qm/93226?page=12
[큐엠] 그렇게 되었다..,콰자라자콰꿍콸라콰자,6927,119,01.03,16,https://resources.chimhaha.net/thumb/1672744254630-wkanxtts81c.jpg,https://chimhaha.net/qm/93225?page=12
[큐엠] 아니 진짜 아니라고 해줘요,비짝대기프리,215,0,01.03,0,,https://chimhaha.net/qm/93223?page=12
[큐엠] 헐 이게뭔일이고,무릉영릉장사계양구,405,1,01.03,0,https://resources.chimhaha.net/thumb/1672744101672-1it2pajracz.png,https://chimhaha.net/qm/93222?page=12
[큐엠] VMC가 다시 크루로...,차돌야차김종수,238,2,01.03,0,,https://chimhaha.net/qm/93217?page=12
[큐엠] 아니 이게 무슨일이야 VMC,담원기아,656,6,01.03,3,,https://chimhaha.net/qm/93215?page=12
[큐엠] 국힙 노래 추천좀 해주실분 있나요,와차차,136,0,01.03,5,,https://chimhaha.net/qm/93176?page=12
[큐엠] 영상 하나 추천드립니다,수염을싹다밀어버린침착맨,124,0,01.03,2,https://img.youtube.com/vi/yL8pQOKWlwc/maxresdefault.jpg,https://chimhaha.net/qm/93087?page=12
[큐엠] 올해 첫 cd,66도발,99,2,01.03,1,https://resources.chimhaha.net/thumb/1672737749063-c7op6gzxf6u.jpg,https://chimhaha.net/qm/93053?page=12
[큐엠] 랩이란 무엇인가 (feat. MIT),마추픽추내꼬추왕꼬추,240,2,01.03,3,https://img.youtube.com/vi/zBHRsYhYb-o/maxresdefault.jpg,https://chimhaha.net/qm/93041?page=12
[큐엠] 늦었지만 올해 첫 곡으로 들었던..,Ging,109,0,01.03,2,https://resources.chimhaha.net/thumb/1672732885481-8d463152gw7.jpg,https://chimhaha.net/qm/92949?page=12
[큐엠] 두앨범중에 뭐를 더 좋아하시나요?,대커율,274,0,01.03,10,https://img.youtube.com/vi/WjQKF1eD2Zs/maxresdefault.jpg,https://chimhaha.net/qm/92853?page=12
[큐엠] 저지클럽 설명회,KanyeWest,339,5,01.03,1,https://img.youtube.com/vi/zJNHAVlxAg0/maxresdefault.jpg,https://chimhaha.net/qm/92736?page=12
[큐엠] 한겨울 핫초코 미떼,큐엠,10896,240,01.03,45,https://resources.chimhaha.net/thumb/1672721467212-4m4s5hhapxa.jpg,https://chimhaha.net/qm/92695?page=13
"[큐엠] 언제 들어도 좋은 명반 추천드립니다,,,,",맵찌리찌릿삑궷츢,203,4,01.03,2,https://resources.chimhaha.net/thumb/1672717896515-1w2hc2tptyq.jpg,https://chimhaha.net/qm/92604?page=13
[큐엠] 뒤늦은 새해 첫곡,에드몽,152,1,01.03,2,https://img.youtube.com/vi/SzyB2xBqkps/maxresdefault.jpg,https://chimhaha.net/qm/92497?page=13
[큐엠] 내가좋아하는,대커율,118,1,01.03,0,https://img.youtube.com/vi/WjQKF1eD2Zs/maxresdefault.jpg,https://chimhaha.net/qm/92409?page=13
[큐엠] 새해첫곡은,침착한캠핑장,115,0,01.03,0,,https://chimhaha.net/qm/92202?page=13
[큐엠] 국힙원탑 뉴진스와 침착맨 유니버스 TMI,히피1,9518,269,01.03,25,https://resources.chimhaha.net/thumb/1672681870205-lq7do8o3bxl.jpg,https://chimhaha.net/qm/92152?page=13
[큐엠] 새해첫곡이라면,KaiManB,106,0,01.03,0,https://img.youtube.com/vi/gmbyeMIlJG4/maxresdefault.jpg,https://chimhaha.net/qm/92143?page=13
[큐엠] 새해 첫곡(힙합),극지사냥꾼워웍,205,3,01.03,2,https://resources.chimhaha.net/thumb/1672677929172-ximkvbauoof.jpg,https://chimhaha.net/qm/92105?page=13
[큐엠] 힙합민수님 국왕즉위 축하드립니다.,다람쥐와왈라비,410,5,01.03,1,,https://chimhaha.net/qm/92067?page=13
[큐엠] 뉴우진스 방송 기념 새해 첫곡 x x x - language,블랙펄,316,6,01.02,2,https://img.youtube.com/vi/GdC2-fZ8N1U/maxresdefault.jpg,https://chimhaha.net/qm/91908?page=13
[큐엠] 들어주세요? 저희 동아리 공연영상 놓고 갑니다?,던밀쓰,215,2,01.02,1,https://img.youtube.com/vi/FS3HBWondd8/maxresdefault.jpg,https://chimhaha.net/qm/91882?page=13
[큐엠] 새해 첫 곡,삼육맨,101,1,01.02,0,https://img.youtube.com/vi/vJL0KjrK5BA/maxresdefault.jpg,https://chimhaha.net/qm/91774?page=13
[큐엠] 온세상이 침착맨,암욜맨,9505,122,01.02,18,https://resources.chimhaha.net/thumb/1672666686868-h1qfaq3oj5.jpg,https://chimhaha.net/qm/91735?page=13
[큐엠] 누진세의 습격에 시끌한 지금 나의 새해 첫곡은,관침공자,191,0,01.02,1,,https://chimhaha.net/qm/90164?page=13
[큐엠] 뉴진스 나오는데 국왕들 중 둘있는 가수로써 소감한마디 부탁합니다.,이말이,332,2,01.02,3,,https://chimhaha.net/qm/90163?page=13
[큐엠] 스트레스 풀리는 음악 추천합니다,굳이왜,82,0,01.02,0,https://img.youtube.com/vi/qqK1FrO3BdM/maxresdefault.jpg,https://chimhaha.net/qm/89918?page=13
[큐엠] 저도 곡추천 하나 하겠습니다!,와차차,116,2,01.02,2,https://img.youtube.com/vi/UV7O4IrHesk/maxresdefault.jpg,https://chimhaha.net/qm/89869?page=13
[큐엠] 올해 첫곡으로 들은 것,즐겁다,73,0,01.02,0,https://img.youtube.com/vi/z2kqGsEjHU0/maxresdefault.jpg,https://chimhaha.net/qm/89852?page=13
[큐엠] 새해 첫곡 필즈 추천합니다 기분좋아지는 노래입니다요,아름다운이땅에금수강산단군,66,0,01.02,0,https://img.youtube.com/vi/ozv4q2ov3Mk/maxresdefault.jpg,https://chimhaha.net/qm/89650?page=13
[큐엠] 저도 새해 첫 곡입니다,마음의고향순천,163,1,01.02,1,https://img.youtube.com/vi/UEeqeX-qd44/maxresdefault.jpg,https://chimhaha.net/qm/89645?page=13
[큐엠] 새해 첫곡 이센스 - 비행,이병건사랑해잉,172,2,01.02,3,https://img.youtube.com/vi/-gZlOkTAU08/maxresdefault.jpg,https://chimhaha.net/qm/89635?page=14
[큐엠] 개인적인 2022 가장 자주 찾았던 앨범 3선,마음의고향순천,156,2,01.02,2,https://img.youtube.com/vi/SOdbgUKx-s8/maxresdefault.jpg,https://chimhaha.net/qm/89616?page=14
"[큐엠] 저에 세해 첫 곡은 말이죠,,,",멋도리,132,1,01.02,2,https://img.youtube.com/vi/fccZOgSEH6Y/maxresdefault.jpg,https://chimhaha.net/qm/89558?page=14
[큐엠] 재밌는 사이트 발견,바하마서봐,304,1,01.02,2,https://resources.chimhaha.net/thumb/1672649613094-5hf1qcpciyq.png,https://chimhaha.net/qm/89557?page=14
[큐엠] 현직 DJ의 새해 첫 곡,하우스뮤직시커,153,6,01.02,2,https://img.youtube.com/vi/Q22MCFC0CP0/maxresdefault.jpg,https://chimhaha.net/qm/89531?page=14
[큐엠] 새해 첫 시작곡 Start me up!,갈까말까,52,2,01.02,2,https://img.youtube.com/vi/Nqp2stVMVjM/maxresdefault.jpg,https://chimhaha.net/qm/89518?page=14
"[큐엠] 새해 노래: 콜렉티브아츠, 민수 - 춤",안녕닉네임이에요,62,1,01.02,0,https://img.youtube.com/vi/Kjnhj1j_xqk/maxresdefault.jpg,https://chimhaha.net/qm/89498?page=14
[큐엠] 뒤늦은 음반장 인증,이왕건나웃겨,266,5,01.02,9,https://resources.chimhaha.net/thumb/1672646503055-6okh4vwyaqv.jpg,https://chimhaha.net/qm/89493?page=14
[큐엠] 새해 첫 곡 Beach House - Master of None,러버소울,50,1,01.02,0,https://img.youtube.com/vi/s2YiUTh9dj4/maxresdefault.jpg,https://chimhaha.net/qm/89490?page=14
[큐엠] 새해 첫 곡,A$AP침착맨,55,1,01.02,1,https://img.youtube.com/vi/vk6014HuxcE/maxresdefault.jpg,https://chimhaha.net/qm/89482?page=14
[큐엠] 새해 시작곡_out of time,야생의숨결,78,4,01.02,2,https://img.youtube.com/vi/2fDzCWNS3ig/maxresdefault.jpg,https://chimhaha.net/qm/89479?page=14
[큐엠] 새해 시작곡,ESENSofficial,83,2,01.02,2,https://img.youtube.com/vi/lz6BscHDhNY/maxresdefault.jpg,https://chimhaha.net/qm/89467?page=14
[큐엠] 새해 시작 곡 _오이디푸스,호떡이마,83,2,01.02,3,https://img.youtube.com/vi/d1Y_aMIyk8s/maxresdefault.jpg,https://chimhaha.net/qm/89458?page=14
[큐엠] 제가 좋아하는 외힙곡,하락장,111,2,01.02,2,https://img.youtube.com/vi/wgVjL3l2Mp8/maxresdefault.jpg,https://chimhaha.net/qm/89442?page=14
[큐엠] 저한텐 요것도 힙합입니다요?,줘팸1000재,118,1,01.02,0,https://img.youtube.com/vi/F6_zbnfxoBA/maxresdefault.jpg,https://chimhaha.net/qm/89421?page=14
[큐엠] 새해 시작곡 Never Give You Up - Raphael Saadiq ,말년리,47,0,01.02,1,https://img.youtube.com/vi/md3AptDrmcY/maxresdefault.jpg,https://chimhaha.net/qm/89419?page=14
[큐엠] 새해를 행복하게 보내고 싶어서 들은 노래,발바닥,56,0,01.02,0,https://img.youtube.com/vi/ZbZSe6N_BXs/maxresdefault.jpg,https://chimhaha.net/qm/89415?page=14
[큐엠] 새해 되자마자 들었던 두 곡,세담이,104,1,01.02,3,https://img.youtube.com/vi/Ka4BxFizU7I/maxresdefault.jpg,https://chimhaha.net/qm/89402?page=14
[큐엠] 새해 음악 추천은,뉴Chim스,173,5,01.02,8,https://img.youtube.com/vi/xiVY_yPgvMs/maxresdefault.jpg,https://chimhaha.net/qm/89398?page=14
[큐엠] 의연한 악수,일병건,114,3,01.02,3,https://img.youtube.com/vi/-sIiuSlfx5A/maxresdefault.jpg,https://chimhaha.net/qm/89395?page=14
[큐엠] 돈숨 이행시,대커율,108,0,01.02,1,,https://chimhaha.net/qm/89391?page=15
[큐엠] 새해 시작곡,세후닌,64,2,01.02,0,https://resources.chimhaha.net/thumb/1672642646151-bmygzutu0o.jpg,https://chimhaha.net/qm/89384?page=15
[큐엠] 새해 시작 Que sera sera!!,아빠가힘쎄면부가세,62,2,01.02,1,https://img.youtube.com/vi/QtBvo8qC1dw/maxresdefault.jpg,https://chimhaha.net/qm/89380?page=15
[큐엠] 새해 첫 곡,배도라지FC,68,2,01.02,1,https://img.youtube.com/vi/NLnfFz1EM2k/maxresdefault.jpg,https://chimhaha.net/qm/89366?page=15
[큐엠] 내가 젤 좋아하는 노래,단군,7428,145,01.02,25,https://img.youtube.com/vi/3OYojGxshoI/maxresdefault.jpg,https://chimhaha.net/qm/89355?page=15
[큐엠] 새해 시작은 역시 최애곡이죠,맵찌리찌릿삑궷츢,82,2,01.02,0,https://img.youtube.com/vi/YevPKsDsaZk/maxresdefault.jpg,https://chimhaha.net/qm/89344?page=15
[큐엠] 여기가 음악 추천하는 곳?,MrWhite,132,0,01.02,3,https://img.youtube.com/vi/SPlQpGeTbIE/maxresdefault.jpg,https://chimhaha.net/qm/89330?page=15
[큐엠] 새해 시작곡,찌짠맹,80,1,01.02,0,https://resources.chimhaha.net/thumb/1672640222484-jt3827v0pu.jpg,https://chimhaha.net/qm/89322?page=15
[큐엠] 새해 시작곡,글쟁이,52,1,01.02,0,https://resources.chimhaha.net/thumb/1672640517266-advejoayvjn.png,https://chimhaha.net/qm/89321?page=15
[큐엠] The first song of the new year,킬리언머피,46,1,01.02,0,https://img.youtube.com/vi/8fCfMCozRhA/maxresdefault.jpg,https://chimhaha.net/qm/89320?page=15
[큐엠] 새 해 첫 곡은 아니지만,🧆검은콩🧆,76,2,01.02,0,https://img.youtube.com/vi/lsYnppIKSmM/maxresdefault.jpg,https://chimhaha.net/qm/89317?page=15
[큐엠] 새해 첫 곡,뻬라리로쉐,74,0,01.02,1,https://resources.chimhaha.net/thumb/1672639232477-pax985we0de.jpg,https://chimhaha.net/qm/89292?page=15
[큐엠] 새해시작둠칫곡,공실이,54,0,01.02,0,https://img.youtube.com/vi/LLReNBGmrtE/maxresdefault.jpg,https://chimhaha.net/qm/89279?page=15
[큐엠] 새해 시작곡,무례맨,68,1,01.02,0,https://resources.chimhaha.net/thumb/1672638366893-7rj8h1xrk2h.png,https://chimhaha.net/qm/89269?page=15
[큐엠] 새 해 첫 앨범,artoy,72,3,01.02,0,https://resources.chimhaha.net/thumb/1672638228264-syqbfi0b2xf.png,https://chimhaha.net/qm/89264?page=15
[큐엠] 새해 시작곡) Tatsuro Yamashita 山下達郎 - Jody,안동탁,53,1,01.02,0,https://img.youtube.com/vi/wGVxSuTgdO8/maxresdefault.jpg,https://chimhaha.net/qm/89261?page=15
[큐엠] 새해 첫곡,생살살,64,0,01.02,0,https://resources.chimhaha.net/thumb/1672637942199-bv1kjj5m02t.jpg,https://chimhaha.net/qm/89255?page=15
[큐엠] 새해 시작곡,주펄,6912,186,01.02,23,https://img.youtube.com/vi/9vuLyWON2kw/maxresdefault.jpg,https://chimhaha.net/qm/89249?page=15
[큐엠] 새해 시작곡은 당연히 공일오비죠?,삑궯츢,74,1,01.02,2,,https://chimhaha.net/qm/89247?page=15
[큐엠] 큐엠 was듣고 내 인생이 달라졌다,가리온,100,3,01.02,0,https://resources.chimhaha.net/thumb/1672637862878-qfvakqxt4nm.jpg,https://chimhaha.net/qm/89246?page=15
[큐엠] 새해 시작곡,바하마서봐,44,2,01.02,0,,https://chimhaha.net/qm/89240?page=16
[큐엠] 새해 시작곡,Twilight,48,1,01.02,0,https://img.youtube.com/vi/5a-tqIQc8RM/maxresdefault.jpg,https://chimhaha.net/qm/89239?page=16
[큐엠] 올해 스타트는 요즘 제일 힙한 걸로,암욜맨,142,1,01.02,0,https://img.youtube.com/vi/YD1UblIUEe4/maxresdefault.jpg,https://chimhaha.net/qm/89234?page=16
"[큐엠] 제가 들은 새해 첫 곡은 이소라, 사랑이 아니라 말하지 말아요",어서오란다,135,1,01.02,6,https://resources.chimhaha.net/thumb/1672635276961-rx2zcgup6eb.jpg,https://chimhaha.net/qm/89217?page=16
[큐엠] 힙합 3년차 뉴비의 탑스터,대가리가순간빠드득깨진사람,158,3,01.02,2,https://resources.chimhaha.net/thumb/1672637091895-3cj3n5ffjtq.jpg,https://chimhaha.net/qm/89210?page=16
[큐엠] QM님 혹시 이거 힙합인가요?,Chany,399,2,01.02,5,,https://chimhaha.net/qm/89197?page=16
[큐엠] 내 새해 첫 곡은..!!,격앙된목소리로,53,0,01.02,0,https://img.youtube.com/vi/V7ofXxXjCAA/maxresdefault.jpg,https://chimhaha.net/qm/89186?page=16
[큐엠] 올해 새해곡은 라마형 얼라잇이네여,이밀년,74,0,01.02,3,https://img.youtube.com/vi/Z-48u_uWMHY/maxresdefault.jpg,https://chimhaha.net/qm/89185?page=16
[큐엠] 출발부스터 마냥 전투적으로 시작하는 마음의 새해 스타트 곡!,OGEN,67,3,01.02,2,https://img.youtube.com/vi/C5f18AsYv-0/maxresdefault.jpg,https://chimhaha.net/qm/89131?page=16
[큐엠] 프레디카소는 프로듀서계 프랜시스 포드 코폴라 감독이 아닐까?,떤더메이커,94,4,01.02,0,https://thumb.mtstarnews.com/06/2022/12/2022122310092120457_3.jpg/dims/optimize,https://chimhaha.net/qm/89130?page=16
[큐엠] 2023 월요일 작업하면서 듣는 첫 노동요,이병건머리카락뺏는이택기,60,2,01.02,0,https://img.youtube.com/vi/PO_FmfvWmhc/maxresdefault.jpg,https://chimhaha.net/qm/89125?page=16
[큐엠] 새해 시작곡.,루차질라,125,2,01.02,2,https://resources.chimhaha.net/thumb/1672634401570-g53w9iobl4d.jpg,https://chimhaha.net/qm/89124?page=16
[큐엠] 대장님의 진화과정...,Locomotive,128,2,01.02,0,https://resources.chimhaha.net/thumb/1672634002030-2n3mv98tskb.jpg,https://chimhaha.net/qm/89111?page=16
[큐엠] 올해 첫 노래로 추천합니다,침하와와,57,1,01.02,0,https://img.youtube.com/vi/QFhP6CI8_jE/maxresdefault.jpg,https://chimhaha.net/qm/89104?page=16
[큐엠] 새해 첫곡은~ ,코코삼촌,85,3,01.02,1,https://img.youtube.com/vi/0AdcAxLtCvU/maxresdefault.jpg,https://chimhaha.net/qm/89102?page=16
[큐엠] 새해 시작곡) 뿡야뿡야 왕바우 오프닝,아이언맨배트맨슈퍼맨침착맨,76,1,01.02,2,,https://chimhaha.net/qm/89094?page=16
[큐엠] 새해에는 이 곡으로 시작합니다?,케이팝전사,84,3,01.02,2,https://img.youtube.com/vi/H1W2UddURXI/maxresdefault.jpg,https://chimhaha.net/qm/89089?page=16
[큐엠] VMC가 명반이 굉장히 많습니다?,Locomotive,232,1,01.02,6,,https://chimhaha.net/qm/89072?page=16
"[큐엠] 새해 시작곡)블라세, Chillin Homie-jet lag",Locomotive,83,1,01.02,1,,https://chimhaha.net/qm/89051?page=16
[큐엠] 최애 앨범 중 하나,비짝대기프리,148,2,01.02,5,https://img.youtube.com/vi/KOQvmtBBgOs/maxresdefault.jpg,https://chimhaha.net/qm/89032?page=16
[큐엠] 제가 10년째 듣는 새해 첫 곡,구쭈사,119,1,01.02,0,https://img.youtube.com/vi/6mQGlyZ1VbI/maxresdefault.jpg,https://chimhaha.net/qm/89012?page=17
[큐엠] 각자 새해 시작 곡 업로드 해봅시다,큐엠,5914,129,01.02,68,https://resources.chimhaha.net/thumb/1672630096666-8s46wgh84q.jpg,https://chimhaha.net/qm/89005?page=17
[큐엠] 소개글로 음악가 누군지 맞춰보실분,금종범,93,1,01.02,2,,https://chimhaha.net/qm/89000?page=17
[큐엠] 기지국 여러분의 도움이 필요합니다.,킹케이크,173,2,01.02,3,https://resources.chimhaha.net/thumb/1672628594233-xqj4zbjr4gn.png,https://chimhaha.net/qm/88986?page=17
[큐엠] 큐엠형 사랑해요,사자돼지,158,3,01.02,4,,https://chimhaha.net/qm/88954?page=17
[큐엠] 큐엠님 침튜브 언제쯤나올까,mck,220,5,01.02,0,,https://chimhaha.net/qm/88814?page=17
[큐엠] 큐엠님 새해복많이받으세요!,공실이,324,5,01.02,2,https://resources.chimhaha.net/thumb/1672603897654-6n3n8abohxm.jpg,https://chimhaha.net/qm/88800?page=17
[큐엠] 여러분들의 찐 인생곡 끄적이고 가주셔요,할건해야지,470,6,01.02,42,,https://chimhaha.net/qm/88674?page=17
[큐엠] 번역중손실 펀딩,침착한캠핑장,206,3,01.02,4,https://resources.chimhaha.net/thumb/1672586669084-o7xdfbaxg5.webp,https://chimhaha.net/qm/88667?page=17
[큐엠] 지디 신보 준비 중,에반게리온스포감상회기원,314,2,01.01,1,https://resources.chimhaha.net/thumb/1672580235298-p75nwflyhlk.png,https://chimhaha.net/qm/88553?page=17
[큐엠] 내가 만들어 본 큐엠님 뮤비,최호덕,206,7,01.01,1,https://img.youtube.com/vi/DJ4dxcjEdAY/maxresdefault.jpg,https://chimhaha.net/qm/88519?page=17
[큐엠] 아까 스피커 추천글을 보았습니다,풀밟기18cm,198,1,01.01,4,https://resources.chimhaha.net/thumb/1672577007727-2ixieaq23wa.jpg,https://chimhaha.net/qm/88499?page=17
[큐엠] 침착맨 방송에,기안의불전함,376,0,01.01,1,,https://chimhaha.net/qm/88495?page=17
[큐엠] 프더비3 진짜 ㅋㅋㅋㅋㅋㅋㅋㅋㅋㅋㅋㅋ,블랙펄,235,2,01.01,2,https://resources.chimhaha.net/thumb/1672576541877-397r253tcl.png,https://chimhaha.net/qm/88488?page=17
[큐엠] 머야 ㅋㅋㅋㅋㅋㅋㅋㅋㅋ라됴듣고 왔는대 ,우리의모험은지금부터입니다,167,2,01.01,0,,https://chimhaha.net/qm/88485?page=17
[큐엠] 아티스트 추천 - Still Woozy,침펄풍과배도라지,73,1,01.01,0,https://img.youtube.com/vi/6Jye54M6wpg/maxresdefault.jpg,https://chimhaha.net/qm/88399?page=17
[큐엠] 노래 찾아주세요~,구쭈사고싶다,159,2,01.01,2,,https://chimhaha.net/qm/88343?page=17
[큐엠] 미천한 앨범 자랑 해봅니다,세후닌,261,7,01.01,2,https://resources.chimhaha.net/thumb/1672565875299-skn8pxrx0j.jpg,https://chimhaha.net/qm/88303?page=17
[큐엠] 와 저 레슨 받으러 가는 곳이 vmc 바로 근처 건물인데,알앤비쟁이,244,1,01.01,0,,https://chimhaha.net/qm/88271?page=17
[큐엠] Qm자치령이라니 엉엉,55도발러,336,1,01.01,0,,https://chimhaha.net/qm/88232?page=17
[큐엠] 큐엠님 인스스에 올라왔던 방장님 샤라웃 영상 비하인드,꼬불이,544,7,01.01,3,,https://chimhaha.net/qm/88231?page=18
[큐엠] 올해 좋았던 외힙(외국힙합이라는뜻ㅎ) 추천합니다 (고봉밥주의),공포를이겨내,186,2,01.01,4,https://img.youtube.com/vi/fOO1mWLGhh8/maxresdefault.jpg,https://chimhaha.net/qm/88190?page=18
[큐엠] 덕력 인증함니다,풀밟기18cm,224,2,01.01,0,https://resources.chimhaha.net/thumb/1672559253392-4w1uwkhrds4.jpg,https://chimhaha.net/qm/88179?page=18
[큐엠] 재즈 힙합 라이브 영상 추천해봅니다,a843r1,97,4,01.01,1,https://img.youtube.com/vi/DqPls3tfI5c/maxresdefault.jpg,https://chimhaha.net/qm/88151?page=18
[큐엠] 새해 첫 노래로,율락뷸락,142,2,01.01,2,,https://chimhaha.net/qm/88081?page=18
[큐엠] 저스디스 LIT,segmvm,511,1,01.01,4,,https://chimhaha.net/qm/88073?page=18
[큐엠] 새해를 여는 추천곡,큐엠,9074,298,01.01,52,https://img.youtube.com/vi/jGVTlBu6vJM/maxresdefault.jpg,https://chimhaha.net/qm/88068?page=18
[큐엠] 와 진짜 생겼네,이게아이디인가,393,0,01.01,1,,https://chimhaha.net/qm/88047?page=18
[큐엠] 재즈 힙합? 같은 곡들은 어디서 많이 들을 수 있나요?,랩틸리언,293,2,01.01,12,,https://chimhaha.net/qm/88044?page=18
[큐엠] 감사합니다.,팍스몽골리카,94,2,01.01,0,,https://chimhaha.net/qm/87988?page=18
[큐엠] ㅎ2 물음표전진기지를 위해 방금 가입했어요,비짝대기프리,229,7,01.01,2,https://resources.chimhaha.net/thumb/1672543040999-d2cbwcocybc.jpg,https://chimhaha.net/qm/87940?page=18
[큐엠] 전진기지 자치국 국민 여러분은 음악 들을때 어떤 플랫폼 쓰시나요,화나틱,326,2,01.01,12,https://resources.chimhaha.net/thumb/1672538632054-50p4kz626l.jpg,https://chimhaha.net/qm/87879?page=18
[큐엠] 밤하늘에서 여명이 보일때 노래추천 ,아차차돌짬뽕,101,0,01.01,0,https://img.youtube.com/vi/6-BWWKcQ9Uo/maxresdefault.jpg,https://chimhaha.net/qm/87750?page=18
[큐엠] 음악 스피커 잘 아시는분 계신가요??,나자나,273,2,01.01,10,,https://chimhaha.net/qm/87711?page=18
[큐엠] 물음표 전진기지가 생겨 너무 기쁘네요,해볼라고,163,2,01.01,0,https://img.youtube.com/vi/SUXXaw3bUJA/maxresdefault.jpg,https://chimhaha.net/qm/87710?page=18
[큐엠] 신보 너무 좋네요,SpikeSpiegel,149,2,01.01,1,,https://chimhaha.net/qm/87604?page=18
[큐엠] 신년특집 연말감성 힙합 2곡 추천,gemumeito,121,0,01.01,0,https://img.youtube.com/vi/fLMA4tAh_N4/maxresdefault.jpg,https://chimhaha.net/qm/87453?page=18
[큐엠] qm님 노래올려주는거 다 너무 좋잖슴,갓착맨,209,1,12.31,2,,https://chimhaha.net/qm/87307?page=18
[큐엠] 전진기지 생겼다고 해서 자랑 하나 해보겠습니다.,안산물주먹,220,4,12.31,1,https://resources.chimhaha.net/thumb/1672497817896-ffuwg0ravsn.jpg,https://chimhaha.net/qm/87303?page=18
[큐엠] 자동차 경고음에 랩하는 릴 우지 버트,여름이었다,165,1,12.31,1,https://img.youtube.com/vi/-9GJMOk-Z4I/maxresdefault.jpg,https://chimhaha.net/qm/87235?page=18
[큐엠] 마지막 날 첫 글,블랙아시안,70,1,12.31,0,,https://chimhaha.net/qm/87206?page=19
[큐엠] 올해를 마무리하는 기념으로 올해 국힙에서 가장 인상깊었던 마지막 트랙...,환경미화원,127,3,12.31,2,https://img.youtube.com/vi/7edwKkD-Dh4/maxresdefault.jpg,https://chimhaha.net/qm/87203?page=19
[큐엠] 오늘 같은 연말에 듣기 좋은 앨범 추천드립니다,KanyeWest,168,3,12.31,4,https://img.youtube.com/vi/idUtBmSlEXA/maxresdefault.jpg,https://chimhaha.net/qm/87092?page=19
[큐엠] 첫 글이네요,으수수,120,5,12.31,0,,https://chimhaha.net/qm/87086?page=19
[큐엠] qm 신보미쳤다,apt,294,6,12.31,1,,https://chimhaha.net/qm/87014?page=19
[큐엠] 올해 은근 많이 들은 앨범 두장,부천시,258,3,12.31,5,https://resources.chimhaha.net/thumb/1672487421694-csfflglr924.jpg,https://chimhaha.net/qm/86993?page=19
[큐엠] QM 님한테 항상 궁금했던게 있습니다,환경미화원,546,4,12.31,3,,https://chimhaha.net/qm/86968?page=19
[큐엠] 저도 CD올려봅니다!!!,케이팝전사,255,4,12.31,7,https://resources.chimhaha.net/thumb/1672481063770-8s58f71xpjs.jpg,https://chimhaha.net/qm/86850?page=19
[큐엠] 2022를 마무리하는곡,큐엠,9739,323,12.31,42,https://img.youtube.com/vi/rDzwhTaO9cc/maxresdefault.jpg,https://chimhaha.net/qm/86847?page=19
[큐엠] 개인적인 2022 탑스터를~,미식축구팬,198,3,12.31,4,https://resources.chimhaha.net/thumb/1672479505681-hrtny4gka4g.png,https://chimhaha.net/qm/86817?page=19
[큐엠] 연말에 어울리는 추천곡,맵찌리찌릿삑궷츢,96,0,12.31,0,https://img.youtube.com/vi/CnQK6RjsOHw/maxresdefault.jpg,https://chimhaha.net/qm/86816?page=19
[큐엠] 대장님 좀 미친것 같음,찐재식,339,5,12.31,1,https://resources.chimhaha.net/thumb/1672478453659-2lvnl45q9am.jpg,https://chimhaha.net/qm/86811?page=19
[큐엠] 항상 쇼미 끝날 때쯤 찾게 되는 노래,여름이었다,270,5,12.31,2,https://resources.chimhaha.net/thumb/1672478123230-z349vfoxgc.jpg,https://chimhaha.net/qm/86798?page=19
[큐엠] 하꼬cd장 올려봅니다....,블랙펄,225,4,12.31,4,https://resources.chimhaha.net/thumb/1672476641787-vviivhxxz5.jpg,https://chimhaha.net/qm/86760?page=19
[큐엠] 안녕하세요 저는 7년차 바나충입니다ㅎㅎ,임다섯모,381,7,12.31,13,https://resources.chimhaha.net/thumb/1672475291469-med8bisg8p.jpg,https://chimhaha.net/qm/86736?page=19
[큐엠] 연말기념 힙합 2곡 추천,gemumeito,112,1,12.31,0,https://img.youtube.com/vi/x6NLCT7lSgI/maxresdefault.jpg,https://chimhaha.net/qm/86687?page=19
[큐엠] 갈로아님 환영합니당~,비타민DDDI,362,6,12.31,2,,https://chimhaha.net/qm/86646?page=19
"[큐엠] CD LP 올리기 챌린지,",병건카운터광명의조커이지우,281,7,12.31,7,https://resources.chimhaha.net/thumb/1672468341929-4llfbifxwn7.jpg,https://chimhaha.net/qm/86604?page=19
[큐엠] 큐엠님 질문이요,바하마서봐,275,1,12.31,1,,https://chimhaha.net/qm/86591?page=19
[큐엠] 토비 루,락킹왕락킹,78,0,12.31,0,https://img.youtube.com/vi/ckAgAc8paKo/maxresdefault.jpg,https://chimhaha.net/qm/86590?page=19
[큐엠] 개인적 2022 탑스터,미악새,219,6,12.31,4,https://resources.chimhaha.net/thumb/1672467531706-0a6pzu4xxsv.jpg,https://chimhaha.net/qm/86578?page=20
[큐엠] 음악 추천,jj12,107,3,12.31,1,,https://chimhaha.net/qm/86556?page=20
[큐엠] 큐엠 국왕님 개쩌는 라이브,쭈보카도,281,6,12.31,3,https://img.youtube.com/vi/Kd-LKZQb_d8/maxresdefault.jpg,https://chimhaha.net/qm/86551?page=20
[큐엠] 힙잘알님들 이런 비슷한 노래를 뭐라고 할까요,백수유망주,296,2,12.31,4,https://img.youtube.com/vi/hFgBQVDQCDI/maxresdefault.jpg,https://chimhaha.net/qm/86509?page=20
[큐엠] 큐엠님의 덕력 자극하는 물건이다 이마이야르,옾침어스쭈라임,348,2,12.31,4,https://resources.chimhaha.net/thumb/1672461978379-829mas84dk5.jpg,https://chimhaha.net/qm/86501?page=20
"[큐엠] CD장 저도 올려봄니다,,,",균하하하,418,13,12.31,22,https://resources.chimhaha.net/thumb/1672461112274-gqfmwviuosa.jpg,https://chimhaha.net/qm/86497?page=20
[큐엠] 재작년 자취시작하면서 모은 앨범들입니다?,와차차,240,4,12.31,8,https://resources.chimhaha.net/thumb/1672460438659-3igdbnusbum.jpg,https://chimhaha.net/qm/86463?page=20
[큐엠] 딥플로우님 환영합니다 ㅎㅎ,떤더메이커,404,5,12.31,1,https://resources.chimhaha.net/thumb/1672460235880-60kxul3zwlk.png,https://chimhaha.net/qm/86461?page=20
[큐엠] 급식 시절 들엇던 힙합 앨범들 ,이병건머리카락뺏는이택기,173,6,12.31,0,https://i.discogs.com/rs9E1jUVF3DH0pNlnxMaFnZhxEI_aYKlNQEf6Mzw7cI/rs:fit/g:sm/q:90/h:600/w:600/czM6Ly9kaXNjb2dz/LWRhdGFiYXNlLWlt/YWdlcy9SLTMzMDEx/My0xNDk0NzU5MTg2/LTU4MzUuanBlZw.jpeg,https://chimhaha.net/qm/86443?page=20
[큐엠] 큐대장님께 질문?ㄴㄴ 응원,구쭈사,425,3,12.31,5,https://resources.chimhaha.net/thumb/1672458660882-w8s7xn20x2.jpg,https://chimhaha.net/qm/86437?page=20
[큐엠] 디스전에서 멘탈잡기가 궁금합니다?,나랑같이걸을래,461,7,12.31,12,,https://chimhaha.net/qm/86425?page=20
[큐엠] 대장님의 대장님 앨범 도착 ㄷㄷ,66도발,349,5,12.31,3,https://resources.chimhaha.net/thumb/1672456942334-0oqkalycd6f.jpg,https://chimhaha.net/qm/86408?page=20
[큐엠] 횐님들 지금 겨울 시즌에 맞는 힙한 노래가 뭐가 있을까요 ?,별수호자침착맨,441,1,12.31,28,,https://chimhaha.net/qm/86374?page=20
[큐엠] 약속의 장소,알보칠,352,5,12.31,6,https://img.youtube.com/vi/fH48hs642XM/maxresdefault.jpg,https://chimhaha.net/qm/86352?page=20
[큐엠] 요즘은 이런 노래가 좋더라구요,치마마야,147,0,12.31,1,https://resources.chimhaha.net/thumb/1672451112829-9th5kyq8b2g.png,https://chimhaha.net/qm/86327?page=20
"[큐엠] 들어주세요? 한 4,5년 전에 취미로 해봤습니다?",윤흐름,246,4,12.31,1,https://img.youtube.com/vi/8ZXBSXUm6BU/maxresdefault.jpg,https://chimhaha.net/qm/86278?page=20
[큐엠] 큐엠님이 참여하신 곡 중에 좋아하는 곡,레이알렌,182,1,12.31,0,https://img.youtube.com/vi/o9D8Xb6GhP4/maxresdefault.jpg,https://chimhaha.net/qm/86258?page=20
[큐엠] 물음표전진기지 방가우잉,쭈우으펄,91,1,12.31,0,,https://chimhaha.net/qm/86244?page=20
[큐엠] 힙알못이 추천하는 올해의 앨범 하나,염민이,422,3,12.31,6,https://resources.chimhaha.net/thumb/1672443467677-em2oy79wb0p.jpg,https://chimhaha.net/qm/86242?page=20
[큐엠] 큐엠님은 생전 히오스 방제가 뭐였나요??,띠용쓰,369,1,12.31,2,https://resources.chimhaha.net/thumb/1672441601422-1en0xkf4dh4.png,https://chimhaha.net/qm/86226?page=20
[큐엠] 차붐형님 앨범(오리지널) 첨들어보는데 되게 좋네요,인간버니팜하니,237,3,12.31,3,,https://chimhaha.net/qm/86219?page=21
[큐엠] 여기 힙합 게시판처럼 써도 돼여?,허리조심,724,4,12.31,3,https://resources.chimhaha.net/thumb/1672431885731-fcrm7zxewdl.png,https://chimhaha.net/qm/86184?page=21
[큐엠] 쇼미 끝난김에 요즘 듣는 곡 2개 추천,gemumeito,250,1,12.31,1,https://img.youtube.com/vi/b1U3aveL3bI/maxresdefault.jpg,https://chimhaha.net/qm/86161?page=21
[큐엠] 큐엠 자치령 건국 타이밍이 ㄹㅇ 웃음벨이네 ㅋㅋㅋㅋ,나잠시떠날라요,882,5,12.31,1,,https://chimhaha.net/qm/86146?page=21
"[큐엠] 쇼미더머니와 국힙에 대해서....(스압, 3줄요약)",Locomotive,812,8,12.31,21,https://resources.chimhaha.net/thumb/1672424195208-nj2ftt591r.png,https://chimhaha.net/qm/86129?page=21
"[큐엠] 다들 진정하시고, 지금부터 이 게시판은",마추픽추내꼬추왕꼬추,516,5,12.31,2,https://resources.chimhaha.net/thumb/1672424769563-ollq3f2pezp.png,https://chimhaha.net/qm/86124?page=21
[큐엠] 큐엠님 댓글은 항상 신중하셔야합니다 (똥),식칼이오,919,5,12.31,7,https://resources.chimhaha.net/thumb/1672423569956-wd1dfrxim99.png,https://chimhaha.net/qm/86105?page=21
[큐엠] 쇼미고 뭐고 앨범이나 냈으면 하는 래퍼 3인,대커율,1017,5,12.31,42,https://search.pstatic.net/common/?src=http%3A%2F%2Fblogfiles.naver.net%2FMjAyMjAzMjVfMTMx%2FMDAxNjQ4MTk2ODQ4MDc5.GY8xBhBH9hDtoBbBTe-Ev3klA50NmNtq3jWU-WgB2Kgg.pCj8MpM--zX2YhZv1h_89-DC-XMPzDvc1Jvas3uHjAsg.JPEG.in26882%2Fimage4.jpg&amp;type=sc960_832,https://chimhaha.net/qm/86104?page=21
[큐엠] 소신발언) 힙합 대중화의 시작은 쇼미3 바비 연결고리 라고 생각합니다,쿠앤크,576,4,12.31,11,,https://chimhaha.net/qm/86093?page=21
[큐엠] 어떤것을 하고 있으시면서 막히시거나 힘드실 때 추천드리는 노래 및 힙합,마추픽추내꼬추왕꼬추,271,7,12.31,6,https://img.youtube.com/vi/n0vtoDqnRgE/maxresdefault.jpg,https://chimhaha.net/qm/86081?page=21
[큐엠] 아니 큐엠 한국인이였슴??,우유두부,571,4,12.31,1,,https://chimhaha.net/qm/86076?page=21
[큐엠] ???:,사냥에성공한원시인의뿌듯함,256,6,12.31,0,https://resources.chimhaha.net/thumb/1672421609036-ls8hqd575bh.jpg,https://chimhaha.net/qm/86072?page=21
"[큐엠] 빈지노와 같은회사이자, 뉴진스의 Attention을 만든 250 ",마추픽추내꼬추왕꼬추,913,8,12.31,20,https://img.youtube.com/vi/txvudNJwmUc/maxresdefault.jpg,https://chimhaha.net/qm/86054?page=21
[큐엠] 순수 인기로 우승하는 시즌은 처음이긴 합니다만...,Locomotive,738,13,12.31,14,,https://chimhaha.net/qm/86049?page=21
[큐엠] 대장님의 디스전이 제일 인상깊은 시즌 같습니다?,뇌절전문가,338,3,12.31,4,,https://chimhaha.net/qm/86038?page=21
[큐엠] 이게 머선일29,해볼라고,322,2,12.31,0,https://resources.chimhaha.net/thumb/1672420175629-lu86lskn1e.jpg,https://chimhaha.net/qm/86036?page=21
[큐엠] 그런의미에서 다들 이노래 듣고가세요,비빔밥국대학생,121,0,12.31,0,https://resources.chimhaha.net/thumb/1672420055018-mr8rmitqqn.jpg,https://chimhaha.net/qm/86031?page=21
[큐엠] 이번 쇼미로 인해 힙합 망했다고 하는 사람들,버들잠,1015,10,12.31,24,,https://chimhaha.net/qm/86027?page=21
[큐엠] 쇼미12가 성공하려면 나와야 하는 프로듀서진들....,Locomotive,694,8,12.31,16,https://resources.chimhaha.net/thumb/1672419353804-wlpkpjahvx.png,https://chimhaha.net/qm/86020?page=21
[큐엠] 본선부터는 확실히 슈퍼스타K,인성씨,195,1,12.31,0,,https://chimhaha.net/qm/86010?page=21
[큐엠] 다음시즌 프로듀서 유력후보,Monkey,547,6,12.31,5,https://resources.chimhaha.net/thumb/1672419048672-9e1bvd2lqjp.jpg,https://chimhaha.net/qm/86009?page=22
[큐엠] 매시즌 힙합하고 가는 사람,대커율,436,4,12.31,2,https://search.pstatic.net/common/?src=http%3A%2F%2Fblogfiles.naver.net%2FMjAyMjA4MjJfNTkg%2FMDAxNjYxMTcyNzQ1ODg5.WYOPPSOGeDrhthhuMtJ_Y1abYUWQ1Ptcyx44PLcO-rIg.yh4ts8UkS51e-pO0pnqXj9g5yg-qWcSOoo3RkuxfuTYg.JPEG.junii3403%2F3.jpeg&amp;type=sc960_832,https://chimhaha.net/qm/86006?page=22
[큐엠] 오늘 특히 쇼미가 별로였던건,이말이,333,0,12.31,0,https://img.youtube.com/vi/8gGO2-rZ9Zg/maxresdefault.jpg,https://chimhaha.net/qm/86001?page=22
[큐엠] 쇼미11=힙합집 막내아들....,Locomotive,826,8,12.31,11,https://resources.chimhaha.net/thumb/1672418521540-3g0w1dn209v.png,https://chimhaha.net/qm/85995?page=22
[큐엠] 할 많 하 않,의중을알고싶은김의중,257,0,12.31,1,,https://chimhaha.net/qm/85989?page=22
[큐엠] 여기 다 모였네~ 아,마루코딱지,368,5,12.31,2,https://resources.chimhaha.net/thumb/1672418053980-smqya27eshp.png,https://chimhaha.net/qm/85986?page=22
[큐엠] 시기가 지난 글,거짓말하지마,232,8,12.31,0,,https://chimhaha.net/qm/85983?page=22
[큐엠] 그냥 다들 돈숨이나 돌리고 주무셔잉~,대커율,131,1,12.31,0,https://img.youtube.com/vi/EWZ0x3wE6i8/maxresdefault.jpg,https://chimhaha.net/qm/85981?page=22
[큐엠] ?,까마귀맨,525,6,12.31,8,,https://chimhaha.net/qm/85974?page=22
[큐엠] 소신) 이거맞음?,대커율,1101,14,12.31,20,,https://chimhaha.net/qm/85959?page=22
[큐엠] 이영지가 두배넘게 표받아서 이겼네요,이말이,455,4,12.31,2,,https://chimhaha.net/qm/85958?page=22
[큐엠] 이영지 우승 축하해잉,참착맨,341,1,12.31,1,,https://chimhaha.net/qm/85956?page=22
[큐엠] 속보)이영지 우승,돼애지,415,2,12.31,1,,https://chimhaha.net/qm/85955?page=22
[큐엠] 던말릭이 4위라니~~,문무너,405,0,12.31,4,,https://chimhaha.net/qm/85945?page=22
[큐엠] 이제 순위공개합니다,이말이,151,1,12.31,0,,https://chimhaha.net/qm/85939?page=22
[큐엠] 노윤하 칠린호미 플리키뱅 칸,이말이,159,1,12.31,0,,https://chimhaha.net/qm/85924?page=22
[큐엠] 이제 대장님 축하무대 나오나요?,문무너,225,1,12.31,1,,https://chimhaha.net/qm/85914?page=22
[큐엠] 쇼미에서 보고싶은 무대,대커율,96,1,12.31,0,https://img.youtube.com/vi/8g-ELb1wDV4/maxresdefault.jpg,https://chimhaha.net/qm/85913?page=22
[큐엠] 시기가 지난 글,거짓말하지마,227,0,12.31,0,https://img.youtube.com/vi/eev7_byi-e0/maxresdefault.jpg,https://chimhaha.net/qm/85911?page=22
[큐엠] 쇼미는 이제 힙합이 아니라,대커율,636,4,12.31,6,,https://chimhaha.net/qm/85906?page=22
[큐엠] 허성현님은 진짜 톤이 사기인듯,돼애지,113,0,12.31,0,,https://chimhaha.net/qm/85902?page=23
[큐엠] 붐뱁...붐뱁이 마려워요,김육포,265,0,12.31,3,,https://chimhaha.net/qm/85898?page=23
[큐엠] 쇼미 우승보다 자치구역 신설이 더 이득인 것 같은 큐엠은 개추 ㅋㅋ,에반게리온스포감상회기원,7130,197,12.31,14,,https://chimhaha.net/qm/85896?page=23
[큐엠] 몬가....몬가.... 이젠 못보게씀...,나잠시떠날라요,341,0,12.31,3,,https://chimhaha.net/qm/85895?page=23
[큐엠] 릴보이 개잘하네요,이말이,147,1,12.31,1,,https://chimhaha.net/qm/85889?page=23
[큐엠] 거 누가 우승할진 모르겠고,문무너,117,0,12.31,0,,https://chimhaha.net/qm/85887?page=23
[큐엠] 시기가 지난 글,거짓말하지마,343,1,12.31,7,,https://chimhaha.net/qm/85881?page=23
[큐엠] 대장님 없으니까 진짜 노잼이네 쇼미,화나틱,275,0,12.31,2,,https://chimhaha.net/qm/85862?page=23
[큐엠] 회사 총출동 영지의 우승?,문무너,328,0,12.31,2,,https://chimhaha.net/qm/85846?page=23
[큐엠] 쇼미 표절이네요 실망스러워요,앤서니브라운,672,10,12.31,2,https://resources.chimhaha.net/thumb/1672412853764-k99tvuduzg.jpg,https://chimhaha.net/qm/85844?page=23
[큐엠] 정리 안한 앨범장...,하하하혁명,146,1,12.30,2,https://resources.chimhaha.net/thumb/1672412003778-h32vl6m5ri.jpg,https://chimhaha.net/qm/85824?page=23
[큐엠] 올해의 한대음은 250씨겠죠?,블랙펄,360,3,12.30,9,https://resources.chimhaha.net/thumb/1672411316456-fisj423us1c.jpg,https://chimhaha.net/qm/85811?page=23
[큐엠] 아직까진 블라세가 제일 좋네요,이말이,208,1,12.30,4,,https://chimhaha.net/qm/85809?page=23
[큐엠] 오늘 쇼미 우승,케이팝전사,356,0,12.30,3,,https://chimhaha.net/qm/85805?page=23
[큐엠] 집에 있는 앨범 모아서 인증,치마하하,153,6,12.30,2,https://resources.chimhaha.net/thumb/1672410129763-0i8qamz2x3z.jpg,https://chimhaha.net/qm/85788?page=23
[큐엠] 쇼미 노래시작했어요,이말이,196,2,12.30,1,https://resources.chimhaha.net/thumb/1672410592072-ekwgaop57k.jpg,https://chimhaha.net/qm/85777?page=23
[큐엠] 쇼미 공연순서,이말이,182,1,12.30,1,,https://chimhaha.net/qm/85762?page=23
[큐엠] 앨신생아 앨범 인증,지기지기,181,4,12.30,2,https://resources.chimhaha.net/thumb/1672409267427-7yk1n4jiqng.jpg,https://chimhaha.net/qm/85752?page=23
[큐엠] 시기가 지난 글,거짓말하지마,215,0,12.30,1,,https://chimhaha.net/qm/85744?page=23
[큐엠] 큐엠님 안녕하세요,주펄,15837,630,12.30,58,https://resources.chimhaha.net/thumb/1672408606486-vkzpgq83md.jpg,https://chimhaha.net/qm/85739?page=23
[큐엠] 대장님.. 저가요 갑자기 든 생각인뎁쇼..,좋지좋지조치원,324,3,12.30,4,https://resources.chimhaha.net/thumb/1672407647279-iwyw92j2q2.jpg,https://chimhaha.net/qm/85718?page=24
[큐엠] 큐엠님 이때 심경이 궁금합니당,찜뻘뿡쭈,565,1,12.30,5,https://resources.chimhaha.net/thumb/1672406890456-t3fjhg1ite.png,https://chimhaha.net/qm/85705?page=24
[큐엠] 와 이렇게 꿈이 이뤄지네,드뤄갔어요,229,3,12.30,1,,https://chimhaha.net/qm/85703?page=24
[큐엠] 소박한 앨범장..,얼렁뚱땅맨,189,2,12.30,2,https://resources.chimhaha.net/thumb/1672405644447-zamzs5jce0r.jpg,https://chimhaha.net/qm/85701?page=24
[큐엠] 죽기전에 돈숨하나는 괜찮잖슴~~,아공맨,229,5,12.30,2,https://resources.chimhaha.net/thumb/1672404720590-knsgb0oq5ig.jpg,https://chimhaha.net/qm/85690?page=24
[큐엠] Coming home 을 듣고나서,쉬는날,97,0,12.30,1,,https://chimhaha.net/qm/85684?page=24
[큐엠] 당장 cd only트랙을 추가한 이번 앨범 피지컬을 발매하십쇼!!,배도라지황금미륵,158,1,12.30,3,https://visla.kr/wp/wp-content/uploads/2021/02/20210215-01.jpg,https://chimhaha.net/qm/85676?page=24
[큐엠] Ep 엠스모 잘먹었습니다,북극곰의발톱,110,2,12.30,1,https://resources.chimhaha.net/thumb/1672405332486-p9c9qc6zfg.jpg,https://chimhaha.net/qm/85674?page=24
[큐엠] 파운더,Toywiz06,123,1,12.30,1,https://resources.chimhaha.net/thumb/1672405011739-a0ugj6dmtfj.jpg,https://chimhaha.net/qm/85664?page=24
[큐엠] 뒷자석 안전벨트 = 힙합,지식은우정을대신할수없어,230,3,12.30,1,https://resources.chimhaha.net/thumb/1672404954872-tu782c1qsxs.jpg,https://chimhaha.net/qm/85663?page=24
[큐엠] 이곳은 어쩌다 생기게 된 자치구인가요??,전세계,565,0,12.30,5,,https://chimhaha.net/qm/85660?page=24
[큐엠] 왜 우린 유한한 시간으로 영원을 말할까 ,스포일드,205,3,12.30,3,https://resources.chimhaha.net/thumb/1672404963111-l5fo9ns0ynb.jpg,https://chimhaha.net/qm/85648?page=24
[큐엠] 최애 국내힙합 LP 2장,큐엠,9805,267,12.30,58,https://resources.chimhaha.net/thumb/1672403212132-yzn73tu01a.jpg,https://chimhaha.net/qm/85625?page=24
[큐엠] 힙합얘기 할 수 있는 곳이 생겼으니 올리는 내맘대로 국힙 탑스터,차돌야차김종수,334,3,12.30,13,https://resources.chimhaha.net/thumb/1672403091216-oyqhhqfqd09.jpg,https://chimhaha.net/qm/85619?page=24
[큐엠] 앨린이 앨범장인증,거짓말하지마,238,1,12.30,10,https://resources.chimhaha.net/thumb/1672402719586-d9q4ugjvle.jpg,https://chimhaha.net/qm/85613?page=24
[큐엠] 중고딩때 코묻은돈으로 모은 앨범들,호민호빵,205,3,12.30,6,https://resources.chimhaha.net/thumb/1672401838058-fvcuf8vwuxq.jpg,https://chimhaha.net/qm/85603?page=24
[큐엠] CD장 인증? ,DiFi,4290,114,12.30,39,https://resources.chimhaha.net/thumb/1672401119070-fznsqfmyk5v.jpg,https://chimhaha.net/qm/85595?page=24
[큐엠] 힙합팬 한명 추가요~~,블랭키먼,195,1,12.30,3,https://resources.chimhaha.net/thumb/1672400652677-hw2mccmquw.png,https://chimhaha.net/qm/85588?page=24
[큐엠] 국왕님 곡 관련 혼자서만 생각했었던 궁예질 2개,오히려병건,208,0,12.30,3,,https://chimhaha.net/qm/85571?page=24
[큐엠] 앨범 좀 문제 있네요,KanyeWest,252,0,12.30,2,https://resources.chimhaha.net/thumb/1672400730006-ipc4w7fvf9c.png,https://chimhaha.net/qm/85566?page=24
[큐엠] 뭐 시디장 인증이 대세라고?,알보칠,340,13,12.30,6,https://resources.chimhaha.net/thumb/1672399806327-gnmi8tf51g8.jpg,https://chimhaha.net/qm/85551?page=25
[큐엠] 오늘의 음악추천은...?,케이팝전사,109,2,12.30,0,https://resources.chimhaha.net/thumb/1672399731516-xdz4odsxpwm.jpg,https://chimhaha.net/qm/85546?page=25
[큐엠] 쇼미지원영상 벌스가 3번트랙 입 벌스였다니 !,아이브리즈진짜아님,188,1,12.30,1,,https://chimhaha.net/qm/85506?page=25
[큐엠] 홍준용씨 계신다면 오동호씨랑 VS2 계획 있으십니까,물렁복숭아,225,0,12.30,2,https://img.youtube.com/vi/4vB1-M7lZIQ/maxresdefault.jpg,https://chimhaha.net/qm/85495?page=25
[큐엠] 벌써부터 가슴이 웅장해진다,커넥팅,92,0,12.30,0,,https://chimhaha.net/qm/85487?page=25
[큐엠] 이거 소리 내서 읽어보세요,GUN하하,384,2,12.30,2,https://resources.chimhaha.net/thumb/1672397133045-eidrjh24ivi.png,https://chimhaha.net/qm/85483?page=25
[큐엠] 개인적인 베스트트랙,뇌절전문가,152,0,12.30,0,https://img.youtube.com/vi/evGXjgDgCj8/maxresdefault.jpg,https://chimhaha.net/qm/85459?page=25
[큐엠] 모야모야,털보나라빡빡공주,205,0,12.30,2,,https://chimhaha.net/qm/85457?page=25
[큐엠] 큐엠님 환영한다는 거시다~ 그런 의미에서 저의 큐엠님 입문벌스 하나 놓고 갑니다?,CAMPFIRE,217,2,12.30,1,https://img.youtube.com/vi/x-uG0RSftzA/maxresdefault.jpg,https://chimhaha.net/qm/85454?page=25
[큐엠] 앨범 3회차 중...,Santhe,84,2,12.30,0,,https://chimhaha.net/qm/85452?page=25
[큐엠] 대장님 앨범 들었읍니다.,콰자라자콰꿍콸라콰자,99,1,12.30,0,https://resources.chimhaha.net/thumb/1672395752619-zrgwcymej5r.jpg,https://chimhaha.net/qm/85450?page=25
[큐엠] 무한으로 즐기고 계신가요? ,큐엠,10316,277,12.30,37,https://resources.chimhaha.net/thumb/1672394717536-imkmb7vmc1d.jpg,https://chimhaha.net/qm/85423?page=25
[큐엠] 여러분은 대장님 앨범 몇 번 트랙이 제일 좋았나요?,싫은밤에취해,171,2,12.30,5,,https://chimhaha.net/qm/85416?page=25
[큐엠] 연말을 책임지네 ㄷㄷ,넥스트레베루,139,0,12.30,0,,https://chimhaha.net/qm/85396?page=25
[큐엠] 출근길에 들으면 앞에 차에 총 쏠듯,인성씨,194,3,12.30,1,,https://chimhaha.net/qm/85364?page=25
[큐엠] 대장님 이미 나왔네요,이말이,188,0,12.30,0,https://img.youtube.com/vi/5sXxamKPMqM/maxresdefault.jpg,https://chimhaha.net/qm/85351?page=25
[큐엠] QM(Question Mark) 앨범들입니다?,래전병거뉴스,449,11,12.30,5,https://resources.chimhaha.net/thumb/1672392647339-rbmxj1nrx0o.jpg,https://chimhaha.net/qm/85348?page=25
[큐엠] 대장님 앨범 최고입니다,세후닌,228,0,12.30,4,,https://chimhaha.net/qm/85331?page=25
[큐엠] 국힙의 보석같은 트랙 추천,갓소소림사,194,1,12.30,2,https://resources.chimhaha.net/thumb/1672392067773-340k5yypj8t.jpg,https://chimhaha.net/qm/85320?page=25
[큐엠] 엠스모 돌렸습니다?,김프롤,92,1,12.30,0,,https://chimhaha.net/qm/85308?page=25
[큐엠] 엠파이어 스테이츠 모텔 떴드아!!!!!!!!!!!!,KaiManB,182,3,12.30,1,https://img.youtube.com/vi/8gGO2-rZ9Zg/maxresdefault.jpg,https://chimhaha.net/qm/85288?page=26
[큐엠] 침착맨님 엄청난 팬이지만 침하하 가입은 큐엠님때문에 했습니다,와차차,619,3,12.30,7,https://resources.chimhaha.net/thumb/1672390021568-opkswr5ydm.jpg,https://chimhaha.net/qm/85267?page=26
[큐엠] 핫쒸 나도 자랑할래 ,베개나라공주,373,4,12.30,9,https://resources.chimhaha.net/thumb/1672389581987-1xuocv0cjie.jpg,https://chimhaha.net/qm/85264?page=26
[큐엠] 여러분은 앨범 몇번 듣고 좋다 나쁘다 판단하시나요?,인간버니팜하니,244,0,12.30,7,,https://chimhaha.net/qm/85250?page=26
[큐엠] 가장 좋아하는 앨범 Top3,주전자두드리기,361,1,12.30,10,https://img.youtube.com/vi/PsE_UW9H2ao/maxresdefault.jpg,https://chimhaha.net/qm/85247?page=26
[큐엠] 언젠가 누군가 이런 앨범 하나만 더,KaiManB,130,1,12.30,0,https://img.youtube.com/vi/R1f4R3owxkI/maxresdefault.jpg,https://chimhaha.net/qm/85245?page=26
[큐엠] 대장님 신보 6시에 나옵니다.,66도발,185,3,12.30,1,https://resources.chimhaha.net/thumb/1672388716291-8pdt16b3yfv.jpg,https://chimhaha.net/qm/85244?page=26
[큐엠] 헐 큐엠횽아...,그레이파스타,238,1,12.30,1,,https://chimhaha.net/qm/85225?page=26
[큐엠] 내일모레 고3의 피지컬 인증,궤도조아,601,5,12.30,10,https://resources.chimhaha.net/thumb/1672385627991-nzly9hoiw49.jpg,https://chimhaha.net/qm/85194?page=26
[큐엠] 우와!,췸촥촥,130,0,12.30,1,,https://chimhaha.net/qm/85193?page=26
[큐엠] 국힙원탑 누구라고 생각하십니까?,김폼풍미쳤다,766,9,12.30,18,https://resources.chimhaha.net/thumb/1672386020835-v6zguaga08i.jpg,https://chimhaha.net/qm/85184?page=26
[큐엠] 이거 힙합이죠?,Calmdowngirl,5862,210,12.30,67,https://resources.chimhaha.net/thumb/1672385222654-bauyhb023uk.jpg,https://chimhaha.net/qm/85168?page=26
[큐엠] 평생 못 이겨 유재석 옆의 넉살?,마루코딱지,600,6,12.30,4,https://resources.chimhaha.net/thumb/1672384961323-f763l7k4vp.png,https://chimhaha.net/qm/85165?page=26
[큐엠] 차붐도 한국인이었다?,갓소소림사,492,1,12.30,3,https://img.youtube.com/vi/hyuvvKLwuSc/maxresdefault.jpg,https://chimhaha.net/qm/85161?page=26
[큐엠] 아니 국왕님 이제 보통의삶이 아니게 되어버린거 아니냐구요~,주펄떡과이흥건,271,1,12.30,1,https://resources.chimhaha.net/thumb/1672384651382-15w375n5c21.jpg,https://chimhaha.net/qm/85150?page=26
[큐엠] 미쳤다.,철옹성,398,1,12.30,4,https://resources.chimhaha.net/thumb/1672383761313-4894rr0htmp.jpg,https://chimhaha.net/qm/85120?page=26
[큐엠] 올해 들었던 앨범 중에 제일 좋았던...,nohe7x,335,3,12.30,7,https://img.youtube.com/vi/pScOo8fwxuY/maxresdefault.jpg,https://chimhaha.net/qm/85114?page=26
[큐엠] 대박 qm님 인생 성공!!!!!,침숭이엉덩이,223,0,12.30,0,,https://chimhaha.net/qm/85107?page=26
[큐엠] 무친 큐엠님이라니~~~,오늘저녁차돌짬뽕,141,0,12.30,0,,https://chimhaha.net/qm/85104?page=26
[큐엠] 들어주세요? 본인도 예전에 라빠를 꿈꿨읍니다,좀슈놈,214,2,12.30,1,https://img.youtube.com/vi/cg5ABd_kpkY/maxresdefault.jpg,https://chimhaha.net/qm/85086?page=26
[큐엠] 디즈니플러스에 우탱 드라마가 있던데,호시요미,143,1,12.30,0,https://img.youtube.com/vi/UPXYFo8FIpM/maxresdefault.jpg,https://chimhaha.net/qm/85078?page=27
[큐엠] 이센스가 샤라웃한 전설의 듀오,BLANKYMUNN,722,2,12.30,2,https://img.youtube.com/vi/KiKlD46ZXRU/maxresdefault.jpg,https://chimhaha.net/qm/85065?page=27
[큐엠] 갠적으로 최근 좋게 들은 노래 추천드립니다,야추호민,103,0,12.30,1,,https://chimhaha.net/qm/85060?page=27
[큐엠] 지금은 평범한 대학원생의 들어주세요?,굴러라고양이,201,5,12.30,1,,https://chimhaha.net/qm/85057?page=27
[큐엠] 대장님 오늘 예상 스케줄,샌드타이거샤크박민수,208,4,12.30,0,,https://chimhaha.net/qm/85053?page=27
[큐엠] 김성모 작가님은 힙합인가요!,닉네임변경디디5420,182,3,12.30,0,https://w.namu.la/s/df845fbc5c32d56d821558a572e6ccc9ec5c05ec6d22a980d04ad753b10c5037ab4a05b9279670867ff31c1350bf47f9cd4823c89427c44aa375f0119a327463286450000f909969d26dbf0af1cb183f7f6fd73bf6b648649490939446cae272c2907f2d8e7169b1165423a728693aad,https://chimhaha.net/qm/85048?page=27
[큐엠] 좋은 국힙/외힙 붐뱁 추천 부탁드려요~,얼굴긴밥아저씨,442,1,12.30,15,,https://chimhaha.net/qm/85041?page=27
[큐엠] Ai가 그린 애니화 QM,드록바,576,8,12.30,3,https://resources.chimhaha.net/thumb/1672380041989-lk2k5eafsb.jpg,https://chimhaha.net/qm/85039?page=27
[큐엠] 해줘요 게시판에 합방요청 글 썼는데,Subsonic,360,10,12.30,2,https://resources.chimhaha.net/thumb/1672380112594-rv1o7nrfc2i.jpg,https://chimhaha.net/qm/85034?page=27
[큐엠] 머장님 처음 알게된 계기,그냥인간,189,1,12.30,1,,https://chimhaha.net/qm/85032?page=27
[큐엠] 앨범 진열장 인증 챌린지 나도,대마법사강다훈,272,5,12.30,7,https://resources.chimhaha.net/thumb/1672380014847-vofjt37gme.jpg,https://chimhaha.net/qm/85031?page=27
[큐엠] 대장님 느와르 영화 좋아하신다들었습니다. GOAT 느와르 뽑아주세요.,rgmq19,140,1,12.30,0,https://img.youtube.com/vi/X-jdl9hcCeg/maxresdefault.jpg,https://chimhaha.net/qm/85029?page=27
[큐엠] 큐엠아 내 왔다,사이먼도미닉,552,1,12.30,3,https://resources.chimhaha.net/thumb/1672379982753-v7p00gt2og7.jpg,https://chimhaha.net/qm/85028?page=27
[큐엠] 큐엠님 자가용은 르노인가요?,금종범,185,0,12.30,1,,https://chimhaha.net/qm/85027?page=27
[큐엠] 언젠가 머장님이 넘어야할 국힙 태산 ,melanyism,240,1,12.30,1,https://resources.chimhaha.net/thumb/1672379704132-gif4744mevn.jpg,https://chimhaha.net/qm/85017?page=27
[큐엠] 금요일에는,궤도조아,126,3,12.30,1,https://img.youtube.com/vi/nq8ryYflG5k/maxresdefault.jpg,https://chimhaha.net/qm/85002?page=27
[큐엠] 요청사항이 있습니다?,배도라지황금미륵,273,3,12.30,3,,https://chimhaha.net/qm/84989?page=27
[큐엠] 큐엠님 원기옥 리믹스에서 첨 봤었는데 ,이키가미,148,0,12.30,1,,https://chimhaha.net/qm/84981?page=27
"[큐엠] ""그렇담 니네가 빠는 래퍼 싹 다 블핑 미만 잡""",세담이,661,4,12.30,7,https://resources.chimhaha.net/thumb/1672378056201-ciydvnb448p.png,https://chimhaha.net/qm/84979?page=27
[큐엠] 힙합을 뭐라고 생각하세요?,마추픽추내꼬추왕꼬추,425,3,12.30,5,https://resources.chimhaha.net/thumb/1672378173761-qqjrjle5sw.png,https://chimhaha.net/qm/84977?page=27
[큐엠] 머야 자치구 생겼네 ㄷㄷㄷ,난아메리카노,553,11,12.30,7,,https://chimhaha.net/qm/84972?page=28
[큐엠] 이거 힙합인가요?,통천닭사,495,2,12.30,6,https://resources.chimhaha.net/thumb/1672377004229-oc267qjdfus.jfif,https://chimhaha.net/qm/84946?page=28
[큐엠] 음추 하나,안전한자식주호민,210,4,12.30,5,https://img.youtube.com/vi/yPdHD1neCV8/maxresdefault.jpg,https://chimhaha.net/qm/84945?page=28
[큐엠] 아니 국왕님이랑 개방장이랑 히오스한거 어디서봄?,맛있는거야,360,4,12.30,6,,https://chimhaha.net/qm/84938?page=28
[큐엠] 쇼미로 힙합 배운 쇼미충도 껴도 될까요,백수유망주,417,2,12.30,4,https://img.youtube.com/vi/zlU8zIIr12A/maxresdefault.jpg,https://chimhaha.net/qm/84935?page=28
[큐엠] 웅장이 가슴해지네,여기가어디라고,130,4,12.30,0,,https://chimhaha.net/qm/84927?page=28
[큐엠] 음추읏추,세후닌,115,3,12.30,2,,https://chimhaha.net/qm/84922?page=28
[큐엠] 국왕님 + 던말릭 조합 노래 추천합니다요 ,옾옾빤옾카페스타일,351,7,12.30,5,https://img.youtube.com/vi/pf6DbdMgN4g/maxresdefault.jpg,https://chimhaha.net/qm/84919?page=28
[큐엠] 한나라는 나만의 명반은,Toywiz06,340,6,12.30,7,https://img.youtube.com/vi/pScOo8fwxuY/maxresdefault.jpg,https://chimhaha.net/qm/84916?page=28
[큐엠] 여기 주인장님이 잘 아실거 같아서 여쭤보는건데요,우니동,396,2,12.30,5,,https://chimhaha.net/qm/84913?page=28
"[큐엠] JUSTHIS(저스디스)의 킬링보이스를 라이브로! | 야생화, 찢어졌다 붙었다 다시, 너의 모든 순간, 오르막길, All Of My Life",아이브리즈진짜아님,6236,124,12.30,63,https://img.youtube.com/vi/GBBZ0cBPIIA/maxresdefault.jpg,https://chimhaha.net/qm/84907?page=28
[큐엠] 머장님 부탁 하나만 하겠읍니다,우탑박,228,1,12.30,1,https://resources.chimhaha.net/thumb/1672376101043-h4i662x252.png,https://chimhaha.net/qm/84903?page=28
[큐엠] 방구석 힙찔이의 노래 추천,절여진개청자,146,0,12.30,0,https://img.youtube.com/vi/cbJjBctEgHQ/maxresdefault.jpg,https://chimhaha.net/qm/84893?page=28
[큐엠] 여기 주인장 곡 중에서 많이 찾아듣는 곡,에반게리온스포감상회기원,218,2,12.30,2,https://img.youtube.com/vi/JceOyfSAftQ/maxresdefault.jpg,https://chimhaha.net/qm/84892?page=28
[큐엠] 힙합 자치구 생성 기념 기쁨의 피지컬 인증,화나틱,591,7,12.30,19,https://resources.chimhaha.net/thumb/1672375195531-xzi80a1why.jpg,https://chimhaha.net/qm/84889?page=28
[큐엠] 래퍼중에 침착맨 좋아하는분들 많나요?,두산베어스,543,4,12.30,7,,https://chimhaha.net/qm/84887?page=28
[큐엠] ㅋㅋ 이 아저씨 하루종일 침하하만 보고 계시네,lNTJ,614,6,12.30,5,https://resources.chimhaha.net/thumb/1672375244841-arqajpbimu.jpg,https://chimhaha.net/qm/84882?page=28
[큐엠] 무친 힙합 왕국이 생겨버렸잖슴,뇌절전문가,176,2,12.30,0,,https://chimhaha.net/qm/84881?page=28
[큐엠] 앨범 자랑,Toywiz06,211,2,12.30,4,https://resources.chimhaha.net/thumb/1672374859680-dm2p6v1tagq.jpg,https://chimhaha.net/qm/84880?page=28
[큐엠] 안녕하세요? 여기가 힙합의 성지인가요?,릴렉스맨,199,1,12.30,2,,https://chimhaha.net/qm/84878?page=28
[큐엠] 이번 쇼미 이것밖에 생각안남ㅋㅋ,옾옾빤옾카페스타일,471,3,12.30,2,https://resources.chimhaha.net/thumb/1672374961304-x436rdb08ba.jpg,https://chimhaha.net/qm/84875?page=29
[큐엠] 들어주세요? 저와 엄청 친한형이 만든 음악 홍보해버리기!!,쿤곰잉,322,2,12.30,6,https://img.youtube.com/vi/G68wbQX86Wg/maxresdefault.jpg,https://chimhaha.net/qm/84874?page=29
[큐엠] 저가요.. QM님 디스배틀을 너무 재밌게 들었걸랑요,잉끼얏호우,372,5,12.30,2,https://img.youtube.com/vi/HZs4-KxIQpU/maxresdefault.jpg,https://chimhaha.net/qm/84868?page=29
[큐엠] 저가요 힙알못인데요,아이러브병건,371,4,12.30,5,https://img.youtube.com/vi/Z8V81OUJFsU/maxresdefault.jpg,https://chimhaha.net/qm/84867?page=29
[큐엠] 혹시 그분도 언급 가능한가요 여기..?,두산베어스,674,7,12.30,4,,https://chimhaha.net/qm/84865?page=29
[큐엠] 힙합 게시판이 생겼다고요,자조운,462,5,12.30,11,https://resources.chimhaha.net/thumb/1672373818787-vk7efafhwk.jpg,https://chimhaha.net/qm/84855?page=29
[큐엠] 큐 엠님 엠스모 피지컬 나오나요?,화나틱,228,2,12.30,3,https://resources.chimhaha.net/thumb/1672374261282-nd485i0p6o.jpg,https://chimhaha.net/qm/84854?page=29
[큐엠] 예전부터 팬이었는데,호시요미,103,0,12.30,0,,https://chimhaha.net/qm/84851?page=29
[큐엠] 큐엠님 과거사진 가져왔습니다,벌꿀오소리,382,5,12.30,1,https://resources.chimhaha.net/thumb/1672373933908-2spmlc1uxkf.jpg,https://chimhaha.net/qm/84848?page=29
[큐엠] 4년전에 노래에서 배도라지 멤버 언급하셨던데 맞나요?,김폼풍미쳤다,416,5,12.30,1,https://img.youtube.com/vi/zW9rtNZczLs/maxresdefault.jpg,https://chimhaha.net/qm/84846?page=29
[큐엠] QM님은 보시오.,매탄동호랑이,583,8,12.30,5,,https://chimhaha.net/qm/84838?page=29
[큐엠] QM(question mark라는 뜻) 님은 노래방 18번 랩송이 있으신가요?,염소야나이아가라,350,2,12.30,2,,https://chimhaha.net/qm/84819?page=29
[큐엠] 힙합페스티벌 복장규정,이대호,438,3,12.30,10,,https://chimhaha.net/qm/84818?page=29
[큐엠] 여기 힙(hip) 한 게시판이네요,김호랭이,297,2,12.30,3,https://resources.chimhaha.net/thumb/1672372509113-189qjom228g.jpg,https://chimhaha.net/qm/84808?page=29
[큐엠] 큐엠님은 다른건 모르겠고,ESENSofficial,481,5,12.30,3,https://resources.chimhaha.net/thumb/1672372479252-ygixhcvvlrk.jpg,https://chimhaha.net/qm/84806?page=29
[큐엠] 쇼미 마지막화 오늘인데 아쉽네요,이말이,207,0,12.30,0,,https://chimhaha.net/qm/84805?page=29
[큐엠] QM님 입문용 영상,커어밋,272,0,12.30,1,,https://chimhaha.net/qm/84802?page=29
[큐엠] 라빠 큐엠에게 대결신청합니다,빠이구,141,1,12.30,0,,https://chimhaha.net/qm/84793?page=29
[큐엠] ‘힙합’ 은 무엇일까요? 궁금합니다?,BTS뷔,519,1,12.30,18,,https://chimhaha.net/qm/84792?page=29
[큐엠] 빠니보틀님도 좋아하는 오아시스,금종범,266,0,12.30,1,https://resources.chimhaha.net/thumb/1672371997046-03r9wor36pr.jpg,https://chimhaha.net/qm/84790?page=29
[큐엠] 보약도 힙합입니다,블랙펄,229,2,12.30,2,https://resources.chimhaha.net/thumb/1672371867608-3kj7dra9rzg.jpg,https://chimhaha.net/qm/84787?page=30
[큐엠] 국왕님의 토론 현장,맵찌리찌릿삑궷츢,243,0,12.30,1,https://img.youtube.com/vi/foyHjSdIca0/maxresdefault.jpg,https://chimhaha.net/qm/84783?page=30
[큐엠] 큐엠 쇼미 레전드,히샤를리송,277,0,12.30,1,https://resources.chimhaha.net/thumb/1672371665482-jjujfzzb23f.gif,https://chimhaha.net/qm/84782?page=30
[큐엠] QM님 자치령 생겨서 좋은점,노조위원장입니다,328,2,12.30,0,https://resources.chimhaha.net/thumb/1672371918204-uekzdyewd6c.gif,https://chimhaha.net/qm/84781?page=30
[큐엠] QM님께 전하는 환영인사겸 감사인사,응애나애기착맨,128,1,12.30,0,,https://chimhaha.net/qm/84779?page=30
[큐엠] 물음표전진기지 횐님둘이 왓따로 좋아하는 엘범은?,ESENSofficial,514,0,12.30,30,,https://chimhaha.net/qm/84776?page=30
[큐엠] 저가요 힙합팬인데요.,250,409,1,12.30,5,https://resources.chimhaha.net/thumb/1672370891339-78ix2m1cta2.jpg,https://chimhaha.net/qm/84766?page=30
[큐엠] 아니 큐엠 왕국이라니 이 무슨 ,이병이병건유가라건,216,0,12.30,0,https://resources.chimhaha.net/thumb/1672370803741-de5awmii3fj.gif,https://chimhaha.net/qm/84763?page=30
[큐엠] 와 힙합얘기할곳이 생겼다!!!,간장게이장,138,2,12.30,0,,https://chimhaha.net/qm/84756?page=30
[큐엠] 무친 QM ㄷㄷ,단군,12242,383,12.30,26,,https://chimhaha.net/qm/84753?page=30
[큐엠] 큐엠님 사랑해요,멋도리,173,2,12.30,1,https://resources.chimhaha.net/thumb/1672370428233-c6cdaf5hn2m.jpg,https://chimhaha.net/qm/84752?page=30
[큐엠] 이번 쇼미 큐엠 레전드,이말이,438,3,12.30,8,https://img.youtube.com/vi/5E43yI-ACMI/maxresdefault.jpg,https://chimhaha.net/qm/84749?page=30
[큐엠] 저가요 힙합팬인데요,검정수면바지,252,1,12.30,7,,https://chimhaha.net/qm/84748?page=30
[큐엠] 큐엠님 궁금한것이 있습니다 !!,Wiid,238,0,12.30,3,,https://chimhaha.net/qm/84739?page=30
[큐엠] 큐엠님 이노래 아세여??,내가그린민지는민지야,366,3,12.30,4,https://img.youtube.com/vi/tDR6150O6Vo/maxresdefault.jpg,https://chimhaha.net/qm/84738?page=30
[큐엠] 제가 생각하는 국힙 올타임 클래식 비트 넘버원.. (탑골 주의),히피1,225,4,12.30,5,https://img.youtube.com/vi/lywa8rQIIGM/maxresdefault.jpg,https://chimhaha.net/qm/84729?page=30
[큐엠] 힙합 모음집,지식은우정을대신할수없어,266,4,12.30,4,https://resources.chimhaha.net/thumb/1672369411771-veyajcblvuh.jpg,https://chimhaha.net/qm/84727?page=30
[큐엠] ㄷㄷㄷ 여기도 힙합 얘기 하는 곳이 ,미날미날,265,3,12.30,2,https://resources.chimhaha.net/thumb/1672369305766-3a141ef20xo.jpg,https://chimhaha.net/qm/84725?page=30
[큐엠] 큐엠형님이 생각하는 올해의 엘범은?,ESENSofficial,386,0,12.30,8,,https://chimhaha.net/qm/84720?page=30
[큐엠] 반갑습니다 반갑습니다~,가랏고기동얼음박치기,132,1,12.30,1,,https://chimhaha.net/qm/84718?page=30
[큐엠] 큐엠X프레디카소 명곡 하나 추천갑니다잉,옾옾빤옾카페스타일,118,0,12.30,0,https://img.youtube.com/vi/qhV69LkZllk/maxresdefault.jpg,https://chimhaha.net/qm/84716?page=31
[큐엠] 디스전 덕분에 재밌었잖슴 ㅋㅋ,참새까치비둘기피존투레츠고,283,1,12.30,2,,https://chimhaha.net/qm/84715?page=31
[큐엠] QM님 가사 진짜 잘 쓰시던데,자는또낳으면되는데스웅,147,0,12.30,0,,https://chimhaha.net/qm/84712?page=31
[큐엠] 내 최애가 성덕이라니,김프롤,169,0,12.30,1,,https://chimhaha.net/qm/84710?page=31
[큐엠] 일 힘 빡주고 해야할 때 내 노동요플리는,고구마꿀호떡,119,0,12.30,2,,https://chimhaha.net/qm/84709?page=31
[큐엠] 저가요 쇼미보면서,짬투부,141,2,12.30,0,,https://chimhaha.net/qm/84704?page=31
[큐엠] 물음표전진기지 자치구역이라니,차돌야차김종수,224,0,12.30,1,https://resources.chimhaha.net/thumb/1672368306169-aj2amtwo1t.jpg,https://chimhaha.net/qm/84703?page=31
[큐엠] 큐엠님 이번 쇼미11에서 유독 방장 관련 뭐가 많았었는데,권라떼,564,6,12.30,3,https://resources.chimhaha.net/thumb/1672368209737-9k5edi3srv8.jpg,https://chimhaha.net/qm/84700?page=31
[큐엠] 큐엠님 반가워요!!,Fredkyt66,168,1,12.30,1,https://resources.chimhaha.net/thumb/1672368167418-n3fm2meya3o.jpg,https://chimhaha.net/qm/84698?page=31
[큐엠] 안녕하세요?큐엠팬아뜨올림미다?,ㅅㅇ99,322,14,12.30,4,https://resources.chimhaha.net/thumb/1672367616546-c6rjir7g39h.jpg,https://chimhaha.net/qm/84690?page=31
[큐엠] 잔잔한 죽이는 음악 하나 추천?,큐엠,10020,256,12.30,45,https://img.youtube.com/vi/hC8CH0Z3L54/maxresdefault.jpg,https://chimhaha.net/qm/84688?page=31
[큐엠] 요즘도 소개팅 자주 하시나요?,웁파룹파,312,4,12.30,2,,https://chimhaha.net/qm/84686?page=31
[큐엠] 제일 좋아하는 국왕님 곡,모켈레음베음베,121,4,12.30,0,https://resources.chimhaha.net/thumb/1672367607619-ssegtogqj9n.jpg,https://chimhaha.net/qm/84685?page=31
[큐엠] 오 힙합얘기 하는곳이라니,컴픆ㅌㅓ,467,5,12.30,10,https://resources.chimhaha.net/thumb/1672367407556-kh63icz5lti.jpg,https://chimhaha.net/qm/84675?page=31
[큐엠] 쇼미 11 큐엠님 나오는데까지만 봤는데,불타는버스,248,1,12.30,2,,https://chimhaha.net/qm/84673?page=31
[큐엠] VMC 사장님과 쭈형,히피1,666,10,12.30,4,https://resources.chimhaha.net/thumb/1672367264095-f4dpdf65h8q.jpg,https://chimhaha.net/qm/84672?page=31
[큐엠] 대장님 이거 힙합인가요?,빠니보틀주인에게돌려줌,407,2,12.30,2,https://resources.chimhaha.net/thumb/1672367138555-akcqrmu527v.jpg,https://chimhaha.net/qm/84669?page=31
[큐엠] 최연소 국왕님 탄생했네여 ㄷㄷ,마초마쵸맨,696,11,12.30,7,https://resources.chimhaha.net/thumb/1672367114393-18tiba9nbeb.jpg,https://chimhaha.net/qm/84666?page=31
[큐엠] 미쳤다미쳤어,고구마꿀호떡,126,0,12.30,0,,https://chimhaha.net/qm/84659?page=31
[큐엠] 최근 제일 맛있었던 곡,KanyeWest,268,1,12.30,3,https://img.youtube.com/vi/b1U3aveL3bI/maxresdefault.jpg,https://chimhaha.net/qm/84656?page=31
[큐엠] 시 써봤습니다,슈뢰딩거의감자,128,1,12.30,0,,https://chimhaha.net/qm/84655?page=32
[큐엠] 쇼미 우승?,에반게리온스포감상회기원,250,4,12.30,1,,https://chimhaha.net/qm/84653?page=32
[큐엠] 화분 하나 놓고 갑니다,Z3R05UM,244,0,12.30,1,https://img.youtube.com/vi/yhvZnPzua3c/maxresdefault.jpg,https://chimhaha.net/qm/84644?page=32
[큐엠] 큐엠 자치 구역 뭐임?,좌뇌우뇌듀얼코어,425,1,12.30,0,,https://chimhaha.net/qm/84642?page=32
[큐엠] 자치령 기념. 2022년 국힙 연말 결산 살포시 올려봅니다,안양의이준영,334,6,12.30,4,https://resources.chimhaha.net/thumb/1672366225911-wpeh4zfhfg.png,https://chimhaha.net/qm/84640?page=32
[큐엠] 여기서 저스디스 노래 추천하면 안되나요?,마초마쵸맨,623,12,12.30,2,,https://chimhaha.net/qm/84635?page=32
[큐엠] 솔직히 이 정도면 힙합입니다.,케이팝전사,359,7,12.30,3,https://resources.chimhaha.net/thumb/1672366030781-2p3c0mdymr2.jpg,https://chimhaha.net/qm/84631?page=32
[큐엠] 내가 사랑하는 큐엠이잖슴~~,사냥에성공한원시인의뿌듯함,243,0,12.30,2,https://resources.chimhaha.net/thumb/1672366090694-x1kd8s66lef.jpg,https://chimhaha.net/qm/84629?page=32
[큐엠] 드디어,연신참,126,1,12.30,0,,https://chimhaha.net/qm/84625?page=32
[큐엠] 힙한 거미,일병건,161,2,12.30,0,https://resources.chimhaha.net/thumb/1672365682513-uhf2w4pawa.gif,https://chimhaha.net/qm/84623?page=32
[큐엠] 여기가 힙합 판별소인가요?,지식은우정을대신할수없어,544,3,12.30,6,https://resources.chimhaha.net/thumb/1672365601387-xo7mzlq20w.jpg,https://chimhaha.net/qm/84620?page=32
"[큐엠] 새벽 운동 후 아침부터 마시는 맥주, 힙합 될 수 있나요?",땡이뚱땡이의뚱이뚱뚱이,283,2,12.30,2,https://resources.chimhaha.net/thumb/1672365383111-dvzbst0xxhc.jpg,https://chimhaha.net/qm/84614?page=32
[큐엠] 큐엠? 그렇게 랩을 잘함?,침침무,596,7,12.30,4,,https://chimhaha.net/qm/84613?page=32
[큐엠] 덕력있으신거 보고 생각한 컨텐츠,피난민수,173,1,12.30,1,,https://chimhaha.net/qm/84611?page=32
[큐엠] 헐 나 QM님 공연 봤었을지도?!,에드몽,401,1,12.30,2,https://resources.chimhaha.net/thumb/1672365315861-toj2xk9wdl.jpg,https://chimhaha.net/qm/84610?page=32
[큐엠] 큐엠님 초대석 보고싶잖슴~~~,말리부사는걸말리부,401,10,12.30,7,,https://chimhaha.net/qm/84606?page=32
[큐엠] 돌격대장님 제외) 좋아하는 래퍼 5명씩 뽑아봅시다,히피1,557,5,12.30,36,,https://chimhaha.net/qm/84601?page=32
[큐엠] 멋있다.. 큐엠,홍준용,291,0,12.30,1,,https://chimhaha.net/qm/84594?page=32
[큐엠] 안녕하세요 Ye입니다,KanyeWest,7707,164,12.30,59,,https://chimhaha.net/qm/84586?page=32
[큐엠] 이거 힙합인가요?,격양맨,308,2,12.30,1,https://resources.chimhaha.net/thumb/1672364573526-tod2dek1qip.jpg,https://chimhaha.net/qm/84585?page=32
[큐엠] 안녕하세요,미스침무라비,162,1,12.30,0,https://resources.chimhaha.net/thumb/1672364570963-orzwladl8yj.gif,https://chimhaha.net/qm/84583?page=33
[큐엠] 힙합과 재즈를 동시에 좋아하는 분들을 위한 앨범 추천,둥글둥글,390,5,12.30,6,https://img.youtube.com/vi/vwj1QgJ3UAs/maxresdefault.jpg,https://chimhaha.net/qm/84582?page=33
[큐엠] Q&A게시판인줄알았어요,바라볼수록보고싶은,429,6,12.30,1,,https://chimhaha.net/qm/84581?page=33
[큐엠] 이번 쇼미에서 큐엠님 노래가 가장 내취향이었잖슴~,먼저르더퍼스트맨,338,1,12.30,4,https://img.youtube.com/vi/0MgmOOmQHUY/maxresdefault.jpg,https://chimhaha.net/qm/84578?page=33
[큐엠] 근무 중 침하하 힙합이죠?,사무실에서침투부보는사람,339,1,12.30,3,,https://chimhaha.net/qm/84575?page=33
[큐엠] Hannah는 당신만의 명반이 아닙니다?,장부시,280,4,12.30,1,,https://chimhaha.net/qm/84574?page=33
[큐엠] 히오스 자치구역이 따로 생겼군요,대규모마력추출,341,1,12.30,3,https://resources.chimhaha.net/thumb/1672363945371-gce7jmoebwb.jpg,https://chimhaha.net/qm/84565?page=33
[큐엠] 중앙차선,경안고침착맨,167,0,12.30,1,,https://chimhaha.net/qm/84558?page=33
[큐엠] 카누 너무 잘 들었습니다~,수도승,233,1,12.30,1,,https://chimhaha.net/qm/84552?page=33
[큐엠] 안녕하세요 물음표 전진기지 돌격대장 큐엠 (QM) 입니다.,큐엠,16309,815,12.30,238,https://img.youtube.com/vi/SIXmGYSHFi0/maxresdefault.jpg,https://chimhaha.net/qm/84551?page=33
[큐엠] 팟수와 트수가 갈 수 있는 정점,네글자,281,1,12.30,1,,https://chimhaha.net/qm/84550?page=33
[큐엠] 여기가 그 유명한 힙합민수 자치국인가요,태정태세오태식,217,9,12.30,0,https://resources.chimhaha.net/thumb/1672362966819-gisnkpd6c0v.jpg,https://chimhaha.net/qm/84549?page=33
[큐엠] 와 진짜 생겼네,시켜줘너의명예경찰관,253,1,12.30,1,,https://chimhaha.net/qm/84548?page=33
[큐엠] 하쿠 귀엽잔슴,율락뷸락,125,0,12.30,0,,https://chimhaha.net/qm/84545?page=33
[큐엠] 다 아닙니다 여긴 '하쿠' 게시판입니다,궤도조아,443,4,12.30,4,https://resources.chimhaha.net/thumb/1672362581729-qvdfg5k9ukp.jpg,https://chimhaha.net/qm/84543?page=33
[큐엠] 으악 이게뭐야,신영민,341,5,12.30,4,https://resources.chimhaha.net/thumb/1672362116762-w959isgfc7l.jpg,https://chimhaha.net/qm/84532?page=33
[큐엠] 여러분 오늘 힙합민수님의 앨범이 나오십니다 두둥탁,격양맨,4658,128,12.30,39,https://resources.chimhaha.net/thumb/1672361885498-u7v5c0s209l.jpg,https://chimhaha.net/qm/84531?page=33
[큐엠] 여기는 “히오스” 게시판이다.,히피1,5031,146,12.30,22,https://resources.chimhaha.net/thumb/1672366337407-cm8qqwh12s.jpg,https://chimhaha.net/qm/84518?page=33
[큐엠] 큐엠 자치구역 갑자기 왜 생겼나요?,찐빵고구마,1181,11,12.30,4,https://img.youtube.com/vi/zvhxs0jdxgY/maxresdefault.jpg,https://chimhaha.net/qm/84517?page=33
[큐엠] 여기가 침하하의 힙합플레이야 인가요?,뱉은말은지킨다,243,1,12.30,1,,https://chimhaha.net/qm/84515?page=33
[큐엠] 이거 힙합이네요,galados,106,0,12.30,0,,https://chimhaha.net/qm/84512?page=34
[큐엠] 여기가 랩 갤러리인가요?,세계제일종수스섹맨,463,13,12.30,2,https://resources.chimhaha.net/thumb/1672360831168-yjp4ye7vkg.jpg,https://chimhaha.net/qm/84506?page=34
[큐엠] 여기 힙합게시판인가요? 아님 르노코리아 게시판인가요? ,침석대,434,9,12.30,2,,https://chimhaha.net/qm/84505?page=34
[큐엠] 무친 ㅋㅋㅋㅋㅋㅋㅋ,8wkd3o,199,1,12.30,0,,https://chimhaha.net/qm/84504?page=34
[큐엠] 슨배임 인사 박습니다,벗거질결심,208,0,12.30,0,,https://chimhaha.net/qm/84503?page=34
[큐엠] 여기 힙합이네요,고독하구만,452,1,12.30,5,,https://chimhaha.net/qm/84501?page=34
[큐엠] 힙합하시는 분들 사이에서,에드몽,874,3,12.30,6,https://resources.chimhaha.net/thumb/1672360472928-mg3nc60t5hp.webp,https://chimhaha.net/qm/84498?page=34
[큐엠] 정숙성·적재능력 갖춘 韓 SUV 대표 르노코리아 'QM6',방구끼지마는영어로돈까스,329,6,12.30,0,https://resources.chimhaha.net/thumb/1672360675178-8aolkqx6uyn.gif,https://chimhaha.net/qm/84497?page=34
[큐엠] 물음표전진기지의 비전?,저는님을돕기위해온사람입니,431,2,12.30,2,,https://chimhaha.net/qm/84496?page=34
[큐엠] 딥플로 vs 주펄,암살자,782,9,12.30,5,https://resources.chimhaha.net/thumb/1672360891519-s9e4r59glwn.jpg,https://chimhaha.net/qm/84495?page=34
[큐엠] 단군님에 이은 두번째 래퍼 자치구역이네요,둥글둥글,733,7,12.30,3,,https://chimhaha.net/qm/84493?page=34
[큐엠] 다음팟부터 보셨다고요?,쁵겎츢,447,2,12.30,0,,https://chimhaha.net/qm/84489?page=34
[큐엠] 힙합민수님 반갑읍니다.,파티오리,443,2,12.30,0,https://resources.chimhaha.net/thumb/1672360055095-hnt4rchswl.gif,https://chimhaha.net/qm/84487?page=34
[큐엠] 아이돌 연습생 출신 큐엠,히샤를리송,1175,8,12.30,2,https://resources.chimhaha.net/thumb/1672359901329-uewfbrsdo38.jpg,https://chimhaha.net/qm/84484?page=34
[큐엠] 여기는 히-팝 개시판인가요?,dpwcik,592,3,12.30,1,,https://chimhaha.net/qm/84483?page=34
[큐엠] 호옥시 QM6타시나요,퍼스트디센던트많관부,1080,7,12.30,2,,https://chimhaha.net/qm/84482?page=34
[큐엠] 누구세요??,저가요~,1687,3,12.30,3,,https://chimhaha.net/qm/84481?page=34
[큐엠] 1빠,참착한주말,754,5,12.30,2,,https://chimhaha.net/qm/84479?page=34
[큐엠] 이주했습니다,큐엠,14490,400,12.30,67,,https://chimhaha.net/qm/84206?page=34
