등수,게시자,내용,점수,연속,총 기도일 수
2018등,바로하모니카,모든소원아 이루어져라,5점,1일째,총31일
2017등,항문낭짜조,ㅇㅇ,5점,5일째,총31일
2016등,오늘도즐거운날입니다,돈맘ㅎ아지게헤주세요,5점,2일째,총32일
2015등,양말펄,이번 한해 잘보내기를,5점,1일째,총10일
2014등,김핸댕,성공하게 해주세요,5점,1일째,총4일
2013등,침싹맨,빚청산 해주세요,5점,1일째,총11일
2012등,태완씨족차맞고쓰러진침착맨,운동 열심히,5점,1일째,총28일
2011등,침시황,쏠로크리스마스 잘지냈잖어?,5점,1일째,총11일
2010등,침착하게낼름낼름,취업하게 해주시오,5점,1일째,총25일
2009등,썽큰04,그림 잘 그리게 해주삼~,5점,1일째,총19일
2008등,아기끼리코덤보,연애하고 시펑,5점,2일째,총17일
2007등,호러쇼,건강하세요,5점,1일째,총3일
2006등,원피스개혁안,내년엔 꼭 원하는 곳 원하는 직무로 취직하게 해주세요,5점,2일째,총34일
2005등,침투부수호자53호,메리 크리스마스!,5점,1일째,총27일
2004등,오링쥐모어쌍,돈줘,5점,3일째,총24일
2003등,베이비병건,침착맨 아조씨 메리 크리스마스,5점,14일째,총37일
2002등,호나유두,행복,5점,1일째,총17일
2001등,누군가는해야돼,행복,5점,1일째,총24일
2000등,침침침,2023 건강,5점,1일째,총14일
1999등,투실버윈,매일 그림,5점,2일째,총39일
1998등,이이이,최고민수 합방 기원,5점,13일째,총50일
1997등,10융융,내일은 닦고 또 닦고 똥 안 싸게 해주세요,5점,1일째,총12일
1996등,땡그르르,이삿짐 좀 싸주세요,5점,1일째,총6일
1995등,침껄껄껄,앞가림 잘하게 해주세요,5점,1일째,총16일
1994등,하이라ㅇㅣ트,행복,5점,1일째,총19일
1993등,옾카페시즌2,연봉아 올라라,5점,1일째,총15일
1992등,피깨피갯삑궷츢,여친 만들어줘잉~ 취업도 시켜줘잉,5점,1일째,총6일
1991등,오히려죻아,오늘도 아자아자,5점,2일째,총28일
1990등,밍키냥,다이어트,5점,3일째,총18일
1989등,너침착당한거야,대박나게 해주소서,5점,1일째,총21일
1988등,침순임,취업 다욧,5점,1일째,총26일
1987등,침며듦,침착맨 메리크리스마스,5점,1일째,총13일
1986등,왕십리로날아온편지,시험대박,5점,3일째,총31일
1985등,고맙잖슴,건강건강건강,5점,2일째,총20일
1984등,허짜장,공지,5점,1일째,총5일
1983등,아배고파,아자아자,5점,1일째,총18일
1982등,곧백수되는사람,모두 행복하길,5점,2일째,총12일
1981등,하리마오,주변에 사랑이 가득한 나날,5점,3일째,총32일
1980등,안경잡이,로또 1등 당첨,5점,2일째,총28일
1979등,돼뚱이,불노불사하게 해주세요,5점,1일째,총20일
1978등,꺽다리왕꺽츄,올리비아 핫세,5점,1일째,총34일
1977등,Calmdowngirl,그만 졸래요!,5점,1일째,총34일
1976등,끄리넥스,한양대 추합,5점,1일째,총2일
1975등,우르릉쾅,건강,5점,3일째,총25일
1974등,침착몬,취업,5점,3일째,총48일
1973등,미노mino,복근 생기게 해주세요,5점,1일째,총38일
1972등,궤도사령부말단,세계 평화,5점,1일째,총22일
1971등,팔팔팔,행복,5점,1일째,총29일
1970등,배배로,방학,5점,1일째,총17일
1969등,두근두근벤치프레스,잘되게해주세요,5점,1일째,총6일
1968등,딸기후라이드,개운하게해주세요,5점,1일째,총15일
1967등,뎨혜임,메리크리스마스,5점,1일째,총26일
1966등,웽글뮁글,침선생님 영접 기원,5점,4일째,총30일
1965등,방구공주님,20억 로또 당첨,5점,5일째,총26일
1964등,DEX,로또1등당첨되게해주세요,5점,1일째,총7일
1963등,짭짤한땅콩,행복,5점,7일째,총28일
1962등,패트와매트,로또 1등 당첨되게 해줘잉~,5점,3일째,총45일
1961등,적정제조기,감기 낫게 해주세요,5점,1일째,총14일
1960등,나는두콩,모두 건강하길!,5점,6일째,총44일
1959등,키자루,가족의행복,5점,1일째,총28일
1958등,히누히트,96시간아 빨리 지나가라,5점,17일째,총41일
1957등,ctree,가족들이 건강하길 빌어요,5점,3일째,총18일
1956등,조선상놈,고추 잘서게 해주세요,5점,7일째,총22일
1955등,라플리즈,깔깔,5점,1일째,총6일
1954등,수원청개구리,빵순이 잘되게 해주세요,5점,12일째,총38일
1953등,김공어찌하여목만오셨소,3대 500,5점,1일째,총5일
1952등,침착맨틀,서버비 1억 기원,5점,14일째,총38일
1951등,Eucalyptus,만수무강,5점,1일째,총2일
1950등,가니메데스,비나이다,5점,1일째,총26일
1949등,보약옥수수,울가족건강행복,5점,4일째,총30일
1948등,서서갈비,히히,5점,1일째,총28일
1947등,이시우라,코로나야 가라 재미없다,5점,1일째,총23일
1946등,목동다이옥신,기도,5점,52일째,총52일
1945등,할일을하자,일에 집중 빡 되게 해주세요,5점,4일째,총20일
1944등,주펄의비혼주의개그,로또 되게 해주세요,5점,1일째,총36일
1943등,구름이의모험,우리 가족 모두 행복하게 해주세요,5점,28일째,총50일
1942등,크레토스,이직 잘하게 해주세여,5점,2일째,총37일
1941등,브룸바,배위인 생사당 기원,5점,2일째,총17일
1940등,레게병건,이병건더니 닉네임 먹게해주세요,5점,1일째,총12일
1939등,침펄풍철단,^____________^,5점,48일째,총50일
1938등,땀나는침덩이,성장하며 지혜를 얻게 해주세요,5점,8일째,총38일
1937등,죠리퐁,즐거운 연말 보내게 해주세요,5점,3일째,총34일
1936등,정흠흠,취뽀,5점,43일째,총43일
1935등,먹틸리언,필승 가고시픈 학교 합격,5점,2일째,총29일
1934등,리엘으,ㅊㅊ,5점,1일째,총18일
1933등,신사90,토,5점,6일째,총39일
1932등,우원박외치는약대생,침착맨 사랑해 김풍 사랑해 주호민 사랑해 다들 사랑해,5점,5일째,총16일
1931등,침주착펄맨,출근하기 싫다,5점,2일째,총33일
1930등,성적취향까다로운주펄,제발 로또 1등 되게 해주세요,5점,1일째,총4일
1929등,삶은겨란,내일 연수 화이팅,5점,1일째,총10일
1928등,조짐성편두통,다음주도 후딱 잘 좋게 지나가게 해주세요.,5점,1일째,총11일
1927등,김뇸냠,행복하게 해주세요..,5점,1일째,총11일
1926등,병건아내가형이다,내일은 꼭 퇴근후에 공부 할 수 있기를,5점,1일째,총4일
1925등,댓글맨,우리 가족 안아프게 해줘라,5점,1일째,총15일
1924등,BiGmacS2,행복.,5점,12일째,총31일
1923등,침착한주호민달팽이,뭐야 오늘 크리스마스였네,5점,1일째,총15일
1922등,덜렁대는피깼츄,윤슬아 밥잘먹고 한달후에 수술 잘받자!,5점,3일째,총23일
1921등,개방장,🙏,5점,10일째,총47일
1920등,천수관음괴력몬,롴도,5점,1일째,총39일
1919등,월클맨,아잉,5점,2일째,총13일
1918등,이쁜둥이,건강하자 봄탱이,5점,10일째,총48일
1917등,미라클,행복,5점,1일째,총9일
1916등,맨날자부는사람,ㅂㄴㅇㄷ,5점,1일째,총20일
1915등,dipoi,얼렁뚱땅상점하고 꼴라보하게 해주세요,5점,1일째,총7일
1914등,피카추,행복하고 싶어요..,5점,1일째,총38일
1913등,야추일수도있지만아닐수도,로또1등 당첨 기원 16일차..?,5점,6일째,총34일
1912등,아니다황멍아,행복하게 연말 마무리 하게 해조잉,5점,1일째,총37일
1911등,남녀칠세마동석,메리클쓰마스,5점,3일째,총31일
1910등,봉합전문의,계속 선물로 수익만 볼수있게해주세요,5점,6일째,총42일
1909등,그래비티캐논,메리 크리스마스,5점,1일째,총6일
1908등,한국인학생,아프지 않게 해주세요,5점,15일째,총48일
1907등,백열장,다친 손이 잘 나아서 백열장 쓰게 해주세요,5점,1일째,총32일
1906등,도토리수집가,행복,5점,1일째,총45일
1905등,김만도,출근시러,5점,5일째,총30일
1904등,서유기,링피트 하고 자게해주세요,5점,4일째,총43일
1903등,침린이,기도하자잉,5점,1일째,총6일
1902등,에디32,크리스마스 잘 마무리해요들,5점,1일째,총12일
1901등,MISFIT,TRPG 해줘잉,5점,1일째,총4일
1900등,청설모곳간,일과 사랑 두가지 토끼를 다 잡을 수 있도록 해주세요,5점,38일째,총50일
1899등,궤굽민수,만족하며사는삶,5점,22일째,총38일
1898등,오히려못참아,복아와라,5점,1일째,총44일
1897등,나랑같이걸을래,잘 지내길,5점,1일째,총25일
1896등,땨람쥐렸다,내일 헬스 가게해주새여,5점,1일째,총20일
1895등,까붕이,1919등 횐님의 소원을 들어주세요,5점,2일째,총28일
1894등,삐깨삐겟피캐쭈,20키로 감량,5점,1일째,총7일
1893등,정지궤도,소원,5점,2일째,총36일
1892등,늑대인간침투부요원,그림 잘그리게 해주세요,5점,1일째,총31일
1891등,이병건사랑해,그저행복,5점,3일째,총37일
1890등,뿌슝빠슝,행복,5점,4일째,총45일
1889등,낭심든든,연애를 시켜다오,5점,13일째,총41일
1888등,마회장,월요일 오지마라,5점,10일째,총40일
1887등,침주빠,내년엔 제발 통장에 1000만원 이상 모이게 해주세요,5점,1일째,총1일
1886등,이따올때차돌짬뽕,무사히집에갈수있게해주세요,5점,2일째,총39일
1885등,dIs,출근하기싫다...,5점,1일째,총5일
1884등,야생고양이,건강,5점,26일째,총41일
1883등,오징어,으악컄캬컄,5점,25일째,총51일
1882등,침지노,여자친구 생기게 해주세요,5점,1일째,총18일
1881등,포뇨포뇨포뇨아기말년이,좋은데로 취업하게해주세욘,5점,1일째,총25일
1880등,천재묘김레오,내년엔 원하는 대학 가게 해주세요,5점,1일째,총1일
1879등,호나우지뉴,건강하게 해주세요,5점,1일째,총20일
1878등,실망이,메리크리스마스,5점,2일째,총2일
1877등,커피베이,내년엔 더 잘되길,5점,1일째,총12일
1876등,혀이워느,로스쿨 추합 붙게 해주세요,5점,1일째,총15일
1875등,뚜벅초,소원,5점,2일째,총38일
1874등,꼬마돌,안녕하소~,5점,3일째,총40일
1873등,웅크린바위,스트레스 안받게,5점,1일째,총15일
1872등,침피오카펄추가,뒤틀린 사람이 되지 않게해주세요,5점,1일째,총20일
1871등,마추픽추내꼬추왕꼬추,졸업 전에 좋은 회사 들어가게 해주세요...,5점,2일째,총23일
1870등,진경산수화,건강하게 행복하게 침착하게,5점,7일째,총29일
1869등,기기기어르,2,5점,1일째,총19일
1868등,베개나라일꾼,횐님들 다 복받으시고 우리가족 건강하쟈,5점,1일째,총15일
1867등,투기장1타강사,길가다가 우연히 침착맨 만나기,5점,1일째,총18일
1866등,Heung,행운+1,5점,1일째,총1일
1865등,링피트,스팀덱 제발... 이번주에는 오게 해주세요,5점,1일째,총13일
1864등,그대안의프리에토,내일도 오기,5점,3일째,총40일
1863등,책상은책상이다,합 격 기 원,5점,3일째,총48일
1862등,궤착맨,궤도님 건강하세요,5점,52일째,총52일
1861등,세상에나쁜질문은없다,시험 합격,5점,19일째,총23일
1860등,닭집사장,무사 복귀,5점,1일째,총7일
1859등,베토디,만사형통,5점,34일째,총41일
1858등,침착맨수호자,아프지 않게 해주세요,5점,1일째,총18일
1857등,병건을말년하게,로또 당첨,5점,2일째,총30일
1856등,오마카세,내가 원하는 걸 깨닫게 해주세요,5점,2일째,총29일
1855등,완폐아,내년에는 크리스마스 선물로 10만원 받게 해주세요...,5점,4일째,총8일
1854등,어둠미르,건강!!,5점,2일째,총30일
1853등,고릴라,일 안하고 돈 많이 벌게 해주세요,5점,1일째,총16일
1852등,닉네임이없다,오늘부터 1일 물론 소원의 돌,5점,2일째,총4일
1851등,흑두루미,여자친구 주세요,5점,1일째,총1일
1850등,소배우,하는 일 잘 되게 해주세요,5점,4일째,총25일
1849등,kom,로또 1등 당첨,5점,4일째,총39일
1848등,호들갑맨,강녕,5점,10일째,총51일
1847등,앙침하띠,행복하게 해주세요,5점,15일째,총39일
1846등,침바협,🙏🏻,5점,2일째,총28일
1845등,피넛츠,월요일이 안오게 해주세요,5점,1일째,총9일
1844등,고양이크면호랑이,추운거 싫어잉,5점,1일째,총1일
1843등,난항구를떠도는철새요,로또 되게 해주세요,5점,2일째,총37일
1842등,whddms,로또1등 기원,5점,2일째,총3일
1841등,니은니은,행복하자,5점,2일째,총6일
1840등,구의동칸쵸,추운거 싫어요,5점,1일째,총43일
1839등,회계민수,무사고 기원,5점,4일째,총42일
1838등,제주집사,소원,5점,5일째,총39일
1837등,뽀뽀쪽,다이어트,5점,1일째,총31일
1836등,병건이는너무졸려,핸드폰 찾게 해주세요,5점,25일째,총34일
1835등,다만구쭈를구하소서,우원박 감기 안걸리게 해주세요,5점,1일째,총13일
1834등,매직박구리,건대 합격!!,5점,1일째,총10일
1833등,휘낭시엥,돈들어오게해주세ᄋᆢ,5점,3일째,총30일
1832등,울면한대울면한대,멜멜크,5점,1일째,총33일
1831등,지안이,메리메리크리스마스,5점,2일째,총23일
1830등,황제펭귄3호,메리메리 크리스마스~,5점,1일째,총6일
1829등,말랑촉촉우유식빵,2년 뒤 귀국할 친구한테 밥 한끼 사주는 사회인 되기,5점,2일째,총8일
1828등,악마의속썩임,꺅 메리크리스마스!!!,5점,1일째,총2일
1827등,보약사범허준,무릎 안아프게 해주세용,5점,1일째,총38일
1826등,계란빠빠형,사랑해우리야,5점,1일째,총20일
1825등,서진아빠,우리 서진이 건강하고 모두 행복하게 해주세요,5점,11일째,총46일
1824등,정자동불주먹,무던한 사람이 될 수 있도록,5점,1일째,총5일
1823등,허좌장,합격기원,5점,40일째,총48일
1822등,어린백셩,로또 1등 당첨,5점,3일째,총21일
1821등,올때양파링,로또 1등 당첨되게 해주세요,5점,1일째,총1일
1820등,GV70,나이 안먹게 해주세요,5점,1일째,총1일
1819등,맛쟁이토마토,좋은팀원주새요,5점,1일째,총7일
1818등,uri9158,원펀데이 만들어지게 해주세요,5점,1일째,총6일
1817등,예절맨,힘이 나게 해주세요.,5점,13일째,총39일
1816등,대가리밟기요정,개방장님이 저 초대석 하게 해주세요!!,5점,1일째,총18일
1815등,유유꿍꿍다이,건강하게 해주세요,5점,3일째,총20일
1814등,와자뵤,우리 동생 건강하고 행복해지길,5점,1일째,총25일
1813등,맛있는귤귤,건강,5점,2일째,총27일
1812등,병건티비라이트유저,모두 화이팅!,5점,1일째,총20일
1811등,Some,ㅎ,5점,1일째,총2일
1810등,스읍하이더맨,침착맨 실제로 보고싶어잉,5점,8일째,총33일
1809등,불만맨,프랭크 오션 앨범 기원,5점,45일째,총45일
1808등,모ㅇㅓ쌍,인생 편하게 살고 싶어요,5점,3일째,총9일
1807등,나도한국인,부모님 건강.아버지 별일 아니길,5점,5일째,총22일
1806등,꼰냉이,시간아 멈추어 다오,5점,7일째,총27일
1805등,주화입마,합격기원,5점,1일째,총24일
1804등,우발적침청자,ㅎㅎㅎ,5점,11일째,총35일
1803등,칼침착맨,여자친구 생기게해주세요,5점,1일째,총6일
1802등,자석충전기,적게 일하고 돈 많이벌고 싶어요,5점,1일째,총2일
1801등,접착멘,인생 잘 풀리게 해주세요,5점,1일째,총1일
1800등,구구냥,걱정근심을날려줘!,5점,1일째,총14일
1799등,복사붙여넣기,이기적인쇄끼 대과리 깨지게 해주세요,5점,2일째,총35일
1798등,Haplesslife,여친생기게해주세요,5점,1일째,총1일
1797등,파마산치즈,다 잘되게 해주세요.,5점,1일째,총3일
1796등,밀림속의치타,나 빼고 다른 사람들 소원 다 안 이루어졌으면,5점,1일째,총13일
1795등,침무챠쿠망,방학동앙 계획한거 잘 지킬 수 있게 해주세요,5점,1일째,총14일
1794등,gabrielle,hoy,5점,3일째,총11일
1793등,거니거니,부자되기,5점,3일째,총47일
1792등,침착한나칭찬해,메리크리스마스,5점,1일째,총12일
1791등,박시달,저희 가족 오래오래 건강하고 행복하게 해주세요,5점,1일째,총15일
1790등,애새끼맨,방장 생방 필참,5점,2일째,총39일
1789등,개냥이,좋은 룸메!,5점,2일째,총30일
1788등,서울시털보,근검절약,5점,6일째,총41일
1787등,제갈량마눌,공무원 합격!,5점,1일째,총10일
1786등,부자애옹이,저희 또또 입병나아 입맛찾길 흉수빠지길 응아 단단 신장,5점,2일째,총31일
1785등,나미춘알단,침착맨과 관련된 모든 분들 잘되게 해주세요,5점,12일째,총45일
1784등,생존전문가김병철,생존,5점,2일째,총32일
1783등,세르지오부스케츠,가정의 평화,5점,1일째,총2일
1782등,수부타이,기루기루 고춧기루 돗도로돗돗 도라이니?,5점,3일째,총39일
1781등,시작하는여행자여안녕,러브엔 피스 세상에 평화가 있기를,5점,1일째,총20일
1780등,염소가그리운수달,이직민수 되기,5점,2일째,총16일
1779등,Kosmos,합격 합격,5점,5일째,총44일
1778등,구굴군,소원들어줘!,5점,1일째,총2일
1777등,아이묭,ㅇㅇ,5점,5일째,총33일
1776등,판옾티콘,운동 열심히 하자,5점,3일째,총22일
1775등,토끼빵댕이,시험대박,5점,3일째,총23일
1774등,호로롤로로롤,자소서 작성,5점,2일째,총37일
1773등,마라샹꿔바로우,오늘은 일찍 잘 수 있기를🙏,5점,1일째,총24일
1772등,영도니,내일하루뿌듯하게보내기,5점,1일째,총8일
1771등,뚱땅이,멜크야 잘가라~ 같은사람아니길 바란다 ,5점,6일째,총42일
1770등,김ㄴㄴ,행복한 사람이 되자.,5점,1일째,총32일
1769등,pfe,pfe,5점,26일째,총44일
1768등,쿸킼맛우유,얍,5점,2일째,총24일
1767등,침하하beta,내일도 행복한 하루가 되길,5점,1일째,총3일
1766등,저스트닝겐,자라나라 쭈펄머리,5점,1일째,총2일
1765등,심리민수,♥︎ ,5점,7일째,총48일
1764등,다발무,만수무강,5점,2일째,총28일
1763등,아수라,합격,5점,7일째,총45일
1762등,키시시,하하하,5점,1일째,총10일
1761등,조인자효,소원을 들어주세요.,5점,1일째,총9일
1760등,데규르르,행복,5점,1일째,총11일
1759등,석봉짱,행복하게해주세요,5점,1일째,총5일
1758등,서망고,소닉엔딩,5점,1일째,총29일
1757등,불꽃소방,로또 1등,5점,16일째,총42일
1756등,아하하,숨 잘 쉬고 건강하게 해주세요.,5점,1일째,총26일
1755등,쉬세요,덜 춥게 해줘잉,5점,4일째,총13일
1754등,배거슨,행복하게해주세요,5점,1일째,총9일
1753등,개굴닌자,건강하자,5점,1일째,총13일
1752등,쥬유쟤,기도!,5점,1일째,총7일
1751등,바람개비,올해 마무리 \잘하게 해주세요,5점,1일째,총18일
1750등,쫄깃쫄깃,2024 임용 합격,5점,1일째,총5일
1749등,상산의조자룡,메리 크리스마스!!,5점,1일째,총15일
1748등,hotChoco,메리 크리스마스,5점,1일째,총2일
1747등,켠김에침투,눈 좀 그만오게 해주세요,5점,1일째,총4일
1746등,무한으로즐겨요명륜진사갈비,공모전다잘되길,5점,1일째,총31일
1745등,파란숲,연금복권 당첨!,5점,2일째,총12일
1744등,병건약건,동혁이 오늘 사람들 빨리 나가서 일찍 끝나길,5점,1일째,총18일
1743등,아기침냥잉,행복 즐거움 건강 ! ,5점,1일째,총30일
1742등,옾하하하,카드만들기,5점,1일째,총26일
1741등,AYOO,나를 싫어하는 사람을 싫어하지 말아요,5점,2일째,총31일
1740등,왕왕호들갑,시험 합격!,5점,20일째,총50일
1739등,지더쿠,모두 메리크리스마스!,5점,1일째,총44일
1738등,jiw,좋아하는 애랑 사귀게 해주세요,5점,1일째,총5일
1737등,사용가능한닉네임,내인생화이팅,5점,5일째,총16일
1736등,뿌잉찐,몰루,5점,5일째,총37일
1735등,폐라리로쉐,메리크리수마수,5점,1일째,총4일
1734등,정정회원,통천누나랑 결혼하게 해주세요💛,5점,17일째,총30일
1733등,십일만양병건,아침형 간헐적 단식 성공하게 해줘잉,5점,1일째,총22일
1732등,남궁춘자,공부좀 해라,5점,7일째,총49일
1731등,신이나,어제와 이하동문,5점,22일째,총49일
1730등,침췍미앤사룽해,메리메리클스마스,5점,5일째,총30일
1729등,새바리,합격까지 D-230,5점,31일째,총40일
1728등,알머리박치기,무탈한 하루,5점,1일째,총17일
1727등,문경한국인,내년 크리마스엔 혼자가 아니게 제발,5점,5일째,총17일
1726등,Fine,국시 대박 기원,5점,26일째,총33일
1725등,별뚱이, ,5점,8일째,총29일
1724등,숨겨진요그왕국의부락민,전역이 하루 아침 빨리오기,5점,1일째,총1일
1723등,특소인배,남은 군 생활 잘 보내기,5점,1일째,총1일
1722등,주니리,메리크리스마스~~,5점,1일째,총1일
1721등,김개구리,성대 합격하게 해주세요,5점,1일째,총4일
1720등,반반통닭천사,알하이탐 뽑게해주세요,5점,1일째,총37일
1719등,에이아이,좋은 인연 만나게 해주세요,5점,8일째,총42일
1718등,꺾삼신,무난하게 일할 수 있도록 도와주세요 ,5점,2일째,총4일
1717등,김트스,메리크리스마스,5점,1일째,총13일
1716등,삼괴권고수,로또 당첨,5점,1일째,총28일
1715등,꼬마자객,복권1등기원11일차,5점,26일째,총38일
1714등,공포를이겨내,시험 합격하자,5점,2일째,총41일
1713등,침하하핫,메리 크리스마스입니다! 과제 다 끝내고 자야지,5점,49일째,총49일
1712등,쟁반같이둥근달,이너피스,5점,2일째,총32일
1711등,소원의돌넌뒤졌다,코로나 더 이상 아프지마랏!ㅔ,5점,20일째,총47일
1710등,옾월량,여기 계신분들 소원 다 이루어 지길!,5점,2일째,총43일
1709등,주펄대작전,입찰 붙게 해주세요,5점,1일째,총5일
1708등,김말봉,호에엥,5점,1일째,총4일
1707등,침하하원로,모든 시험 합격,5점,4일째,총24일
1706등,알파벳,여자친구생기게해주세요,5점,2일째,총31일
1705등,삐갯피켓빅맥스,집에 가지 않아도 행복할 수 있게 해주세요,5점,11일째,총47일
1704등,정신나갈것같아,행복한 일주일 보내기,5점,1일째,총16일
1703등,4용자,여자친구 생기게 해주세요,5점,1일째,총16일
1702등,침클립을알고있니,메리 크리스마스 ~~~ 모두 행복한 크리스마스 되기를 ,5점,1일째,총17일
1701등,밀보리쌀,돈 많은 백수가 되게 해 주세요,5점,1일째,총8일
1700등,크리스마스,메리,5점,8일째,총34일
1699등,갈비대왕,사랑니 뽑은 자리 안아프게 해줘잉 ,5점,1일째,총1일
1698등,띠요요용,하암,5점,1일째,총9일
1697등,반짝이는바지,평범한 삶,5점,1일째,총16일
1696등,침착한샴푸뚜껑,들어줘잉 ◡̈ ,5점,2일째,총28일
1695등,단세포,사랑해,5점,1일째,총33일
1694등,멍청도,하야,5점,1일째,총6일
1693등,침차쿠상,회계사 시험 합격,5점,1일째,총37일
1692등,빠영구염따끄,사랑합시다!!,5점,1일째,총7일
1691등,서툰어택,메리 꾸리쑤맛쑤,5점,4일째,총4일
1690등,터럭발,...,5점,1일째,총3일
1689등,꽝대꽝,소원아 이루어져라! ,5점,1일째,총38일
1688등,달마시안,행복하게 해주세요,5점,6일째,총21일
1687등,김펩시,아프지말고,5점,2일째,총25일
1686등,촉나라의유산,잠 잘자게 해주세요,5점,1일째,총47일
1685등,봉미선,약속 취소되게 해주세요,5점,3일째,총38일
1684등,SyrupJar,충성충성,5점,52일째,총52일
1683등,댄져러스독감자,모두 행복한 크리스마스 되게 해주세요!,5점,2일째,총13일
1682등,나이키,행복한 22년,5점,12일째,총50일
1681등,kum,돈많이 벌게 해주세요,5점,3일째,총31일
1680등,주펄아방궁창고월세세입자,바빠서간만에왔습니다대박나게해주세요,5점,3일째,총21일
1679등,유버튼,기도,5점,48일째,총48일
1678등,aKAHa,시험 합격하게 해주세요~,5점,5일째,총41일
1677등,데스나이트,구글군 창설 기원,5점,2일째,총18일
1676등,돌고래유쾌단,로또당첨시켜줘잉,5점,1일째,총26일
1675등,리버브,메리크리스마스,5점,1일째,총9일
1674등,고구마라떼,ㅑ,5점,1일째,총35일
1673등,비숑오오옹,평온한하루돠게해주새요,5점,2일째,총12일
1672등,치즈탐험신비의세계,건강,5점,1일째,총18일
1671등,글쟁이가되고싶오,2023년이 되기 전에 여자친구랑 데이트하게 해줘잉,5점,1일째,총19일
1670등,Hello,Hello,5점,1일째,총30일
1669등,고독하구만,건강,5점,1일째,총26일
1668등,치뫄뫄,오늘도 무사히! 바라는 일이 이뤄지길!,5점,20일째,총37일
1667등,영태킴,건강건강,5점,1일째,총26일
1666등,마라탕빌런,건강건강,5점,1일째,총14일
1665등,Shackleton,마녀의 여행 2기 기원 20일차,5점,2일째,총22일
1664등,case,소원의 돌 까먹지 않게 해주세요,5점,1일째,총8일
1663등,체리석류맛,내일 안 힘들게 해주세요,5점,1일째,총23일
1662등,토니와샘,경상대 제발 탈락되게 해주세요 ㅠㅠㅠㅠㅠ 수시납치만큼은,5점,1일째,총1일
1661등,오5오5,건강,5점,1일째,총31일
1660등,피츠하버트,행복한 하루,5점,24일째,총42일
1659등,사과나무,토토 1등 ,5점,1일째,총3일
1658등,아서비햄,침착맨 김희철 합방기원 7일차,5점,52일째,총52일
1657등,LA침숭이,국가고시 1등급,5점,2일째,총33일
1656등,민지짱,일안하고 먹고 살 수 있게 해주세요,5점,4일째,총28일
1655등,장칼국수,꺽꺽,5점,13일째,총42일
1654등,킹받는선글라스,아 멀미나,5점,46일째,총46일
1653등,침블리야,똥 좀 나오게 해줘ㅠ,5점,1일째,총30일
1652등,옆집아는동생,로또1등,5점,40일째,총45일
1651등,궈l도,조럽,5점,1일째,총21일
1650등,타니닝,부자,5점,1일째,총26일
1649등,이뮥수,침착맨도 앨리스도 메리크리스마스,5점,8일째,총41일
1648등,쿄쿄쿄,취뽀,5점,3일째,총30일
1647등,침무원,메리 크리스마스~~~,5점,3일째,총21일
1646등,초코우유,월요일아 오지마라..,5점,11일째,총43일
1645등,피그밀,올 한해 마무리 잘 하게 해주시고 내년에 행복하게해주세,5점,3일째,총31일
1644등,나는아름다운나비치과,침하핫,5점,3일째,총42일
1643등,구름한스푼,다이어트 끝까지 성공하게 해주세요 ,5점,3일째,총23일
1642등,김학건,연애성공,5점,3일째,총36일
1641등,어서옾쇼,롤 잘하게 해주세요,5점,1일째,총39일
1640등,감나라배나라,침착맨이 다시 흡연하기를 바라며,5점,2일째,총13일
1639등,빡침펄,내일도 무사히,5점,3일째,총23일
1638등,니덕분이야,해외출장 무사히,5점,2일째,총22일
1637등,주파수,의욕이 필요합니다,5점,14일째,총46일
1636등,킹갓돔,메리크리스마스~,5점,1일째,총18일
1635등,김대중,대한민국의 평화를 빕니다.,5점,1일째,총3일
1634등,잔잔한파도,돈줍게해주세요,5점,5일째,총45일
1633등,알제이,"끈기와 노력, 실천하는 인간이 되게 해주세요",5점,3일째,총46일
1632등,배고파이잉,나는 너 좋아하면 안되냐?,5점,3일째,총19일
1631등,김일성,ㅎ,5점,3일째,총49일
1630등,또요용,울집 댕댕이 암재발 없이 건강한 할아범댕 되게 해주세요,5점,44일째,총45일
1629등,헐마이오니,로또1등당첨되게해쥬십셔,5점,16일째,총45일
1628등,샤빠뚜비루밥,1차 제발 합격 시켜주세요 ㅠㅠ,5점,13일째,총26일
1627등,지옥의마라샹궈,겨울방학갓생성공,5점,1일째,총9일
1626등,나이저모건,화이팅,5점,1일째,총29일
1625등,햄수자,줄크 보내게 해주세요,5점,1일째,총9일
1624등,빠운쓰,뭘 하든 조금만 더 열심히 하게 해주세요,5점,5일째,총39일
1623등,침착맨삼국지완전판,조회수 2천만 되게 해주세요. 메리 크리스마스.,5점,3일째,총48일
1622등,책넘기다손베임,메리 크리스마스입니당!!,5점,1일째,총25일
1621등,가나다라마밥뭇나,대학합격기원,5점,2일째,총13일
1620등,경비이실,치킨 맛있게 해주세요,5점,4일째,총36일
1619등,싱그리벙그리,내일이 오지 않게 해주세요,5점,1일째,총34일
1618등,캡튼에스프레소,이직성공,5점,1일째,총13일
1617등,지포스익스피리언스,오늘쌕쓰한커플들모두아이를갖게해주세요,5점,3일째,총3일
1616등,킹병거니,내일 출근 싫어여,5점,1일째,총42일
1615등,가밀레,띠로롱,5점,7일째,총51일
1614등,아라따병건병건,아하,5점,1일째,총2일
1613등,애송이실박사,연구 잘되게 해주세요,5점,1일째,총23일
1612등,김얌전,사랑해요,5점,5일째,총37일
1611등,엄청높은그레이티드파마산,행복크리스마스,5점,1일째,총21일
1610등,구구구,cc,5점,1일째,총17일
1609등,남양주주민,건강기원,5점,5일째,총33일
1608등,미섹차짬,제발 내맘 알아줘요,5점,3일째,총30일
1607등,투민러브,우리 흰둥이 입시성공하게 해주세용,5점,12일째,총39일
1606등,겨울잠,새로운 인연,5점,1일째,총32일
1605등,민트초코좋아하시죠,여자친구 생기게 해두세요,5점,41일째,총47일
1604등,미노님,건강하고 하는일 잘 됐으면 좋겠어요 ㅎㅎ,5점,1일째,총28일
1603등,소원맨,메리크리스마스,5점,1일째,총17일
1602등,부영사랑으로,여친,5점,4일째,총48일
1601등,베이가,10대 부자 되게해주세요,5점,52일째,총52일
1600등,찜하핫,침하하하하하ㅏㅎ,5점,2일째,총29일
1599등,아기삵,행복한일 가득!!,5점,1일째,총33일
1598등,중앙석전관리위원회,건강,5점,1일째,총36일
1597등,곧휴잭맨,안녕,5점,26일째,총42일
1596등,임지금,멜크,5점,1일째,총23일
1595등,연어맨,이사 잘 하게 해주세요,5점,2일째,총23일
1594등,ARTIDe,기도,5점,8일째,총28일
1593등,누칼협,여친 기원,5점,1일째,총6일
1592등,닽Dot,으헤헤,5점,1일째,총16일
1591등,이병건회장,눈 오게 해주세요,5점,1일째,총4일
1590등,산타클로스,예쁜 여자친구 사귀해줘잉,5점,5일째,총24일
1589등,노량진도둑고양이,메리 크리스마스~~,5점,7일째,총31일
1588등,쌍절곤잘합니다,뾰로로로롱,5점,3일째,총27일
1587등,삐리빠리뽕,메리크리스마스,5점,4일째,총23일
1586등,발바닥,행복하고 싶어요,5점,3일째,총47일
1585등,이병건달,수능대박,5점,1일째,총17일
1584등,병건이의경쟁자,2일차인가?,5점,2일째,총12일
1583등,침착맨+,가족들과 맛있고 화목한 저녁식사,5점,1일째,총41일
1582등,Luffy,사랑해,5점,2일째,총9일
1581등,호주민,얍,5점,10일째,총40일
1580등,비밀일기,다라이톡 출시 대작전,5점,1일째,총11일
1579등,으중한김으중,침착맨 만나게 해주세요,5점,5일째,총19일
1578등,이말년침착맨이병건,메리크리스마스 ,5점,8일째,총50일
1577등,무승부로하지않을래,행복하자,5점,31일째,총38일
1576등,밥수저,건강하고 이쁜 애기 갖게 해주세요,5점,1일째,총31일
1575등,침하하Delta,2023년에 동차하게 해주세요,5점,6일째,총25일
1574등,대햇대햇,벌레들 다 없어져라,5점,1일째,총22일
1573등,Politecat,취업기원,5점,11일째,총31일
1572등,뇌절탐정이왕건,헛,5점,13일째,총50일
1571등,전자공학민수,전역,5점,34일째,총43일
1570등,4444,"해피 크리스마스, 가족건강 그리고 지혜가득 행복하게",5점,1일째,총4일
1569등,뭐햄시니,시니어 개발자가 되고싶어요,5점,4일째,총29일
1568등,멀쌔대쓰벤츠,모든 걱정 사라지게,5점,9일째,총28일
1567등,유리리,소원이 이루어지길,5점,5일째,총34일
1566등,지방자치근육,메리크리스마스,5점,1일째,총29일
1565등,새고픔,합격시켜줘잉,5점,1일째,총6일
1564등,교원대꼴뚜기,메리크리스마스~,5점,1일째,총31일
1563등,애기댕댕이,마음이 평화롭게 해주세요,5점,2일째,총18일
1562등,호꾸아이슨배님,🎄,5점,3일째,총11일
1561등,병건건,2023합격기원,5점,4일째,총42일
1560등,주호미,침하하,5점,4일째,총42일
1559등,흙흙흙,기분 좋은하루되길,5점,1일째,총5일
1558등,방귀대장,별일없이산다,5점,11일째,총30일
1557등,시노노메에나,소원!,5점,1일째,총18일
1556등,개밥먹는배찌,"로또1등 소원을 들어주는 돌이냐, 이뤄주는 돌이냐",5점,1일째,총23일
1555등,방순튀,부자되게해주세요,5점,1일째,총14일
1554등,완전즐겜유저,인생...,5점,44일째,총44일
1553등,야스왕야추킹,그 아이가 언제나 무사하길,5점,11일째,총50일
1552등,우와민,로또 당첨 !,5점,1일째,총9일
1551등,존잘맨이병건,로또 당첨 가보자,5점,3일째,총47일
1550등,솔의눈,내년대박,5점,1일째,총3일
1549등,라임향,로또당첨,5점,1일째,총20일
1548등,싱하형,돌아 내 소원 다 이루어줘,5점,2일째,총38일
1547등,치킹치퀸,로또 1등 기원 12일차,5점,1일째,총20일
1546등,슈퍼말랑코딱지,행복하게해주세요,5점,1일째,총3일
1545등,7성사이다,재수성공,5점,1일째,총34일
1544등,침착맨의애착대머리,대학,5점,1일째,총2일
1543등,Kantian,박사논문,5점,4일째,총40일
1542등,진한남자,월드피스,5점,7일째,총44일
1541등,침착맨장재미슴,델리스파이시 고백 불러주세요,5점,2일째,총47일
1540등,털마왕,D-91 전역아 와라~,5점,1일째,총23일
1539등,헤이멀룩일어나,공무원합격,5점,1일째,총17일
1538등,자이제시작이야,멜크,5점,1일째,총14일
1537등,선학동꿀주먹,돈,5점,47일째,총47일
1536등,김호이, ,5점,20일째,총37일
1535등,슈퍼마리오,벌크업,5점,1일째,총47일
1534등,침착나라통닭공주,건강하게 해주세요,5점,1일째,총14일
1533등,펌핑맨,메리크리스마스,5점,1일째,총26일
1532등,침착침,행복해져라 행복해져라,5점,3일째,총33일
1531등,쭈아가,행복,5점,2일째,총39일
1530등,내꿈은침수자지,지민이 소원 이루어지게 해주세요,5점,2일째,총16일
1529등,침사랑내곁에,침착맨 실물 영접하게 해주세요!,5점,2일째,총21일
1528등,종이장,말년의 첫사랑 아이폰 13 프로 케이스 재입고 소망,5점,2일째,총40일
1527등,댄져러스걸,메리 크리스마스 😻😻,5점,2일째,총30일
1526등,뀨뀨우,방금 생각한 소원이 이뤄지게 해주세요,5점,1일째,총1일
1525등,폴리야스,메리 크리스마스~~,5점,1일째,총5일
1524등,글쓰는시청자,행복한 연말 보내게 해주세용,5점,20일째,총48일
1523등,치무챠쿠걸,재수 성공,5점,10일째,총44일
1522등,집착맨,ㅇㅇ,5점,7일째,총50일
1521등,이상해씨해상,결국 기도하러 옴,5점,3일째,총30일
1520등,고블린로켓헬멧,소원 이뤄지게 해주세요,5점,3일째,총36일
1519등,챼형원,완벽한 하루,5점,9일째,총42일
1518등,위험한자식이재희,건강하고돈많이벌게해주세요,5점,3일째,총21일
1517등,수해쨩,마라도만한 운석하나만 줍게해주세요,5점,32일째,총50일
1516등,침하하즉시가입,내일도 평화로운 하루 되게 해주세요,5점,1일째,총44일
1515등,mogan,잘 되게 해주세요...ㅎㅎ,5점,6일째,총15일
1514등,ㅁㅁㅁㅁㅁㅁ,다들 행복하게 해주세요,5점,2일째,총5일
1513등,참깨점박이바다표범,돌,5점,1일째,총19일
1512등,난항상배고파,우리 여보 가게 대박나게 해주세요 7일차,5점,6일째,총23일
1511등,베개나라공주,아악,5점,7일째,총50일
1510등,NaN,연애하게 해주세요,5점,1일째,총28일
1509등,Krbaaa,로또 1등 당첨 기원,5점,9일째,총37일
1508등,침착맨통조림,아프지 말자,5점,2일째,총33일
1507등,10사나이,2023년에는 그저 행복하기만 하고 싶습니다,5점,1일째,총1일
1506등,뚱이뚱땡이,낫자,5점,2일째,총8일
1505등,캐나다,메리크리스마스,5점,2일째,총15일
1504등,궤친놈,주말아 아직은 안되 가지마,5점,4일째,총31일
1503등,후치몽,로또 1등 기원!,5점,5일째,총41일
1502등,아안녕하세요,군대가기진짜개싫어요,5점,25일째,총50일
1501등,hutdool,주말아 가지마,5점,8일째,총42일
1500등,bzuz,행복,5점,1일째,총23일
1499등,침티모,여자친구 생기게 해주세요,5점,4일째,총32일
1498등,침둥이,시켜줘 로또 1등,5점,1일째,총35일
1497등,개굴반장,굿,5점,1일째,총35일
1496등,과천수호자,메리크리스마스,5점,12일째,총28일
1495등,시스토,내일이 오지 않길,5점,2일째,총30일
1494등,대왕오징오징,다가오는 설에 3짜 물고기라도.. 잡게해줘잉(15트),5점,2일째,총42일
1493등,침순이밍G,이대로 무탈한 하루하루,5점,1일째,총19일
1492등,돌숭이구름은,취업시켜주세요,5점,1일째,총31일
1491등,깨스뤠이팅,커플 다 깨져라,5점,1일째,총44일
1490등,Vicky,자격증 한 번에 패스,5점,1일째,총10일
1489등,NMIXX릴리,하게 해주세요,5점,19일째,총34일
1488등,정강환이다내가,행운 가득한 삶을 주세요,5점,7일째,총35일
1487등,파스타에면추가,메리크리스마스,5점,1일째,총4일
1486등,너굴맨N,네이버웹툰 입성 기원,5점,1일째,총4일
1485등,옛살라비,집에가게해주세요,5점,1일째,총10일
1484등,쁠리에,늘 잊지 않게 해주세요,5점,12일째,총49일
1483등,쐬고기면,정규직 전환,5점,2일째,총42일
1482등,SeoTaiJi,내일 출근 전까지 눈 다 녹게 해주세요,5점,52일째,총52일
1481등,고오앙,"하는 일, 연애, 가족 평안 모두 잘 되게 해주세요.",5점,7일째,총29일
1480등,준빈쿤을응원해,"제발 제 불안을 해소해주세요,,",5점,2일째,총16일
1479등,김구페,제에에에에발 손님 그만좀들어오게해주세요....,5점,1일째,총17일
1478등,침착한알파카,우리 결혼하게 해주세요!,5점,23일째,총50일
1477등,임다섯모,쓸쓸하지 않게 해주세요,5점,23일째,총35일
1476등,좌절하지않는조홍,ㅠㅠ,5점,38일째,총38일
1475등,이빨빠진옥수수아앙,편입성공아 와라,5점,1일째,총13일
1474등,댄져러스치미창가맨,짝녀 연락오게 해줘잉,5점,1일째,총6일
1473등,침꺾마,오늘도 화잇팅!,5점,1일째,총5일
1472등,과일채소묶음,ㅊㅊ,5점,4일째,총11일
1471등,우원박시시,부자 되고시퍼잉,5점,2일째,총44일
1470등,침핳핳,냉무,5점,52일째,총52일
1469등,침착맨시청자,메리 크리스마스,5점,6일째,총50일
1468등,이나니스,1등하게 해주세요,5점,1일째,총15일
1467등,시저시조시져,평안,5점,1일째,총29일
1466등,조깐둥이,우리 강아지 안아프고 오래 살게 해주세요. ,5점,1일째,총40일
1465등,탈퇴한회원,메리 크리스마스,5점,52일째,총52일
1464등,배도라지FC,제 발 취 업,5점,1일째,총1일
1463등,사이코, ,5점,1일째,총6일
1462등,좌붕알초우붕알풀,부자되게 해주세요ㅠㅠ,5점,6일째,총34일
1461등,침착한철용좌,살기 힘들어요..ㅠㅠ,5점,1일째,총27일
1460등,스티밍,최종합격,5점,2일째,총33일
1459등,침원박,마음이 따뜻한 사람이 되게 해주세요.,5점,11일째,총31일
1458등,쏘영민수,꾸쭈,5점,1일째,총3일
1457등,주호롱이,건강행복,5점,12일째,총38일
1456등,HarryPotter,행복하자,5점,1일째,총11일
1455등,지성박매직박우원박렛츠고,우원박과 만나기,5점,17일째,총25일
1454등,침맨사랑해,제발 면접 붙게 해주세요 🥲,5점,3일째,총12일
1453등,흑연퍼먹어,일안하고 돈마니벌게해주세요,5점,5일째,총23일
1452등,김진사,여유로운 마음,5점,1일째,총16일
1451등,짐작멘,더 많은 힘,5점,2일째,총36일
1450등,두두두다루,로또1등,5점,52일째,총52일
1449등,우마왕,지구촌 평화...,5점,1일째,총44일
1448등,후추후추,바라밀다심경,5점,1일째,총2일
1447등,화석쿤,잘가라 이병건,5점,2일째,총21일
1446등,짱구는목말라,기사시험합격,5점,52일째,총52일
1445등,이병거니요,소원이 이루어졌네요 감사합니다❤️,5점,1일째,총9일
1444등,까끌까끌만화가,남자친구의 번아웃 극복,5점,13일째,총45일
1443등,구리구리,화이팅,5점,13일째,총43일
1442등,균하히하하,솔직할 수 있게 해주세요,5점,2일째,총30일
1441등,밷착맨,다이어트 성공기원,5점,1일째,총29일
1440등,증권맨,상상을 현실로,5점,10일째,총36일
1439등,911,다음주 스터디 3일 잘하기,5점,2일째,총26일
1438등,언럭키삑궷츢,갓생,5점,52일째,총52일
1437등,김궤짜,여자친구 사귀고싶어요 제발,5점,1일째,총2일
1436등,동키치킨,건강이다 건강,5점,1일째,총1일
1435등,뜨뜻미지근,통풍 안걸리게 해주세요,5점,9일째,총34일
1434등,나민수올시다,아~ 행복하고 싶다~,5점,51일째,총51일
1433등,졸린곰,로또 1등 되라,5점,4일째,총20일
1432등,잠실프린스,가족 모두 건강 기원,5점,8일째,총33일
1431등,침착맨굿즈,모두 잘 되게 해주세요,5점,1일째,총30일
1430등,팀버튼,냐옹야옹야옹,5점,1일째,총27일
1429등,군자행대로,ㅅㅅ,5점,1일째,총7일
1428등,쿠팡맨,건강기원,5점,40일째,총45일
1427등,창업유투버,취뽀,5점,1일째,총15일
1426등,브이넥에어로빅아조씨,제발 로또!,5점,6일째,총37일
1425등,응삼이,로또 당첨 기원,5점,3일째,총50일
1424등,망상펭귄,메리크리스마스,5점,1일째,총32일
1423등,아직은이름없음,감기좀 빨리 낫게 해주세여,5점,1일째,총24일
1422등,아프리카백인,모두들 메리크리스마스하세요~~,5점,3일째,총28일
1421등,침쭈하,많은 것들을 사랑하게 해 주세요,5점,6일째,총21일
1420등,북칙칵칙북칙칵칙,무럭이 무럭맘 항상건강하게,5점,5일째,총49일
1419등,침덩컨,합격,5점,4일째,총49일
1418등,세일러침,qpdltm,5점,2일째,총35일
1417등,SLAM,침하하,5점,1일째,총7일
1416등,침오냐,메리크리스마스 😍,5점,1일째,총29일
1415등,노우재치킨,뿡,5점,4일째,총24일
1414등,절대킹안받는사람,메리 크리스마스!,5점,1일째,총1일
1413등,츄르펀치,부자되게 해주세요,5점,1일째,총2일
1412등,이만년,메리크리스마습니다,5점,21일째,총26일
1411등,폭주왹져,취업해서 내년엔 더 행복하길...,5점,1일째,총7일
1410등,호미니스,돌멩아 안녕 반가워,5점,1일째,총25일
1409등,젠제파파,메리크리스마스 우리젠제건강하길,5점,1일째,총2일
1408등,어림없는뽈,행복,5점,1일째,총1일
1407등,쪽뽈스,부자되게 해주세요,5점,2일째,총8일
1406등,yoonzae,모두가 즐거운 홀리데이를 보낼 수 있기를 ! ,5점,1일째,총6일
1405등,침스트라침무스,국시합격,5점,35일째,총37일
1404등,ORBIT,제발 억셉!!!,5점,1일째,총7일
1403등,이병쫄병건,공부잘하게해주세요,5점,2일째,총39일
1402등,침유유,송이 건송이 건강하길,5점,2일째,총40일
1401등,건축맨,논문 완성 기원,5점,1일째,총30일
1400등,일본의이세화아라가키유이,취업기원,5점,2일째,총17일
1399등,짱구준비완료,꼭 가천대 붙게 해주세요,5점,4일째,총14일
1398등,슈뢰딩거,쉬는날은 바랄것도 없다,5점,1일째,총35일
1397등,홍시농장,메리크리스마스!!!,5점,4일째,총46일
1396등,야왕이흥건,털보형 건강,5점,2일째,총43일
1395등,이각이병건,북쪽에 계신 아름다운 메리메리,5점,1일째,총43일
1394등,에스트라공,글 잘 쓰게 해주세요,5점,1일째,총14일
1393등,과자먹다목에걸린침숭이,침숭이 만나게 해주세요~~◕‿◕✿,5점,2일째,총24일
1392등,dlqudrjs,ㅇㅅㄴ보고싶다,5점,1일째,총4일
1391등,조각맨,로또1등,5점,2일째,총22일
1390등,행복한발바닥,우리존재 화이팅,5점,1일째,총9일
1389등,우당탕,부자,5점,1일째,총6일
1388등,트위티,멜클~ 행복한 연말~,5점,8일째,총45일
1387등,으아아아으아아,로또 당첨,5점,4일째,총28일
1386등,우너풍,부자되게해주세요,5점,4일째,총39일
1385등,침냥이집사,ㅊㅊㅁㅁㄴㄱ,5점,5일째,총47일
1384등,잠새님,GOTY 받게 해주세요,5점,2일째,총38일
1383등,침펄사랑,오늘 하루도 행복하게~🙏🏻,5점,6일째,총45일
1382등,장호장호,부자만들어줘잉,5점,1일째,총24일
1381등,강백호,마음속의 평화,5점,52일째,총52일
1380등,ㅃ1께츢,아빠가 아프지 않게 해줘잉,5점,6일째,총42일
1379등,자치구인사과인재양성팀,세계 평화를 빕니다.,5점,1일째,총48일
1378등,Ajsn,ㅊㅊ,5점,12일째,총47일
1377등,유륜전차,마음의 안정,5점,1일째,총8일
1376등,야옹고양이,돈생기게 해주세요,5점,28일째,총48일
1375등,다알아뱀수,여친 생기게 해주세요,5점,6일째,총47일
1374등,Tim,행복하고 건강하길,5점,6일째,총36일
1373등,침하하수호자,침하하 수호,5점,52일째,총52일
1372등,쏘영무술10단,기말 제출,5점,2일째,총20일
1371등,슈뢰딩거의침냥이,쉬게해주세요,5점,48일째,총51일
1370등,침깻츩,오늘도 행복한 하루,5점,5일째,총45일
1369등,야생곰,가족모두 건강하길... 나포함.,5점,14일째,총42일
1368등,다른기억,돈과 건강과 명예를 주세요,5점,1일째,총22일
1367등,궤도롱이,🍀,5점,1일째,총33일
1366등,들들이욤,소원성취,5점,8일째,총41일
1365등,와쿠와쿠침,금연,5점,1일째,총2일
1364등,배뚠뚠,출석,5점,3일째,총27일
1363등,아스텔,우리방장이 오늘 하루도 행복하게 해주세요,5점,6일째,총43일
1362등,고돌이,게임 출시 성공 기원!!,5점,8일째,총46일
1361등,나루릇,흙흙,5점,12일째,총45일
1360등,블랙기업,로또1등,5점,7일째,총42일
1359등,오늘의야식,로또 1등!,5점,8일째,총47일
1358등,일단침착해봐,이직 전에 회시 안망하게 해주셔요,5점,39일째,총39일
1357등,노동왕김노동,32기 노무사 합격!,5점,10일째,총34일
1356등,asangalmegi,좋은일만 가득하길,5점,1일째,총1일
1355등,자이자이자식아,행복한 연애하게 해주세여,5점,1일째,총29일
1354등,째즈가뭔지아는고양이,국밥먹는 행복한 주말,5점,6일째,총47일
1353등,펄요일,눈아 오지마라,5점,1일째,총6일
1352등,낼멸망,복권당첨,5점,4일째,총33일
1351등,BarcaFIFPro,ㄱㄷ,5점,49일째,총50일
1350등,닉네임변경야채,즐거운 치무하하,5점,7일째,총39일
1349등,타미햇살,로또1등!,5점,5일째,총16일
1348등,이여휘,한 해 마무리 잘하기,5점,3일째,총16일
1347등,Calmdownman,주말가지마,5점,52일째,총52일
1346등,오리구름,메리크리스마스,5점,1일째,총2일
1345등,꽁낑깡,로또1등,5점,33일째,총40일
1344등,김무직백수,여친생기게해주세요,5점,1일째,총10일
1343등,이병건망고,월요일아 가라 재미없다,5점,1일째,총28일
1342등,잉어맨,피로야 가라,5점,1일째,총3일
1341등,피엥코에테파온코에테뿌엥,합기,5점,1일째,총7일
1340등,쑈인배,일요일,5점,3일째,총29일
1339등,상일동맹견조련사,편입성공,5점,1일째,총17일
1338등,얼른뚱띵상점,복권 절대 1등,5점,1일째,총11일
1337등,꿀땅콩,로또..,5점,1일째,총1일
1336등,대상혁,사랑,5점,1일째,총1일
1335등,황송한니보시씨,황송합니다.,5점,49일째,총49일
1334등,밸런스게임출제자,내일 무탈히,5점,1일째,총7일
1333등,규르가르,엘쿠,5점,4일째,총41일
1332등,품바왕,여자친구 사귀게해주세요,5점,4일째,총26일
1331등,통천나라,메리크리스마스~,5점,3일째,총26일
1330등,노원구,메리크리수마수🎄,5점,4일째,총30일
1329등,kmerite,돈 많이 벌게 해주세요,5점,16일째,총46일
1328등,펄펄나는대머리수리,졸업,5점,13일째,총13일
1327등,병건란,오늘도 감사하다,5점,1일째,총30일
1326등,조세호,건강,5점,52일째,총52일
1325등,침착맨도서관,행복한 크리스마스 보내게 해주세요,5점,1일째,총14일
1324등,미미뉴뉴치치키키,힘세고 강한 아침,5점,2일째,총29일
1323등,히오수왕,행복!,5점,52일째,총52일
1322등,식빵이,공보의되게해주세요,5점,26일째,총34일
1321등,곰바라기,로또 1등 되게 해주세요,5점,24일째,총42일
1320등,열심히는하지만노력은안한다,토토적중(합법),5점,1일째,총11일
1319등,여섯씨내고양,여자친구 생기게 해주세요,5점,12일째,총42일
1318등,나처럼살지마시오,합격기원 D-69,5점,1일째,총39일
1317등,Sunii,언능와욥,5점,3일째,총37일
1316등,치차매,행벅,5점,1일째,총16일
1315등,두유노우풍월량,결혼 D-76 준비된 남편이 되게 해주세요.,5점,14일째,총41일
1314등,침착맨의마블스냅,행복한 일상,5점,5일째,총36일
1313등,푸디잉,사랑해,5점,1일째,총27일
1312등,짖는중,로나코야 가라,5점,5일째,총30일
1311등,티즐피치우롱티,솔크 행복하게 보내게 해주세요~잇,5점,44일째,총44일
1310등,의기소침하하,위인님의 건강과 행복,5점,5일째,총42일
1309등,큐트보이,돈! 돈! 돈!,5점,1일째,총26일
1308등,Cosmo,건강하게 살게해주요,5점,2일째,총12일
1307등,침카페옾카페,삼국지 붐은 온다,5점,52일째,총52일
1306등,볼빨간침덩이,2023년 대박나게해주세요,5점,8일째,총35일
1305등,아뭐해,로또되게 해주세요!,5점,4일째,총42일
1304등,댕댕댕댕,오늘 하루도 무사히,5점,21일째,총51일
1303등,위험한자식이세화,러브 인 로그인 해줘잉 1트,5점,2일째,총11일
1302등,명륜동시정잡배,다시 나를 찾아줘요,5점,24일째,총38일
1301등,Forran,프리랜서 두번재 브랜드 작업 성공하게 해주세요,5점,2일째,총42일
1300등,병건이말년,메리 크리스마스!!,5점,1일째,총12일
1299등,침버거중독자,사업성공,5점,9일째,총13일
1298등,수염소녀,행복해져라,5점,1일째,총17일
1297등,폭렬단신,모두가 행복한 크리스마스!💜🎅,5점,7일째,총23일
1296등,우사인너트,소방합격기원,5점,13일째,총34일
1295등,리바이어썬,행복하자,5점,33일째,총34일
1294등,통속의뇌,합격하게해주세요,5점,1일째,총10일
1293등,진김욱,날씨야 제발 풀려라~!,5점,1일째,총12일
1292등,김베개,메리크리스마스🎄,5점,2일째,총46일
1291등,관으맨,대학 추합 제발제발 🙏🙏,5점,13일째,총33일
1290등,코쓱모쓱,수능 만점,5점,52일째,총52일
1289등,침착해지기,성적 잘나오게 해주세요,5점,24일째,총47일
1288등,고나우빠쬬,저와 제 친구들이 성공하게 해주세요,5점,20일째,총42일
1287등,로붕이,변호사시험 붙게 해주세요,5점,52일째,총52일
1286등,킹뚜껑,횐님들 소원 이루어지게 해주세요,5점,51일째,총51일
1285등,NMIXX,엔믹스 1위기원,5점,1일째,총34일
1284등,com2,ㄹㄸㅇㄷ,5점,5일째,총19일
1283등,고차원,돈 많이 벌게 해주세요,5점,1일째,총22일
1282등,구쭈살결심,퇴사하게 해주세요,5점,40일째,총45일
1281등,뻐키반즈,ㅎㅈ 우수학위논문 수상!,5점,1일째,총19일
1280등,월풍이,기도,5점,1일째,총9일
1279등,동해 ,좋은하루되세요,5점,2일째,총37일
1278등,찬하하베타,월급 오르게 해주세요,5점,8일째,총30일
1277등,메이트리,메리크리스마스!,5점,10일째,총46일
1276등,장생농,메리크리스마스,5점,1일째,총38일
1275등,침착한쭈꾸미,다이어트성공하게해주세요,5점,1일째,총34일
1274등,MrPinK,로또 1등 당첨,5점,39일째,총44일
1273등,여우비,원하는 대학원 연구실 들어가게 해주세요,5점,13일째,총16일
1272등,국어익힘책문쭈,화이팅,5점,36일째,총51일
1271등,꼴뚜기왕자지,2지망 대학교 합격하게 해 주세요,5점,1일째,총19일
1270등,논문리더기,행복한 하루 되길...,5점,15일째,총38일
1269등,qOOp,로또,5점,45일째,총45일
1268등,침략자,위에 소원 두배 이벤트,5점,1일째,총11일
1267등,만두콩,재회,5점,50일째,총50일
1266등,ANSWER,ㅊㅊ,5점,52일째,총52일
1265등,착맨이,부자되게해주세요,5점,2일째,총38일
1264등,몰라잉,제발,5점,3일째,총30일
1263등,아리사랑해요,아리사랑해요,5점,5일째,총44일
1262등,꼬깃꼬깃물꼬깃,침하하하핳,5점,1일째,총4일
1261등,빠끄츢,아악 놓쳤다,5점,1일째,총22일
1260등,침노루궁뎅이,행복,5점,26일째,총45일
1259등,침흥건,이히히,5점,1일째,총27일
1258등,고독한외노자,열심히하자,5점,2일째,총43일
1257등,SOL,출chek,5점,4일째,총43일
1256등,내사랑란모,메에리메리크리스마스,5점,1일째,총30일
1255등,송파구페르시안고양이,인하대로스쿨 합격하게 해주십시오!☺️☺️,5점,40일째,총44일
1254등,무적세모입,햅삐 메리크리스마스~☆★,5점,1일째,총27일
1253등,민트향악마사냥꾼,맥주꿀꺽,5점,1일째,총23일
1252등,이병건빵야,제발,5점,1일째,총5일
1251등,트위드재킷,항상 행복하기를 바랍니다!,5점,38일째,총38일
1250등,연부장,한라산 등반,5점,52일째,총52일
1249등,포동포동쿤,메리크리스마스,5점,1일째,총22일
1248등,마구마구,계속 정진할 수 있게 해주세요,5점,3일째,총32일
1247등,침궤도,힘내자,5점,8일째,총48일
1246등,털실빵실빵댕이,모두의 건강을 기원합니다,5점,2일째,총33일
1245등,소원좀들어줘잉,사랑받게해주세요,5점,26일째,총36일
1244등,부르릉,감기가 낫게 해주세요,5점,1일째,총3일
1243등,노원멋쟁이동우,행복,5점,1일째,총20일
1242등,병건자,짝짝,5점,6일째,총29일
1241등,이주원친구,면접붙기!,5점,2일째,총30일
1240등,갈비지다옹,제발,5점,1일째,총3일
1239등,박진수,박진수,5점,1일째,총28일
1238등,김어인,메리크리스마스,5점,40일째,총47일
1237등,규성자기야,제발제발제발제발제발제발 과대 안걸리게 해주세요,5점,1일째,총17일
1236등,그냥민,메리크리스마스,5점,1일째,총22일
1235등,사위사랑럴커탕면,올해가 안 끝났으면 젛겠다,5점,2일째,총43일
1234등,난min이라고해,오늘하루 뒹굴구굴,5점,3일째,총27일
1233등,얶깨이,흔들리지 않는 연말이자 연초가 되길,5점,1일째,총36일
1232등,Mansing98,여자친구 생기게 해주세요.,5점,5일째,총27일
1231등,내가침좀좋아하면안되냐,로또1등,5점,1일째,총28일
1230등,치이카와,출근하기 싫어요,5점,1일째,총9일
1229등,진진자라지리지리자,올해 편입 성공,5점,5일째,총30일
1228등,무뚱뚱씨,소원의 돌이 소원 들어주게 해주세요,5점,44일째,총44일
1227등,아아아아악,행복한 하루 되길,5점,1일째,총35일
1226등,가와이침덩이버거,평일이 빠르게 지나가게 해주세요,5점,1일째,총2일
1225등,역병왕유비,침하하 ,5점,27일째,총32일
1224등,침냐포저,실력 올리게 해주세요,5점,1일째,총12일
1223등,침숭이침덩이는빨개,멜클!,5점,1일째,총19일
1222등,뭉탱이,끼요오오옷 ,5점,25일째,총37일
1221등,앗차차,앗차차,5점,1일째,총16일
1220등,침착맨침착맨,오늘도 열심히,5점,52일째,총52일
1219등,혹꾸아이슨배림,크리스마스라고 수학 학원 수업 취소 되는 상상,5점,11일째,총41일
1218등,궤도일탈,그녀와 다시 친해질 수 있기를.,5점,2일째,총21일
1217등,달래아빠,시험관 성공,5점,2일째,총24일
1216등,라따구리,🙏🏻,5점,4일째,총37일
1215등,옾조디아,손목 낫게 해주세요,5점,5일째,총40일
1214등,라디바디바립,만나게 해주세영,5점,38일째,총44일
1213등,KDB,날씨 좀 따뜻해져라,5점,20일째,총40일
1212등,카르마,숙면,5점,34일째,총38일
1211등,GlieonSim,로또1등기원,5점,30일째,총40일
1210등,메이슨더트리,대학원 교수님 짤리게 해주세요,5점,40일째,총40일
1209등,태준왕국,건강하게 해주세요,5점,1일째,총10일
1208등,하나두,여자친구가 웃게 해주세요,5점,9일째,총19일
1207등,양파마늘,❤️,5점,1일째,총22일
1206등,병건아,건강최고,5점,52일째,총52일
1205등,북극거주곰,여친 생기게 해주세요 5일차,5점,4일째,총12일
1204등,파워버스기사,모두 부자되세요,5점,40일째,총44일
1203등,침착걸흥분맨,연애하고시퍼!,5점,4일째,총41일
1202등,Sound,오늘 행복하게 보내!,5점,22일째,총23일
1201등,솜소민,건강하게 해주세용,5점,2일째,총40일
1200등,침착맨의검,연애하고 싶어요,5점,2일째,총41일
1199등,오산의자랑매홀중,피파많이이기게해주세요,5점,2일째,총2일
1198등,우원박,임용고시1차합격,5점,52일째,총52일
1197등,tkjeot,졸업주제찾기,5점,5일째,총28일
1196등,닭발패스트볼,전직성공기원 (오퍼레터만남음),5점,34일째,총34일
1195등,배우박정민,세계평화,5점,1일째,총21일
1194등,밍밍잉,잘 적응하게 해줘잉~,5점,1일째,총8일
1193등,알락꼬리여우원숭이,침착맨 ♤메리크리스마스♤,5점,6일째,총45일
1192등,a9z4sq,우리애들대학가게해주세요,5점,7일째,총40일
1191등,도도리아,다들 메리크리스마스다~ 이말이야~~,5점,51일째,총51일
1190등,뇌절이왕건,축성탄,5점,2일째,총24일
1189등,59osrz,언제나 건강 재미 행복하길~ 햅삐,5점,4일째,총35일
1188등,캄다운맨후디만들어줘잉,불로장생,5점,1일째,총7일
1187등,lhxnqy,1,5점,45일째,총45일
1186등,침윤륜,침착맨 셀카 plz,5점,3일째,총44일
1185등,카든가더,메리크리스마스,5점,2일째,총7일
1184등,비에이엠,메리크리스마스,5점,2일째,총31일
1183등,감염된SCV,탈모해결,5점,14일째,총42일
1182등,돈미국,나에게 무한하고 영원한 재능을,5점,34일째,총40일
1181등,침동이,오늘도 행복하게 해주세요,5점,1일째,총30일
1180등,하루에30분,우승!,5점,7일째,총35일
1179등,Vorare,메리 크리스마스,5점,1일째,총1일
1178등,이상해풀,눈아 그만와라,5점,2일째,총20일
1177등,침착한웰시코기,즐거운 봄날이 찾아오길 바람,5점,3일째,총29일
1176등,이상한나라의이병건,침착맨 싸인 받게 해주세요,5점,1일째,총29일
1175등,통모짜핫도그,모든 가족의 건강,5점,1일째,총46일
1174등,침공맨,능력없는 여우 직원 그만두게 해주세요 젭 할 ~,5점,1일째,총21일
1173등,요우무의유령검1,ㅇ,5점,52일째,총52일
1172등,청국장,2023 롯데자이언츠 우승 기원,5점,3일째,총37일
1171등,방울톰하디,메리 크리스마스잔슴~,5점,1일째,총28일
1170등,김보통,너무해,5점,52일째,총52일
1169등,몽실몽실해,메리크리스마스다 이거시야,5점,1일째,총18일
1168등,뚠뚠이,행복한 크리스마스 보낼 수 있게 해주세요,5점,2일째,총7일
1167등,막깔라,메리 크리스마스,5점,52일째,총52일
1166등,김치에너지,해피크리스마스,5점,5일째,총46일
1165등,쭈호민,기도 올리기,5점,52일째,총52일
1164등,침평일,행복한 하루 기원,5점,6일째,총48일
1163등,커리에빠진루피,저도 좀 행복하게 해주세요.,5점,1일째,총49일
1162등,초호민,행복하게 해주세요,5점,4일째,총50일
1161등,침꾸르홍시,성공시원 오늘도 고맙고 사랑해❤️,5점,1일째,총22일
1160등,왕골의철퇴,로또 당첨,5점,1일째,총33일
1159등,침침침체리침침,취업하게 해주세요,5점,1일째,총2일
1158등,차돌수심철면짬뽕,와 꿀잠잤다,5점,4일째,총41일
1157등,솔로이길바래,메리 크리스마스~,5점,1일째,총36일
1156등,침침해,작은 행복,5점,1일째,총49일
1155등,오아시스,LIVE FOREVER,5점,52일째,총52일
1154등,SagaMakers,침착맨 직접 만나게 해주세요. ,5점,6일째,총37일
1153등,모두의마블스냅,횐님들 다들 메리크리스마스❤️,5점,6일째,총48일
1152등,나하비,우리 가족들 모두 건강하고 행복하게 해주세요! ,5점,1일째,총3일
1151등,독침붕이,두통그만,5점,1일째,총40일
1150등,된장초장고려장,대학 붙게 해주세요,5점,11일째,총40일
1149등,눈사탕,안녕하세요,5점,1일째,총9일
1148등,파티오리,행복하게 해주세요,5점,38일째,총46일
1147등,쏘영이모,크리스마스 삭제 기원,5점,6일째,총46일
1146등,류이크,로또! 가보자구! ,5점,3일째,총24일
1145등,침하하늘,모두가 건강하고 행복하게 해주세요,5점,1일째,총20일
1144등,단호박골드피자,🦊❤️,5점,45일째,총45일
1143등,프로그래머,죽침,5점,42일째,총44일
1142등,줍줍가게,줍줍가게 매출 10억 달성,5점,5일째,총41일
1141등,침투부구독자, ,5점,1일째,총15일
1140등,야매소스,메리 크리스마스!,5점,2일째,총6일
1139등,침루호도,행복합시당,5점,1일째,총21일
1138등,TOY,로또1등,5점,52일째,총52일
1137등,일리단,화이팅!,5점,52일째,총52일
1136등,나도이런말하기싫어,악!,5점,52일째,총52일
1135등,인생은침투부처럼,고등학교생활순탄하게요,5점,1일째,총31일
1134등,천둥번개,크리스마스메리,5점,1일째,총4일
1133등,JISEOP,부자,5점,2일째,총35일
1132등,중과부적,메리크리스마스,5점,3일째,총38일
1131등,구내염따,게임 흥해라,5점,40일째,총43일
1130등,슬램덩크,집중!!,5점,52일째,총52일
1129등,김모나,침하하,5점,3일째,총42일
1128등,ppoooo,층간소음에 고통받지 않게 해주세요,5점,1일째,총13일
1127등,내맜아요,무의미하고 불건강한 생각은 멈추고 오늘 하루 힘차게!,5점,24일째,총51일
1126등,복재성,이번엔.. 되는 거지?,5점,52일째,총52일
1125등,정예타우렌족장,사업준비중인데 꼭 잘되길.... ,5점,6일째,총47일
1124등,병거니웃스,메크🎄,5점,2일째,총39일
1123등,치마하하,메리크리스마스,5점,52일째,총52일
1122등,탕쿠쿠,쿠쿠데스,5점,2일째,총16일
1121등,나뭉구,로또 1등,5점,1일째,총17일
1120등,수소강,커플은 다 감기걸려라! ㅠ,5점,1일째,총29일
1119등,배수지,살려조,5점,30일째,총51일
1118등,필수요소,트래픽 원펀데이가 계속 되었으면~,5점,26일째,총38일
1117등,옥선생,비나이다 저의 소원은..,5점,11일째,총39일
1116등,쭈키마우스,돈,5점,16일째,총40일
1115등,silverlake,잡자,5점,28일째,총50일
1114등,주우재후배,공시합격,5점,7일째,총43일
1113등,단단한어린이,침착맨 만나게 해주세요,5점,1일째,총13일
1112등,웃으며살자,여자친구 생기게 해주세요,5점,10일째,총35일
1111등,혈색소침착증,기모찌~,5점,1일째,총24일
1110등,김애용,오늘도 알바 날먹하게 해주세용,5점,48일째,총50일
1109등,전무님,ㅁㅅㅁ,5점,52일째,총52일
1108등,알렉산다라이도서관방문객,알렉산다라이도서관 건립 기원 4일차 ,5점,1일째,총6일
1107등,구파로,뿌직뿌직 뿌뿌직,5점,6일째,총42일
1106등,긴장타소,오늘 제발 행운이 가득한 하루 되게 해줘잉,5점,41일째,총48일
1105등,노숙자납치범,기도,5점,3일째,총29일
1104등,커피콩,건강,5점,52일째,총52일
1103등,마취없이발치하는박재성,로또 1등 기원,5점,47일째,총49일
1102등,코튼캔디,대학 추가합격하게 해주세요,5점,1일째,총18일
1101등,고농축병건,방구 뀌고 싶어요,5점,13일째,총50일
1100등,마9간,평화로운 당직 기원,5점,42일째,총49일
1099등,gammang,건강하고행복한젊은부자되기,5점,16일째,총26일
1098등,할로윈째깐이,소원 들어주세요,5점,4일째,총35일
1097등,고비노비도비,돌,5점,52일째,총52일
1096등,침하하침략자,메리크리스마스,5점,1일째,총33일
1095등,머머리28,행복하게 해줘잉,5점,45일째,총45일
1094등,쾨니히스,행운,5점,2일째,총40일
1093등,우레레레,얍!!!!,5점,50일째,총50일
1092등,윌링토비,전역시켜주세요,5점,2일째,총14일
1091등,ldl,스파이더맨이 저를 물어서 스파이더맨맨이 되게 해주세요,5점,1일째,총21일
1090등,연구좋아,논문 열심히 쓰겠습니다,5점,1일째,총29일
1089등,지하맨,무탈하게 하루 지나게 해주세요,5점,3일째,총16일
1088등,패션왕,돌님 건강하세요,5점,3일째,총17일
1087등,펄머리침저씨,우리가족 건강하고 즐거운 성탄절 보내게 해주세요,5점,32일째,총38일
1086등,회계사,닉값하게해주세요,5점,1일째,총42일
1085등,보수맹구,취업 / 가족건강,5점,27일째,총49일
1084등,얼렁뚱땅맨,다음주 로또 1등 되서 새해엔 부자가 되게 해주세요,5점,12일째,총46일
1083등,무여으,우리가족건강하게!,5점,1일째,총5일
1082등,YONG,연애하게 해주세요,5점,1일째,총4일
1081등,214ㅁ,1,5점,17일째,총19일
1080등,오리꽥꽥,트레이딩 대박,5점,44일째,총44일
1079등,오밍이,냥냥,5점,7일째,총40일
1078등,연산동박간지,로또 1등 되게 해주세요,5점,3일째,총46일
1077등,따뜻한동맥,주식아올라줘잉?,5점,1일째,총33일
1076등,페퍼민트,승진하게해주세요,5점,5일째,총36일
1075등,MetalDJ,성공가도,5점,16일째,총50일
1074등,침뽕맨,무사히 졸업할수있기를,5점,1일째,총28일
1073등,결명자차꼬소해,메리크리스마스 잖슴~,5점,33일째,총44일
1072등,아모레일짱,저의 마음이 그녀에게 닿기를,5점,1일째,총20일
1071등,첼시fc,불안한 삶 살지 않고 행복하게 살게 해주세요,5점,9일째,총40일
1070등,퀘이보,메리크리스마스:),5점,14일째,총34일
1069등,옾옾옾옾cafestyle,오늘 잘 마무리 하고 내일 출장 별탈 없게 해주세요,5점,40일째,총46일
1068등,낭심든든조거팬츠,합격이용,5점,15일째,총37일
1067등,갈매기,🤞,5점,13일째,총35일
1066등,나로호,취직시켜주세요,5점,52일째,총52일
1065등,대구탕,행복한연말기원♡♡♡,5점,1일째,총1일
1064등,라떼☆,♡,5점,5일째,총51일
1063등,산호초,행복한 연말,5점,2일째,총38일
1062등,앵가니웃으,오빠 저녁 잘 마무리하게 해주세요,5점,4일째,총16일
1061등,베르린,바른자세맑은정신,5점,40일째,총40일
1060등,나는슬퍼,Happy Holidays!!,5점,1일째,총23일
1059등,mauve,세계평화,5점,12일째,총47일
1058등,오만둥이,오늘 열공 할거에오,5점,52일째,총52일
1057등,야수맹,분노가안안일게해주세요,5점,26일째,총27일
1056등,지각맨,ㅎㅎ,5점,17일째,총44일
1055등,깔라만시빠라뿔라,풍성풍성77,5점,1일째,총32일
1054등,섹시가이,무사고 안전기원,5점,8일째,총40일
1053등,존ㄴ맛있는거야바보새끼야,사업 성공하게 해주세요,5점,1일째,총26일
1052등,체육볶음,선미가 건강하고 씩씩하게 유학생활 잘 하게 해주세요.,5점,44일째,총44일
1051등,아빠가된일진짱,배고프다,5점,11일째,총31일
1050등,침착이말년,행복,5점,1일째,총16일
1049등,와츄어넴,방학하고싶다,5점,20일째,총39일
1048등,닉네임변경디디5420,세계평화,5점,9일째,총47일
1047등,침깨무라,남은 올해도 행복하고 건강하게 !!,5점,5일째,총38일
1046등,마이클콜리오네,좋은 사람 만나게 해주세요,5점,28일째,총30일
1045등,흑화맨,침하하 망하게 해주세요,5점,48일째,총50일
1044등,침착한병건이,매리 크리스마스,5점,2일째,총38일
1043등,삼겹살엔쌈무,좋아,5점,1일째,총1일
1042등,병건운장,클수마수,5점,2일째,총30일
1041등,퀘콰로,가족 모두 건강하고 행복하게 해주세요,5점,8일째,총48일
1040등,불홀언더컷,모두모두 건강!,5점,2일째,총13일
1039등,유니도,결혼,5점,1일째,총26일
1038등,저젤리가진짜라묜,메리크리스마스,5점,16일째,총44일
1037등,침통령입니다,ㅎㅇㅌ,5점,35일째,총37일
1036등,침투부한국인,밥,5점,4일째,총41일
1035등,말코로이수,행복하자,5점,21일째,총22일
1034등,완하하,안전 귀가,5점,31일째,총40일
1033등,뭉사장,심신안정,5점,2일째,총6일
1032등,가위꺾어진머리,부자,5점,35일째,총40일
1031등,기무라옾타쿠야,교수님 자비 좀...,5점,14일째,총43일
1030등,위대한곤약,인싸가 되고싶어요,5점,1일째,총5일
1029등,지장산,부,5점,13일째,총42일
1028등,거대한우정의힘,행복하게해주세여,5점,1일째,총1일
1027등,콩깨덕,머니... 돈... 현금..,5점,2일째,총35일
1026등,침착맨이오,꾸준하게,5점,21일째,총51일
1025등,옥춘배,돈!,5점,1일째,총32일
1024등,빨간달팽이,제발 로또랑 연금복권 1등 주세요,5점,2일째,총31일
1023등,zl존우진123,RSRS ERSG,5점,25일째,총25일
1022등,찹쌀모찌,로또 1등,5점,2일째,총28일
1021등,ケロロ,주식AI 성공 기원,5점,27일째,총46일
1020등,규규귝규,햎피크리스마스,5점,1일째,총22일
1019등,평소에는맡을수없는향기,이직기원,5점,3일째,총34일
1018등,침쏘니,메리크리스마스!,5점,3일째,총27일
1017등,낭만주의,해피 크리스마스~,5점,1일째,총35일
1016등,브로콜리바구니,평화,5점,52일째,총52일
1015등,색소되어버린침착,긋,5점,1일째,총24일
1014등,Ballack,애기 안아프게 해주세요,5점,2일째,총6일
1013등,checkmate,오늘도 무사히..,5점,5일째,총39일
1012등,병건씨,인생 날로먹게 해주세요,5점,24일째,총51일
1011등,1호침투부침략자,꺄,5점,1일째,총46일
1010등,무적무적열매,연금복권1등당첨 로또1등당첨 기원,5점,45일째,총45일
1009등,침유니버스,메리 크리스마스!,5점,5일째,총43일
1008등,소울더메이슨,소원 비는 사람들 소원이 다 이루어 졌으면 좋겠어요,5점,1일째,총30일
1007등,몽실이돌격대,다정한근육남이랑 결혼하게해줘잉,5점,5일째,총41일
1006등,침착맨사김종수,메리크리스마스! 모두의 소원이 이뤄지길!,5점,4일째,총36일
1005등,오태식,오 지저스,5점,47일째,총50일
1004등,시청자,건강!!,5점,50일째,총50일
1003등,병건이올시다,메리크리스마스,5점,1일째,총13일
1002등,제슈콜,메리 크리스마스,5점,1일째,총35일
1001등,이상적,감기 낫게 해주세요,5점,1일째,총13일
1000등,피캬츄,소원,5점,22일째,총23일
999등,임꺽정은꺽꺽,약대핮격,5점,22일째,총35일
998등,카즈하,로또 1등,5점,11일째,총50일
997등,칼리프,동생새끼 정신차리게 해주세요 대가리 깨버리기 전에,5점,1일째,총29일
996등,yjkwak2010,뭐든 잘풀리게 해주세요,5점,15일째,총49일
995등,뜨아거,돈 잘 벌게 해주세요,5점,9일째,총35일
994등,침덩이씰룩,성대 추합 가자…,5점,2일째,총6일
993등,가정교육독학함,안아프게해주세,5점,43일째,총44일
992등,참착한침착맨사랑해,메리크리스마스,5점,11일째,총50일
991등,발컨맨,기도,5점,25일째,총51일
990등,NewJeans민지,ㅊㅊ,5점,46일째,총49일
989등,이말년삼국지,아버지 수술 무사히 잘되게 도와주세요,5점,1일째,총27일
988등,간편쟁이,불로소득,5점,7일째,총49일
987등,얼음빠진아이스티,메리 크리스마스,5점,2일째,총35일
986등,wink,메리크리스마스 ,5점,4일째,총7일
985등,침침숭숭이,메리 크리스마스,5점,4일째,총41일
984등,원자탄,로또 1등,5점,6일째,총36일
983등,e0rept,일이 잘 풀리게 해주세요,5점,12일째,총28일
982등,침핳하핳,메리크리스마스,5점,1일째,총7일
981등,1123210,1123210,5점,1일째,총2일
980등,아빠아직안잔다,아우 졸려,5점,52일째,총52일
979등,흐아닛,부자 되게 해주세요,5점,3일째,총27일
978등,원랜디설치기사,메리 크리스마스,5점,2일째,총45일
977등,채유리,담 주 제발,5점,52일째,총52일
976등,시켜줘너의명예경찰관,오늘은 어제보다 낮이 더 길어 ,5점,20일째,총24일
975등,가주가주즈아,나에게 필요없고 힘들게 하는것들 죽고 나머진 행복하길!,5점,22일째,총29일
974등,영웅침갈량,부자되게 해주세요24,5점,39일째,총43일
973등,양갱의참맛,조카 안아프게해주세요,5점,2일째,총26일
972등,시크릿쥬쥬매직박,천말리 사랑해 더힘내자,5점,8일째,총29일
971등,유사과학박사,가드올리기?,5점,52일째,총52일
970등,AP김세정,2701일♡ 시험 붙고 결혼 가자,5점,23일째,총23일
969등,존시나,좋은곳에 취업할 수 있게 해주세요,5점,7일째,총35일
968등,Namhaha,전역!,5점,10일째,총46일
967등,토착애국맨,장사 잘되게 해주세요,5점,47일째,총47일
966등,침순하하,남자친구 만들어주세요,5점,7일째,총37일
965등,삐빅맨,여자친구,5점,2일째,총32일
964등,우잉뿌잉,부자되게해주세여,5점,1일째,총25일
963등,pleaseKIM,2022년 무사히 마무리할 수 있게 해줄꼬맨틀,5점,39일째,총39일
962등,DIZZY,메리크리~,5점,6일째,총45일
961등,바리바리바리스타,메리 크리스미스,5점,26일째,총37일
960등,산토끼,건강하고 행복하자!,5점,7일째,총34일
959등,옾카페단골손님,메리크리스마스대기업소취~~,5점,10일째,총41일
958등,발랄하네,ㅅㄱㅍㅎ,5점,44일째,총44일
957등,고오스,메리 크리스마스,5점,1일째,총31일
956등,PadreJohn,돌아 침아조씨 말 잘 듣고 오늘도 건강해야 한다,5점,1일째,총31일
955등,삼라만상반팔티,😎,5점,1일째,총26일
954등,당신지금어디야,내일도 좋은 매매,5점,51일째,총51일
953등,짜투릇맨,메리크리스마스구링,5점,5일째,총33일
952등,왱알앵알,메리크리스마스 좋은 일만있게 해주세요,5점,2일째,총50일
951등,먹구름,침하하,5점,4일째,총42일
950등,색소침착,다이어트 성공하게 해주세요,5점,43일째,총51일
949등,스피노자,포인트 5점,5점,36일째,총36일
948등,얼음과불의노래,탄탄대로,5점,26일째,총39일
947등,무한리필드링크,소주 끊습니다,5점,1일째,총29일
946등,침공어찌하여목만오셨소,집중 잘 되게 해줘잉,5점,34일째,총47일
945등,피켓피겟피궷츢,가족 건강,5점,15일째,총41일
944등,억지로웃은건데,메리 크리스마스 🎄,5점,2일째,총36일
943등,염소야가라재미있다,건강이최고,5점,48일째,총51일
942등,강아지똥,메리크리스마스,5점,42일째,총43일
941등,토마토맨,메리 크리스마스🎄,5점,2일째,총9일
940등,국힙원탑아이유,모두 오늘은 웃은 일 하나는 생기게 해줘잉,5점,1일째,총17일
939등,정대만,시험합격,5점,11일째,총36일
938등,아타지나,공모전 결과 잘 나오게 해주세요,5점,5일째,총23일
937등,너흰전혀스윙하고있지않아,오늘도 무사히,5점,2일째,총34일
936등,mousi,메리 크리스마스!,5점,1일째,총28일
935등,뉴침착맨,제가 행복해지게해주세요,5점,16일째,총46일
934등,박보침나웃겨,메리크리스마스,5점,4일째,총39일
933등,단풍민수,유씨버클리 합격 제발,5점,17일째,총43일
932등,롸2톤,평온한 마음,5점,38일째,총40일
931등,황제펭귄,메리크리스마스,5점,6일째,총39일
930등,우리에게남은시간,건강합시다,5점,52일째,총52일
929등,악몽의융합체,메리 크리스마스,5점,52일째,총52일
928등,SUM,몸이 좀 괜찮아지게 해주세요,5점,4일째,총50일
927등,육회비빔밥,오늘 밤공 대레전 기원!,5점,44일째,총44일
926등,이왕건나좋아,수능대박,5점,1일째,총46일
925등,재용리,돈 많이 벌게해주세여~,5점,4일째,총47일
924등,효도왕효도르,메리크리스마스,5점,1일째,총28일
923등,비둘기,메리크리스마스,5점,1일째,총33일
922등,메로나판다,메리 크리스마스~,5점,10일째,총41일
921등,잉어와붕어,안 심심해지기,5점,1일째,총24일
920등,대영주데나트리우스,내 영원한 집권을 위하여!,5점,5일째,총22일
919등,임네모,대흥역 폭파 기원,5점,10일째,총24일
918등,굿데이,굿데이,5점,49일째,총50일
917등,대인배맨,침착팔리즈,5점,6일째,총37일
916등,이대영,메어리,5점,9일째,총43일
915등,젓두잇,오늘 알바 잘 마무리할 수 있게 해주시고 내년도 무탈,5점,44일째,총44일
914등,따착고,제 짝을 찾게해주세요,5점,9일째,총49일
913등,파래김,다들 행복한 크리스마스,5점,1일째,총26일
912등,김짱석짱진,모두 행복하게 해주세요,5점,15일째,총39일
911등,이병스냅건,하와이 가게 해주세요,5점,52일째,총52일
910등,치무차크,아 춥다,5점,3일째,총19일
909등,줘육볶음,해피 메리 크리스마스♡ ,5점,1일째,총41일
908등,차두리짬뽕,썸타고 싶어요,5점,1일째,총38일
907등,환준이,이번 시즌 챌,5점,1일째,총29일
906등,홍조망개숩,시험 1차 합격,5점,5일째,총31일
905등,침착한빠삐용,합격 기원,5점,30일째,총45일
904등,고다피,안 싸우고 사랑넘치게 해주세요,5점,26일째,총36일
903등,빨간색이름,메리 크리스마스,5점,3일째,총34일
902등,침좋아,지구멸망을 기원합니다.,5점,1일째,총2일
901등,K야키소바,로또 1등 당첨 되게해주세요,5점,1일째,총28일
900등,이불암산,경찰이 되어 나라에 이바지하고 싶습니다.,5점,13일째,총44일
899등,긍정욱,행복하세요 *^^*,5점,7일째,총42일
898등,침절임,일 많이 들어오게 해주세요,5점,7일째,총48일
897등,말밥당근,3대 500,5점,45일째,총46일
896등,홈버튼,취업,5점,5일째,총46일
895등,잘몰라박사,회원님들 모두모두 메리크리스마스,5점,3일째,총33일
894등,매초풍,여친 생기게 해주세요,5점,32일째,총37일
893등,커피주세요따뜻한걸로,오늘 소원비는 사람들 다 이루게해주세요,5점,2일째,총12일
892등,귓속말,속닥속닥,5점,6일째,총46일
891등,티모시샬라메정실부인,합격,5점,48일째,총48일
890등,무친침덩이,중요한건 꺾이지 않는 마음,5점,4일째,총49일
889등,이병말년,메리크리스마스,5점,1일째,총33일
888등,리초무,행복하게해주세요,5점,3일째,총22일
887등,침공어찌하여머리만오셨소,오늘도 화이팅,5점,52일째,총52일
886등,frquo9,"대학 1, 2지망 합격하게 해주세요!!",5점,1일째,총17일
885등,현지인,무사히 아기낳기,5점,16일째,총35일
884등,백수한량,부모님 무병장수,5점,42일째,총44일
883등,감평사,감평사 하자,5점,1일째,총31일
882등,어린이,남편 만나게 해주세요,5점,43일째,총43일
881등,덩어리,로또 1등당첨 돼서 가족들이랑 해외여행 시원하게 1년,5점,1일째,총19일
880등,먹방의황제는이병건이오,로또1등아 와라~,5점,52일째,총52일
879등,취준생,33일 시작,5점,2일째,총47일
878등,인류발전기원하는빅특이점맨,특이점 빨리오게 해주세요,5점,1일째,총41일
877등,바닐라와플,운동 열심히 하게 해주세요,5점,51일째,총51일
876등,아이디,허리 낫기를,5점,52일째,총52일
875등,유쾌한훈장질,등단합니다,5점,14일째,총29일
874등,돌체라떼두유,메리크리스마스~!,5점,18일째,총49일
873등,야옹이,신나는 하루 보내기🎄,5점,1일째,총22일
872등,장PD83,우리가족 항상 건강하길,5점,1일째,총40일
871등,램쥐썬더,홋카이도 여행 무사마무리 기원,5점,5일째,총36일
870등,꺾여버린마음,메리크리스마스,5점,6일째,총43일
869등,침펄풍팬임,부서이동성공,5점,45일째,총47일
868등,구쭈사,다시 시작하기,5점,2일째,총33일
867등,빠워뿔,메리크리스마스,5점,20일째,총51일
866등,DS아빠,로또 1등 되게 해주세용!!,5점,6일째,총22일
865등,라푼젤,이직,5점,2일째,총24일
864등,dlwlrma,겨울아 가라 재미없다,5점,2일째,총45일
863등,오구오구거니,메리클수마수,5점,17일째,총39일
862등,통천조아,메리크리스마수,5점,51일째,총51일
861등,와퍼세트,두통아 물러가라,5점,52일째,총52일
860등,차베즈,이런게있었네,5점,11일째,총36일
859등,모등거새신,침착맨팬미팅1열기원메리크리스마스,5점,24일째,총50일
858등,꿀쟁이,2023년 세무 국가직 9급 평균 90점 이상 합격,5점,39일째,총40일
857등,펄순이,좋은 결과,5점,52일째,총52일
856등,라그나후크,침하하가 안정적으로 정착되기를,5점,48일째,총51일
855등,파라오밥,사량하게 해 주세요 ,5점,24일째,총24일
854등,몽키D두피,해적왕,5점,2일째,총48일
853등,쮜쏘룡,사랑받게해줘잉,5점,1일째,총20일
852등,호떡이마,다정한 사람과 결혼,5점,1일째,총32일
851등,데이터민수,!,5점,1일째,총1일
850등,레몬식초,성실할 수 있게 해주세요.,5점,11일째,총40일
849등,사또밥,로또당첨,5점,30일째,총32일
848등,슬라이스,메리크리스마스,5점,26일째,총43일
847등,거북이형님,예뻐지게 해주세요,5점,1일째,총36일
846등,심심하당,모두들 메리 크리스마스,5점,7일째,총27일
845등,방귀요정,뿡,5점,1일째,총19일
844등,우리원본박물관,우리 가족 다 건강하게 해주세요,5점,49일째,총51일
843등,안녕하쇼,소원의돌 뒤에 숨은 영리메야 가라,5점,1일째,총21일
842등,쭈냥냥,모두 행복한 하루되길,5점,2일째,총39일
841등,뿌끼먼,인생 날로먹게 해주세요,5점,1일째,총43일
840등,시간여행자,모두 행복하기를,5점,1일째,총9일
839등,렙틸리언,행복하게 해주세요,5점,2일째,총24일
838등,노조위원장,모두 메클,5점,1일째,총2일
837등,샬롯브륄레,메리크리스마스,5점,1일째,총17일
836등,에어컨의요정,나는 귀여워,5점,45일째,총45일
835등,김장하는이쑤시개,메리크리스마스,5점,51일째,총51일
834등,쭈펄곰,좋은 알바자리에 붙게 해주세요,5점,52일째,총52일
833등,콜로라도야생마,연구 성공,5점,5일째,총42일
832등,연어팔,평화를 빕니다,5점,52일째,총52일
831등,궤상한놈,새해복많이,5점,1일째,총6일
830등,장기하,이젠 정말 좋은 인연을 만나고 싶어요,5점,5일째,총43일
829등,착하게침착하게,-_-,5점,1일째,총29일
828등,알아보자,🙏,5점,1일째,총41일
827등,조상의덕이많아보이세요,좋은 집 구하게 하주세용,5점,9일째,총49일
826등,T없E맑은투명D래곤,크리스마스 즐겁게 보내세요~,5점,2일째,총20일
825등,함뜨자,로또1등 당첨!,5점,28일째,총51일
824등,notoriousman,빈살만횽 23조만줘잉,5점,1일째,총28일
823등,어메이징,g,5점,38일째,총38일
822등,짭라오,사라지고 싶어요,5점,8일째,총46일
821등,앨리스,건강,5점,16일째,총49일
820등,hideNseek,🙏🙏🎄,5점,2일째,총32일
819등,쌀과자먹는소리,스트레스 좀 안받게 해주세요 ,5점,1일째,총38일
818등,위험한자식,메리 크리스마스~,5점,52일째,총52일
817등,아즈남,로또 당첨,5점,52일째,총52일
816등,꿀크로스,면접D+5 이시간이 아깝긴한데 어쩔수없네,5점,31일째,총47일
815등,미까따,갤러리 한 장도 안 날아가게 해줘잉,5점,1일째,총49일
814등,삼괴권의주펄,세계평화,5점,1일째,총35일
813등,단추에요,남친생기게해주세요,5점,1일째,총3일
812등,첫사랑,새해복많이,5점,21일째,총44일
811등,요그소토스,결코 야스,5점,3일째,총27일
810등,그건아마니잘못,1048회차 로또 1등 당첨자는 나다,5점,52일째,총52일
809등,식칼이오,로또 당첨 1등,5점,52일째,총52일
808등,침착해,행복하고싶어요,5점,45일째,총51일
807등,ABC,봄,5점,52일째,총52일
806등,밥슈즈,로또당첨,5점,1일째,총4일
805등,애새끼,아버지건강,5점,52일째,총52일
804등,에드몽,건강하자,5점,52일째,총52일
803등,아자뵤,엄마안아프게해주세요 마음먹은거할수있게해주세요,5점,51일째,총51일
802등,이달의소녀,시험합격,5점,45일째,총45일
801등,검은달하얀달,오늘도 좋은 하루 되길,5점,2일째,총36일
800등,침펄풍뎅,고동치는달,5점,37일째,총51일
799등,역촌동돌싱남,32년 모태솔로입니다. 연애하게 해주세요.,5점,2일째,총43일
798등,차캐맨,로또 1등,5점,37일째,총37일
797등,이세영,로또 1등 하게해줘잉,5점,1일째,총8일
796등,따뜻한불가로오세요,강원도 중등역사 1차 임용시험 합격하게 해주세요,5점,9일째,총45일
795등,그뉵그뉵,밍나소원성취,5점,20일째,총50일
794등,유주오빠,유주가 건강하고 행복하게 지낼 수 있도록 해 주세요,5점,22일째,총36일
793등,째깐둥이의비밀일기장,감사하다,5점,1일째,총10일
792등,조리돌림,제가 불행할때 이게 마지막 불행이 아님을 알려줘요,5점,1일째,총15일
791등,민트초코호빵,메리크리스마스,5점,5일째,총51일
790등,메로나,작은 선물,5점,3일째,총50일
789등,왈가놈,좋은인생과 좋은하루,5점,47일째,총47일
788등,사카키,아들 대학 합격하게 해주세요!,5점,52일째,총52일
787등,사2커,메리 크리스마스 !,5점,1일째,총26일
786등,다니엘의사,여자친구 생기게 해 주세요,5점,12일째,총24일
785등,트수의왕,행복하고 싶어요,5점,1일째,총13일
784등,당근당근,내집 마련,5점,1일째,총20일
783등,TEAMMATE,제 주식 잘되게 해주세요,5점,24일째,총50일
782등,레희님,부자되게 해줘잉,5점,45일째,총48일
781등,미노이,부자 되게 해줘잉,5점,1일째,총39일
780등,침착맨방송잘안봄,Merry Christmas,5점,33일째,총45일
779등,크러드구이,프로젝트 성공 기원,5점,1일째,총31일
778등,moolnaeng,메리크리스마스 ,5점,1일째,총42일
777등,자택경비원99,모두 행복하게 해주세요.,5점,1일째,총2일
776등,잠자리양,침튜브가 공중파방송이 되기를,5점,49일째,총49일
775등,예민한고냥이,대박나게 해주세요,5점,5일째,총5일
774등,인팁INTP,개근상,5점,3일째,총13일
773등,삼삼삼,세상 멸망하게 해주세요 ,5점,22일째,총48일
772등,샴푸한소카와이소,로또1등당첨되게해주세요,5점,6일째,총47일
771등,알파이씨,통천 ㅠㅠ,5점,7일째,총34일
770등,BBaeKKi빼끼,빼끼,5점,25일째,총49일
769등,멋쟁이대추토마토,타고난 비관주의에도 끝까지 노력할 수 있기를,5점,1일째,총33일
768등,어이구선생님들,욕심에 무뎌지게 해주세요,5점,3일째,총35일
767등,라이라이차차차,세계정복,5점,1일째,총39일
766등,철꼬끄막갈옹,침하하 갈수있는 유머력을 내려주세요,5점,12일째,총34일
765등,국민니남친,취직과 로또 다 됐으면합니다,5점,1일째,총7일
764등,불타는차돌짬뽕,탑데 우승해줘잉,5점,6일째,총50일
763등,꽉잡아준빈잉,끄박티,5점,3일째,총46일
762등,세계제일종수스섹맨,섹,5점,1일째,총28일
761등,프랑스어붐은온다,행복한 크리스마스,5점,1일째,총35일
760등,침하하많관부,우리 씩씩이 건강하게 잘 크게 해주세요,5점,43일째,총51일
759등,룩스룩스,비나이다,5점,34일째,총42일
758등,침실잠순이,아,5점,2일째,총39일
757등,꼬다란커추,아버지 완쾌,5점,34일째,총34일
756등,전별루요,하고싶다,5점,3일째,총7일
755등,그냥뭐그냥뭐,아프지 않기!!,5점,9일째,총49일
754등,돌고래유괴단,해피크리스마스 로또 2등 당첨,5점,1일째,총36일
753등,위켄드,메리크리스마스,5점,16일째,총38일
752등,잘될과학,제발제발제발,5점,4일째,총43일
751등,인파이트,마스터,5점,1일째,총28일
750등,스비스바,짤짤이,5점,5일째,총19일
749등,자유를말년롭게,해피 성탄절!,5점,11일째,총41일
748등,덜침착,연애하고싶어요,5점,7일째,총42일
747등,음흉맨,로또또,5점,2일째,총42일
746등,Dvwn,정시퇴근,5점,8일째,총24일
745등,고칼슘두유,감사하다,5점,6일째,총41일
744등,언데드성기삽니다,롯데 우승,5점,1일째,총38일
743등,샤르망뜨,크리스마스도 침하하,5점,1일째,총33일
742등,프엠입니다,침하하하,5점,2일째,총46일
741등,얼첩이다,제발 성적 잘 받게 해주세요,5점,48일째,총50일
740등,삑궷츢,돌고래 신우석 감독님과 수하 슈말코님 초대석 해주세요,5점,9일째,총41일
739등,돌숭이돌숭이,여자친구 생기게 해주세요,5점,27일째,총38일
738등,침착하지못해슬픈아이,메리크리스마스!,5점,48일째,총48일
737등,침투더착투더맨맨,내 밥값 벌기,5점,13일째,총38일
736등,캐서린이에용,탑저널 가게 해주세요,5점,4일째,총22일
735등,깨갱2,성탄절에도 돌 앞에 핀 잡초가 싱싱하구나 파닥파닥,5점,3일째,총24일
734등,주우원박,무난하고 행복한 하루가 되자,5점,16일째,총39일
733등,비얀코,1등 당첨,5점,2일째,총21일
732등,뭉꾸운,연금복권 1등 당첨,5점,4일째,총42일
731등,kimrucky,오늘도 무사히 건강하기를....,5점,1일째,총33일
730등,집에보내줘,로또!,5점,3일째,총30일
729등,송쭈쭈,ㅎ3,5점,1일째,총9일
728등,침냥이냥,시험 합격하게 해주세요,5점,2일째,총8일
727등,TEENTROUBLES,사랑,5점,43일째,총43일
726등,꾸이맨,행복해져라~ 행복해져라~,5점,3일째,총46일
725등,시러피하우스,침펄풍 시러피하우스 방문,5점,3일째,총36일
724등,침스쿨,로스쿨 붙여주세요,5점,1일째,총1일
723등,ENGLISH,Merry Christmas everybody,5점,2일째,총34일
722등,포도봉봉,연말무사히,5점,51일째,총51일
721등,무친오히려조아,공시합격 기말 잘보기,5점,1일째,총22일
720등,chim하하,행복한주말,5점,1일째,총13일
719등,및갗냄,메리 크리스마스,5점,45일째,총45일
718등,꽃미남가면이병건마스크,남친 생기게 해주세요,5점,1일째,총33일
717등,잠실차돌녀,침착맨 만나게 해줘잉,5점,30일째,총40일
716등,누룽지콘,메리크리스마스,5점,4일째,총49일
715등,우경김,현지야 보고싶다,5점,48일째,총48일
714등,별광림,여자친구 생기게 해주세요,5점,39일째,총43일
713등,저는상인입니다만,메리 크리스마흐,5점,4일째,총18일
712등,침하하오메가,연말 행복하게 보내게 해줘잉,5점,1일째,총30일
711등,앤서니양,여친만들기,5점,35일째,총48일
710등,이말이야저말이야,공덕오빠 내꺼하자!!!,5점,41일째,총48일
709등,후교교,메리 크리스마스,5점,10일째,총33일
708등,리흥건,가게 권리금 받고 접게 해주세요,5점,1일째,총29일
707등,사백사,메리 크리스마스~~,5점,1일째,총31일
706등,혁잔숭,1225,5점,1일째,총47일
705등,slaxdd,ㄱㅈㅇ 최종합격하게 해주세요 ,5점,4일째,총40일
704등,다몰라박사,잘 풀리게 해주세요,5점,27일째,총46일
703등,깡왈 ,인생날먹,5점,6일째,총30일
702등,플라스틱뚝배기,메으리 크으리스마스!,5점,49일째,총49일
701등,침허허,나처럼 살지마시오,5점,2일째,총33일
700등,털보는못말려,팬싸인회,5점,18일째,총38일
699등,댓글민수사쿠라윤,빠니님 감기 회복 간수치 회복 기원해요 메리 크리스마스,5점,48일째,총48일
698등,라원애비,메리크리스마스~~,5점,44일째,총44일
697등,Hyunsang,오늘도 행복하세요.,5점,47일째,총50일
696등,잘알려드립니다,중요한 건 꺾이지 않는 마음,5점,2일째,총43일
695등,황금미륵,침하하,5점,32일째,총51일
694등,싸스콰치,로또 1등되게 해주세요,5점,1일째,총28일
693등,사일삼,목 안아프게 해주세요,5점,1일째,총5일
692등,예쁜마음속에피어난산호둥이,마음에 평화를 줘잉~~~ ,5점,1일째,총36일
691등,삐개삐갯피캐쮸,로또일등하게 해줘잉,5점,1일째,총8일
690등,안녕로봇,즉시,5점,1일째,총37일
689등,딧뚜행님,Merry Christmas Happy Newyear!,5점,10일째,총37일
688등,봉담맨,잠,5점,41일째,총44일
687등,컬투쇼주시은배텐침착맨,친구생기게 해줘잉,5점,1일째,총41일
686등,석전맨,건강해져라!,5점,1일째,총45일
685등,DIVE,사랑니 안 아프게 해줘잉ㅠㅠㅠㅠ,5점,1일째,총39일
684등,쳥춘을건강하게,몸과 마음 건강하게 이끌어주세요,5점,1일째,총21일
683등,몽까몰끼,프로젝트가 대성공 하게 해주세요,5점,40일째,총49일
682등,대량구매,하는 일 잘 되게 해주세요,5점,1일째,총9일
681등,좁빱개구리,메클,5점,11일째,총18일
680등,김용갈,메리 크리스마스,5점,1일째,총27일
679등,눈사람,응애,5점,11일째,총48일
678등,킹크록,칼퇴 기원,5점,5일째,총43일
677등,맡길임,학점 잘 맞게 해줘잉 제발,5점,3일째,총6일
676등,DOHE,평온한 하루,5점,2일째,총18일
675등,궤랑해,요깄는 사람 모두 행복하게 해주세여,5점,2일째,총32일
674등,한국인유애나무부엉,8집 주세요..,5점,1일째,총6일
673등,메탈도도새,메리 크리스마스,5점,8일째,총27일
672등,김달래,다친 다리가 빨리 낫기를..,5점,30일째,총43일
671등,별이빛나는밤,오늘도 행복한 하루가 되게 해주세요.,5점,3일째,총36일
670등,김민세,행복해져라 행보해져라,5점,2일째,총23일
669등,뭉뭉목장,임고합격!,5점,37일째,총37일
668등,샤오팅,여친 생기게 해주세요,5점,5일째,총13일
667등,모카씨,오늘 하루 행복하길,5점,3일째,총28일
666등,뚱이맨,제발 무사히 한국에 돌아가게 하옵소서..,5점,1일째,총1일
665등,말랑침덩이,날 봐줘잉,5점,2일째,총40일
664등,Seorae,내년 크리스마스는 더 따뜻하게,5점,18일째,총41일
663등,알라키,내년엔 올해보다 행복하길,5점,1일째,총4일
662등,이세화,우리애기 언제나 행복하게 해주세요,5점,5일째,총40일
661등,털보야좋아해,김석진 있는곳 따뜻하게 해주세요,5점,11일째,총35일
660등,세상에서가장침착맨좋아함,다들 행복하길,5점,2일째,총20일
659등,치즈민수,힘들지 않게 해주세요,5점,1일째,총25일
658등,침착우먼,메리 크리스마스,5점,1일째,총19일
657등,두리산,하는 일들 잘 되게 해주세요.,5점,7일째,총27일
656등,공포의침숭이,메리크리스마스~,5점,1일째,총37일
655등,앙팡캇떼구레요,메리 크리스마스~ 메시 월드컵 축하,5점,2일째,총12일
654등,엄코볼,메리크리스마스,5점,1일째,총3일
653등,침벙침벙,메리크리스마수,5점,1일째,총48일
652등,AUG,밖에나가기,5점,1일째,총34일
651등,네주우재를알라,일하기싫어잉,5점,1일째,총3일
650등,100호침투부수호자,콥링엄,5점,37일째,총45일
649등,양말인간,다 클스마스는 솔로클스마스가 아니길..🙏,5점,3일째,총9일
648등,띠요요요용,메리 크리스마스🎄,5점,1일째,총8일
647등,호크아이슨배림,살빠지게 해주소서,5점,45일째,총45일
646등,호펠리오스,메리 크리스마스요~,5점,28일째,총44일
645등,이병건강해사랑해,올해 잘 마무리 행복하게,5점,42일째,총47일
644등,솔솔라라솔솔미,메리크리스마스🎅🎅,5점,52일째,총52일
643등,침정민,메리 크리스마스!,5점,1일째,총42일
642등,나맹이,지금처럼만,5점,52일째,총52일
641등,파울로벤투,취업하게 해주세요,5점,2일째,총20일
640등,이안전,여친생기게해주세요,5점,1일째,총40일
639등,백안시,표식24년lck복귀올해정규시즌msi월즈우승뎊베아겜우승 ,5점,41일째,총50일
638등,침라딘,메리크리스마스,5점,1일째,총23일
637등,코끼리,돈,5점,5일째,총38일
636등,침착보이,Amen,5점,10일째,총47일
635등,너도쫄병이냐,한량의 삶,5점,48일째,총49일
634등,이세계개발자,"""여자친구""",5점,1일째,총21일
633등,냠념재,일기 매일 쓰기,5점,1일째,총1일
632등,행복하고건강하고편하게,건강하고 행복하게!,5점,43일째,총47일
631등,키요하루,평생 놀고 먹게 해주세요..,5점,14일째,총35일
630등,에비츄,크리스마스,5점,1일째,총21일
629등,주선이,알바 이겨내기😩😭,5점,1일째,총45일
628등,원래이런애,ㅎㅎ,5점,41일째,총41일
627등,루이비통,메리크리스마스,5점,8일째,총48일
626등,강고양이,나만 솔로네,5점,1일째,총31일
625등,위험한자식ㅋㅋ,침착맨 염따초대석 한번더 기원,5점,1일째,총17일
624등,이우빈,전주 여행 재밌게 다녀오게 해주세요!,5점,4일째,총30일
623등,Yui,다음 전세 세입자 빨리 들어오게 해주세요,5점,26일째,총38일
622등,고양희,서로 증오하지 않게 해주세요,5점,1일째,총43일
621등,숑슝숑,갤럭시 플립3 갖고 싶어요,5점,1일째,총6일
620등,우원박잘생김,취업,5점,46일째,총46일
619등,cardioid,ㅎㅇㅌ,5점,43일째,총43일
618등,이해민,누나가 날 사랑하게 해주세요,5점,14일째,총35일
617등,엉이엉뚱이,행복~,5점,4일째,총42일
616등,계말년,복권당첨,5점,5일째,총46일
615등,월야인,내 주변의 모두가 건강과 행복을 놓치지 않기를,5점,1일째,총7일
614등,옾카페스타일,북쪽에계신 아름다운 메리메리크리스마스🎄🎅,5점,8일째,총42일
613등,불로소득,불로소득,5점,1일째,총30일
612등,이야앗호오응,그만 짱나게,5점,7일째,총36일
611등,갬봄미,해피해피크리스마스,5점,34일째,총36일
610등,세담이,ㄱ,5점,4일째,총21일
609등,기란도와홍타페,취업성공기원,5점,1일째,총19일
608등,쑥도령,메리 크리스마스,5점,52일째,총52일
607등,침멍이까와이,합격기원,5점,52일째,총52일
606등,프로쪼스,근성장,5점,17일째,총35일
605등,히히오줌발사,내년 시험 합격!,5점,1일째,총21일
604등,영걸맨,호상,5점,5일째,총38일
603등,소남자,전쟁 그만,5점,1일째,총25일
602등,모두의마블스냅해,내일 여자친구가 6시 퇴근하게 해주세요,5점,1일째,총17일
601등,우원박♡,차,5점,1일째,총37일
600등,2병건빵,행복하자 대학도 붙고,5점,5일째,총40일
599등,쨔루티,행복,5점,1일째,총46일
598등,말년서,메리크리스마스,5점,6일째,총40일
597등,kjk,a멘,5점,3일째,총3일
596등,ㅇ0ㅇ,동기들과 함께 무사히 전역하게 해주세요.,5점,10일째,총46일
595등,탑건캡틴매버릭,여자친구 생기게 해주세요,5점,24일째,총42일
594등,털보네왕족발,연락 한 번만 오게 해주세요,5점,12일째,총27일
593등,다람쥐곳간,건강,5점,1일째,총28일
592등,이끼니,행복,5점,1일째,총37일
591등,호수동복실이돌격대,호방하게 로또 1등 한 번 가자,5점,3일째,총28일
590등,양갱기,안추웠으면 좋겠어,5점,6일째,총47일
589등,칡즙맨,뇌절탐정2 언젠간 기원,5점,3일째,총34일
588등,침착맨사본박물관,놀고 먹어도 고정수입 매달 1억이 되게 해주세요,5점,27일째,총27일
587등,김험블,ㅊㅊ,5점,5일째,총31일
586등,침착면요리후루룩,남자친구 생기게 해주세여,5점,10일째,총51일
585등,애국침숭이,지혜 행복,5점,40일째,총50일
584등,Chiral,잘 되게 해주세요,5점,34일째,총45일
583등,코숏🐈,로또 1등 되게 해주세요.,5점,52일째,총52일
582등,고경완,tto ditto,5점,1일째,총35일
581등,썬더캣, 여자친구,5점,4일째,총25일
580등,아서스,평생 놀고 먹으며 즐겁게 살게 해주세요,5점,52일째,총52일
579등,나허짜장이야,로또 1등 당첨!,5점,3일째,총44일
578등,엠지민수,메리크리스마스🎄,5점,2일째,총25일
577등,EBS딩대동기,해피크리스마스🙏🏻,5점,7일째,총42일
576등,거니거니당근당근,해피크리스마스,5점,1일째,총44일
575등,아싸라비아콜롬비아,여자친구 생기게 해주세요,5점,1일째,총30일
574등,태하하,태하하~,5점,51일째,총51일
573등,경제침착,로또 1등..!!,5점,1일째,총37일
572등,대석전3연속챔피언이병건,일본여행 갑니다 까야호,5점,2일째,총47일
571등,도덕경,좋은일만 생겨라,5점,1일째,총16일
570등,병건머리를펄수염에,행복,5점,2일째,총32일
569등,너랑뽀뽀할래,한달에 주문 수 10개라도 나오게 해주세요,5점,1일째,총3일
568등,견적봐서미쳐라,메리크리스마스,5점,1일째,총42일
567등,놀린죄값받는이병건,하루 빼먹은거 물러주세요,5점,11일째,총42일
566등,췸착뭰,메리크리스마스 🎄✨️,5점,1일째,총5일
565등,침투부즉시구독,수정제발마지막,5점,1일째,총9일
564등,다비치,ㅊㅎ,5점,21일째,총36일
563등,끼히이이이이이잇ㄱ요오옷,행복,5점,39일째,총44일
562등,고담시티,우울하지 않은 생일 보내게 해주세요,5점,1일째,총25일
561등,24호침투부수호자,"건강한 정신, 잊지않게 해줘잉~",5점,3일째,총7일
560등,luv,뉴진스 만나고싶다!!,5점,9일째,총39일
559등,장두러,마음에 평화가 찾아오게 해주세요,5점,3일째,총29일
558등,메밀묵,와웅이,5점,1일째,총19일
557등,침착한침숭이,남친생기게해주세요,5점,1일째,총32일
556등,먹방의왕자는침착맨,공부하자ㅏ,5점,1일째,총45일
555등,1호침하하수호자,로또,5점,1일째,총39일
554등,청규울,건강,5점,4일째,총33일
553등,얼큰한차돌짬뽕,풍튜디오에서 배도라지겨울MT해주세요,5점,20일째,총41일
552등,나만의작은침냥이,내년에는 솔크 안할래요 진짜..힝,5점,1일째,총23일
551등,ㅊㅣㅁㅍㅓㄹㅍㅜㅇ,감사하다,5점,1일째,총32일
550등,온니유,즐거운 하루,5점,52일째,총52일
549등,침며든공대생,학점 4.0 넘게 해주세요,5점,9일째,총14일
548등,침착한병건씨,돈 많이 벌게 해주세요,5점,4일째,총30일
547등,김중용,행복하게 해주세요,5점,1일째,총33일
546등,IZONE,취업기원,5점,3일째,총51일
545등,캄다운맨,메리크리스마스!,5점,52일째,총52일
544등,태공망,퀀텀점프,5점,5일째,총19일
543등,도른자,추울석,5점,52일째,총52일
542등,침침멘,시험 합격 기원,5점,1일째,총39일
541등,몽쉘통통의침냥이,메리 크리스마스🌲,5점,1일째,총43일
540등,태리야끼,로또 1등 5번,5점,12일째,총39일
539등,뻐꾸기,뻐꾹,5점,1일째,총29일
538등,아마궤돈,혈육의 질병완치,5점,50일째,총50일
537등,김와퍼,메테오 떨어져라 제발,5점,2일째,총49일
536등,유사과학신봉자,여자친구랑 행복한 하루 보내게 해주세요.,5점,1일째,총20일
535등,감사도르,메리크리스마스,5점,13일째,총45일
534등,나라는신이존재,세계평화,5점,7일째,총36일
533등,버블민트마라탕,체력 운좋게 좋아지게 해주세요,5점,1일째,총25일
532등,석구석구다,얄루,5점,1일째,총27일
531등,쓩이쓩쓩이,내년 크리스마스도 강아지랑 보낼 수 있게 해주세요,5점,16일째,총32일
530등,아가병건,의대가게 해주세요,5점,1일째,총8일
529등,영원왕건절대없어,국시 합격,5점,37일째,총39일
528등,링딩딩,다들 좋은일이 생기길 모두가 행복한 세상이 되기를 바라,5점,1일째,총27일
527등,쭈리링,서버비 2구찌 기원,5점,50일째,총51일
526등,베이킹스맨,여친 생기게 해줘잉~,5점,1일째,총13일
525등,침투부좋댓구알,세계평화,5점,12일째,총48일
524등,화난전구,항상 즐겁고 행복했으면 좋겠어요?!,5점,2일째,총44일
523등,삼국군영전2해줘잉,좋은 제자 들어오게 해주세요,5점,1일째,총35일
522등,토끼맨,어머니 외할머니 건강 회복 기원,5점,1일째,총20일
521등,김홍차,나의 소원은 침투부 편집맨!,5점,1일째,총15일
520등,곽준빈하위호환주우재,행복하게 해주세요,5점,33일째,총44일
519등,떡잎마을방범대,메리크리스마스,5점,2일째,총50일
518등,모든것의신,메리크리스마스,5점,36일째,총50일
517등,감자탕,쉬자,5점,3일째,총43일
516등,애국불숭이,ㅅㅅㅅ,5점,40일째,총50일
515등,도모새,아픈거 나았으면,5점,1일째,총9일
514등,애굽민수주니어,사람이 되게 해주세요,5점,32일째,총33일
513등,당거러스맨이병건,건강!,5점,1일째,총2일
512등,드워프시골청년,성대 경영 합격하게해주세요,5점,1일째,총14일
511등,지건이순간,돈 많이 벌게 해주세요,5점,6일째,총26일
510등,참깨나라박참깨,성공하고돈많이벌게해주세요,5점,2일째,총21일
509등,광명시티개미핥기,가수되게 해주세요,5점,1일째,총18일
508등,소설가0,편하고 합법적인 방법으로 돈 많이 벌게 해주세요,5점,44일째,총50일
507등,조조맹덕,케빈아놀아줘,5점,12일째,총50일
506등,배공팡,취뽀,5점,23일째,총42일
505등,아보다트,아보다트 140일차,5점,29일째,총44일
504등,나는야스물둘,호로,5점,50일째,총50일
503등,자버맨,배성재 사당 건립 기원,5점,1일째,총8일
502등,상남자간디,충원합격 붙게해주세아미타불 간디보살,5점,1일째,총4일
501등,라라피포,침덩이가 어제보다 1mm 더 자라게 해주세요.,5점,48일째,총51일
500등,해나래,취직시켜줘잉,5점,48일째,총48일
499등,doc,wishing for higher income,5점,3일째,총39일
498등,워터컬러,침하하하,5점,17일째,총48일
497등,이리와서앉아봐라,"내 사람들, 나 모두 건강하고 행복하게 사랑해주세요.",5점,2일째,총13일
496등,부소룡,펄이 빛나는 밤에 리부트,5점,1일째,총21일
495등,침례이,수능,5점,2일째,총26일
494등,옾마니반메훔,소원들어주세요,5점,1일째,총40일
493등,멜론베이글,전과목 최소 A학점들 받기를,5점,4일째,총41일
492등,NtheK,봇치더락 2기 기원,5점,3일째,총8일
491등,렵니까,즐겁게,5점,1일째,총29일
490등,건강기원,것강기원,5점,1일째,총28일
489등,구르는다람쥐,ㄱㅅ,5점,1일째,총31일
488등,kkjjhh,취업잘하고 여자친구 사귈 수 있게 해주세요,5점,10일째,총25일
487등,삼재야삼재,취업성공,5점,1일째,총32일
486등,수도승,메리크리스마스~행복한 하루가 되길~,5점,2일째,총35일
485등,호민아포켓몬은있는거야,용하,5점,13일째,총29일
484등,토게피,크롱이 24주,5점,36일째,총41일
483등,프루트펀치무사,"나쁜 짓 갚기, 원하는사람과결혼하게 해주십쇼",5점,2일째,총15일
482등,이지동,Behappy,5점,52일째,총52일
481등,🧆검은콩🧆,다들 메리크리스마스 이성친구 만나요~,5점,5일째,총48일
480등,해조류,로또1등,5점,1일째,총31일
479등,시애틀민수,건강하게 해주세요,5점,1일째,총19일
478등,포메라니안키움,메리크리스마스,5점,1일째,총3일
477등,침투성이,메리 크리스마스,5점,1일째,총33일
476등,이효리,합격하게해주세요,5점,4일째,총49일
475등,안침착걸,성공기원,5점,2일째,총43일
474등,침펄풍철단궤,이병건 행복하게 해주세요.,5점,1일째,총40일
473등,연애하고싶어,행복. 고통. 책임. 겁.,5점,8일째,총47일
472등,공허기사,절대 다이어트 성공해,5점,4일째,총25일
471등,옾옾빤강남스타일,조아하는 사람이랑 밥먹게해줘잉,5점,1일째,총21일
470등,박찬자,부자되게해주세여,5점,1일째,총1일
469등,처절한왼손잡이김상룡,내가 만난 모든 사람들이 행복했으면 좋겠네요,5점,1일째,총46일
468등,아이스주대효도,올해 마무리 행복하게,5점,1일째,총3일
467등,간손미브라더스,여친생기게해주세요 4트,5점,7일째,총42일
466등,아카플러시,아이리땅,5점,1일째,총45일
465등,엘든링민수,침착맨 엘든링 켠왕 기원 31일차,5점,1일째,총34일
464등,개굴히,소원은 돈,5점,28일째,총39일
463등,여차려차,하이팅,5점,39일째,총40일
462등,삐갯빼갯쁵겟츢,짝사랑,5점,1일째,총32일
461등,모든것의신침착맨,우리 가족 행복하고 건강하게 해주세요,5점,46일째,총50일
460등,간단히병건만,담주컴활필기합격,5점,9일째,총44일
459등,역체1,박사졸업,5점,4일째,총19일
458등,빠밤이,메리크리스마스! 제발 좋은쪽으로 생각하게해죠,5점,1일째,총31일
457등,dinggo,마음이 건강하게 해주세요.,5점,1일째,총31일
456등,가짜침착맨,변호사시험 합격,5점,3일째,총47일
455등,봄여름,돈,5점,34일째,총51일
454등,민트초코에절여진삶,건강 기원,5점,11일째,총41일
453등,김종수령동지,크,5점,52일째,총52일
452등,침하하하하하하핫,로또1등 침착맨만나기,5점,2일째,총38일
451등,wally,다들 메리크리스마스 건강하세요,5점,12일째,총46일
450등,잇히히,ㅅㅅ하고싶어요..,5점,1일째,총6일
449등,침아저씨,살 좍좍 빠지고 자격증 공부 잘되게 해주세요,5점,3일째,총24일
448등,lllll,.,5점,1일째,총8일
447등,송월동제라드,돈많이벌게해주세여,5점,8일째,총44일
446등,침과밤낮,🎄,5점,18일째,총29일
445등,khjo,2023 대박,5점,1일째,총15일
444등,유관장펄침기,전무님 항문에 미각세포 생기게 해주세요,5점,15일째,총36일
443등,Vivio,망해쪄,5점,1일째,총18일
442등,침착쇼,기쁘다 구쭈오셨네,5점,5일째,총29일
441등,단박자,모두를 사랑하기,5점,4일째,총43일
440등,오피서,행복한 연말,5점,1일째,총13일
439등,침착한이흥건,멜크,5점,52일째,총52일
438등,주부타이,난안져,5점,2일째,총20일
437등,폴짝뛰기선수,김소영 사랑해,5점,31일째,총39일
436등,강동구물주먹,대기업 취뽀 + 오늘 토익 950,5점,18일째,총30일
435등,모켈레음벰베,작업 열심히 한 나 칭찬해,5점,2일째,총47일
434등,더블쿼터파운더치즈버거,취업하게 해주세요,5점,52일째,총52일
433등,오이잉쥐모어쌍풀리이으스이,감정평가사 합격하게 해주세요,5점,32일째,총33일
432등,모하메드살라,은근히 잘되게 해주세요,5점,4일째,총33일
431등,역호민,평안,5점,43일째,총47일
430등,메놀그멍,2023 코스모스 졸업,5점,11일째,총45일
429등,스파이시치킨랜치,로또 1등 당첨되게 해주세요,5점,34일째,총49일
428등,유구미,침착맨 포켓몬 9세대 존버합니다 -33일차-,5점,52일째,총52일
427등,무친병건야스맨,과외 상담 잘하고 성사되게 해주세요,5점,4일째,총42일
426등,침착한한국인,로또 1등 당첨되게 해주세요,5점,6일째,총49일
425등,붕어사자코,부자되게 해주세요,5점,25일째,총25일
424등,김카이,즉시 트래픽 부담,5점,45일째,총45일
423등,로봇대백과,언제나 사랑하며 살도록 해주세요.,5점,32일째,총48일
422등,이상해씨기여워,연대가게해주세요,5점,16일째,총37일
421등,ㅁㄴㅇㄹ,열공열공,5점,52일째,총52일
420등,눈이예뻐슬픈동물,학교 가게 해줘잉,5점,49일째,총49일
419등,갑오징어,행복,5점,43일째,총43일
418등,침착맨엉덩이는빨게,이채영 저 주십쇼,5점,11일째,총42일
417등,멍꿀이,합격 기원,5점,1일째,총18일
416등,코코니탓치,세계평화,5점,1일째,총1일
415등,금재옾뫄마,해피크리스마스,5점,22일째,총36일
414등,짜파게티,메리크리스마스,5점,33일째,총51일
413등,샌드타이거샤크박민수,인턴 합격 기원,5점,39일째,총39일
412등,주호민머리독수리,침착먄 탈모가원,5점,1일째,총32일
411등,오호홍햄빠끄세트,건강 안전 행복,5점,52일째,총52일
410등,힐끔도르,2023년 다정하고 좋은 사람 만나 결혼하게해주세요,5점,2일째,총36일
409등,고향만두,평화,5점,13일째,총43일
408등,초선이에요옹,제발 ,5점,22일째,총48일
407등,조조가든,남친 생기게 해주세여,5점,39일째,총40일
406등,상대편,메리 크리스마스,5점,28일째,총37일
405등,김간장새우,270 당첨되게 해주세요,5점,1일째,총37일
404등,별수호자침착맨,메리 크리스마스,5점,1일째,총26일
403등,몰라요,메리크리스마스,5점,1일째,총17일
402등,송혜교,취업뽀개기,5점,43일째,총46일
401등,힙냥이,행복하게 해주세요,5점,15일째,총23일
400등,병건자치구기강담당,논문 쓰게 해주세요,5점,1일째,총34일
399등,굿이에요굿굿굿,메리크리스마스 그리고 공부,5점,33일째,총49일
398등,라타타탐,로또 1등 되게 해 주세요.,5점,29일째,총46일
397등,선봉맨,사업번창,5점,41일째,총51일
396등,원술은꿀물을좋아해,사람이 되게 해주세요,5점,1일째,총47일
395등,고불개,살 잘빠지게 해주세요,5점,1일째,총5일
394등,코코삼촌,할머니 건강 기원,5점,52일째,총52일
393등,켸도민수,산타는 없는 거야,5점,1일째,총14일
392등,쨰깐둥이,메리 크리스마스,5점,27일째,총43일
391등,엥조엥,여친 생기게 해줘잉,5점,3일째,총35일
390등,더블비얀코,개근하게 해주세요,5점,3일째,총29일
389등,침착한주펄님,우리 가족 모두 건강하기,5점,1일째,총41일
388등,낙스라마스의저주,그래요 크리스마스예요,5점,50일째,총51일
387등,Vantage,우리 가족의 행복 !!,5점,1일째,총19일
386등,STL,연봉인상,5점,11일째,총42일
385등,조휴일, ,5점,14일째,총44일
384등,무리무리무리맨,부자되게해주세요,5점,2일째,총35일
383등,병건쮸,합격,5점,1일째,총43일
382등,호크아이슨배임,여친 좀,5점,8일째,총49일
381등,피도눈물도없는자식,화이팅,5점,51일째,총51일
380등,kpxla6,빨리인사발령나서탈출하게해주세요,5점,3일째,총44일
379등,박성화,메리크리스마스!,5점,45일째,총45일
378등,골댕쓰,건강,5점,1일째,총1일
377등,인싸가오리,첼시 챔스 우승,5점,1일째,총9일
376등,이쁜둥이미운둥이,돈 많이 벌게 해줘잉,5점,53일째,총53일
375등,이말년침착맨이병건레츠고,행복하자,5점,1일째,총34일
374등,보약떡볶이,우리가족건강,5점,33일째,총46일
373등,카이퍼,내가 좋아하는 사람들이 행복하게 해주세요.,5점,4일째,총35일
372등,아재몬,타란,5점,7일째,총44일
371등,뭐시중요해,내 소원만 들어달라는 사람 들어주지 마세용,5점,8일째,총38일
370등,이설휘,반짝반짝 빛나는 사람이 되고싶어요.,5점,1일째,총35일
369등,아파요,내 소원만 들어주세요,5점,1일째,총48일
368등,침착한애스크,마음을 고백할 용기와 사랑이 이루어질 행운이 오길바래요,5점,13일째,총25일
367등,이병삼병건,삼성라이온즈 우승,5점,5일째,총48일
366등,널포인터익셉션,넥슨 입사 기원,5점,43일째,총43일
365등,곧통조림행인,메리 크리스마스,5점,52일째,총52일
364등,다라이맨,시원한 방귀,5점,16일째,총50일
363등,라프라스,돌아 건강해야한다~,5점,52일째,총52일
362등,오까이맨,코로나 완치 내일은 안 아프기,5점,3일째,총33일
361등,일산사는김씨,4일차) 편입 시험 합격하게 해주세요 ,5점,2일째,총11일
360등,네모세모,잘자,5점,1일째,총25일
359등,인간사냥개,아이폰 당첨되게 해줘잉~,5점,10일째,총44일
358등,축잘알침착맨,나야 이제 자라.. 재미없다,5점,7일째,총38일
357등,페페스,감사하다,5점,15일째,총44일
356등,Horiznoless,지혜랑 크리스마스 같이 보내기,5점,9일째,총13일
355등,감자는맛있지,행복하게 살게해주세요,5점,1일째,총9일
354등,AliExpress,시험합격,5점,14일째,총32일
353등,아게하,연애하게 해주세요,5점,1일째,총39일
352등,갱얼쥐,2024 중등 임용 최합하게 해줘잉,5점,4일째,총46일
351등,호호바,메리 크리스마스🎄,5점,52일째,총52일
350등,우정맹,sex,5점,48일째,총48일
349등,침착군주,출첵,5점,26일째,총50일
348등,집중맨,로 또 당 첨,5점,2일째,총36일
347등,단군이좋군,행복한 크리스마스 보내세요~,5점,16일째,총48일
346등,감질맛,소들돌~,5점,1일째,총32일
345등,KIN,취업하게 해주세요,5점,52일째,총52일
344등,침착한,와! 기도!,5점,1일째,총45일
343등,김도비도비,무사히 최종 합격하게 해주세요!,5점,3일째,총37일
342등,그냥임채현,메리크리스마스~,5점,5일째,총30일
341등,강폭풍,해피 크리스마스,5점,32일째,총51일
340등,영공조GTA,자동기도,5점,10일째,총36일
339등,침착맨의아이폰,침착맨 두발 전진,5점,18일째,총51일
338등,페퍼민트S2,나는 내가 되고 싶은 내가 된다,5점,52일째,총52일
337등,이병건강냉이사이에낀김가루,멜클,5점,5일째,총50일
336등,히라테유리나,돌님 크리스마스 잘 보내시고 제 소원은 로또 1등입니다,5점,1일째,총36일
335등,awnfaiof,흑,5점,52일째,총52일
334등,토종김선생,감사합니다 감사합니다 감사합니다,5점,1일째,총29일
333등,우룰루루,메리크리스마스!,5점,52일째,총52일
332등,오로호로,멜클,5점,1일째,총4일
331등,용네임,행복과 건강 발전,5점,18일째,총29일
330등,락바리,기침 낫자,5점,52일째,총52일
329등,초록매실,오늘 하루 행복하게 해주세요,5점,38일째,총45일
328등,디낌이,"매력발산, 후회 ㄴㄴ",5점,51일째,총51일
327등,MOONDI,안녕,5점,1일째,총6일
326등,페루남자,국시붙게해주세요,5점,16일째,총27일
325등,꽁지꽁지,기도기도,5점,3일째,총22일
324등,오필리아,제가 해줘요에 올린거 침착맨이 하게 해주세요,5점,1일째,총7일
323등,메가톤맨,미국 유학 성공 기원 18일차,5점,52일째,총52일
322등,네잎끌로바,취업 합격하게 해주세요.,5점,1일째,총23일
321등,엘지우승,좋아하게 해주세요 ㅜ,5점,1일째,총35일
320등,FIESTA,아이즈원 다시 보고 싶습니다🙏,5점,47일째,총48일
319등,자오자오펄칭자오,아나토마지 합격기원,5점,5일째,총18일
318등,아즈몽가대왕,예비번호 추합되게 해주세요💚,5점,45일째,총45일
317등,생귤탱귤,짱이 될거에요,5점,36일째,총36일
316등,율랑단,메리크리스마스 행복하세요~,5점,33일째,총33일
315등,오히려좋은사람,메리 크리스마스~,5점,1일째,총12일
314등,임동민수,그녀에게서 먼저 연락이 오게 해주세요,5점,13일째,총28일
313등,동네모르는오빠,나도 행복하고 싶다,5점,4일째,총44일
312등,루프레텔캄,2023 시험 합격,5점,6일째,총42일
311등,슈퍼방장강퇴,메리 크리스마스🎄,5점,1일째,총25일
310등,슈뢰딩거의꺽다리,시험합격,5점,7일째,총27일
309등,순살인간,교토에서 재밌길,5점,44일째,총49일
308등,ㅇㅇㄱ,합격하자,5점,1일째,총33일
307등,JeonGoon,놀아도 돈 벌수 있게 해주세요,5점,7일째,총37일
306등,asdfgh,합격기원,5점,25일째,총31일
305등,우리원딜박정민,노예비 추합되게 해주세요,5점,5일째,총18일
304등,사쿠라,봇치 2기 제발,5점,26일째,총49일
303등,침착맨의개가되고싶어,봇치더락2기기원,5점,2일째,총14일
302등,최유진,알바자리주삼,5점,3일째,총33일
301등,레몬차,내가 사랑하는 거의 십분의 일만이라도 사랑해줘,5점,2일째,총15일
300등,고구마777,내 소원 이뤄지게 해주세요,5점,9일째,총43일
299등,프로미스나인,끝나가는 포인트도 다시 보자,5점,2일째,총37일
298등,바닐라몬드,가정 화목,5점,3일째,총43일
297등,침하하αlpha,Merry Christmas,5점,20일째,총46일
296등,킹냥이,행복을주세요,5점,44일째,총50일
295등,초고교급이하민,알바 붙기!,5점,49일째,총49일
294등,폴에스트,더 발전해야 한다,5점,27일째,총48일
293등,헬로포터,비나이다 비나이다,5점,6일째,총47일
292등,가지가내밥,에라 모르겠다,5점,52일째,총52일
291등,sungard,미워하는데 시간 쓰지 말자,5점,52일째,총52일
290등,닉네임변경조조1893,11,5점,29일째,총50일
289등,비상깜빡이,메리크리스마스,5점,1일째,총35일
288등,궤도민,오늘을 함께한 모든 커플에게 새생명을 주세요,5점,6일째,총50일
287등,모었앙,메리크리스마스🎄,5점,7일째,총34일
286등,롯데우승,롯데우승,5점,52일째,총52일
285등,침붕방,으아아아 제발 통과 ,5점,1일째,총28일
284등,침두쭈두야나두,제발 만화 대박나게해주세요,5점,52일째,총52일
283등,야색마,무탈,5점,37일째,총42일
282등,JESUS,대기업 정규직 취직하고 싶다,5점,10일째,총42일
281등,다신못볼유돈노,어제 있었던 일 잘 풀리게 해결되게 해주세요,5점,44일째,총44일
280등,남영재,메리크리스마스,5점,1일째,총29일
279등,참룡객,건강,5점,23일째,총48일
278등,주호민좋음,의미를 찾는 것,5점,20일째,총51일
277등,모도리,2023년 제63회 간호사 시험 합격,5점,23일째,총23일
276등,1월15일,우리 누나 가족들 안아프게 해줘잉,5점,1일째,총23일
275등,침하하오히려좋아,행복한 성탄절 되게 해주세요.,5점,52일째,총52일
274등,가입일20221123,하루중 기억에 남는 순간이요,5점,4일째,총50일
273등,침침ㅁ침,하는 일 모두 잘 되게 해주세요\,5점,12일째,총36일
272등,•한국인•,메리크리스마스,5점,31일째,총50일
271등,카이사르,자고 일어나면 산타 할부지가 선물 두고 가시겟지?,5점,10일째,총51일
270등,宮脇咲良,김채원의 First Love 커버 다들 들어주세요!!,5점,52일째,총52일
269등,낼르미,모두 메리크리마스입니다! 무사고 행복한 날 보내길!,5점,2일째,총43일
268등,핑구야,부자,5점,25일째,총30일
267등,푸르로닝,여친 생기게 해줘잉 취업 시켜줘잉 ,5점,18일째,총38일
266등,700만대추인,오늘이 빨리지나게 해주세요,5점,10일째,총46일
265등,김탱구,ㅊㅊ,5점,27일째,총30일
264등,v9a4oo,윤아랑 사귀게 해주세요,5점,1일째,총14일
263등,거북왕,팔허리낫기,5점,4일째,총11일
262등,피코7,즐추,5점,5일째,총43일
261등,이병건나라이웃나라,합격,5점,26일째,총49일
260등,칵스한사발,메리 크리스마스,5점,4일째,총50일
259등,둘컹스,Hi,5점,6일째,총29일
258등,침냥E,좋은 집 구할 수 있게 해주세요,5점,17일째,총51일
257등,병건매벌이,합격!,5점,52일째,총52일
256등,침테잎,합격,5점,11일째,총42일
255등,칡이귀엽네요,세계평화 ,5점,15일째,총27일
254등,외계생명체,치킨 먹고 싶어요,5점,1일째,총31일
253등,태완씨이것좀먹어봐유,메리크리스마스,5점,52일째,총52일
252등,사사림,메리~크리스마스!,5점,52일째,총52일
251등,벌꿀오소리,살빠지게 해주세요,5점,11일째,총49일
250등,김두치,메리 크리스마스~,5점,4일째,총5일
249등,아프리카청춘이다,합격 건강 외조모쾌유,5점,1일째,총43일
248등,침착맨네밍키,대학 추합 하게해주세요🙏,5점,36일째,총36일
247등,구라쟁이, ,5점,1일째,총49일
246등,해일림,건강기원 메리 / 크리스마스,5점,1일째,총39일
245등,연구원,승리,5점,21일째,총51일
244등,우쥬라이크헤이러탑,여자,5점,8일째,총36일
243등,거짓말하지마,메리크리스마스,5점,9일째,총49일
242등,침냥이하악질,ㅜ ㅜ 마주치길,5점,11일째,총37일
241등,꿀벌맨,메리 크리스마스🎄,5점,1일째,총40일
240등,마라랜드,아프지마도토도토잠보,5점,29일째,총36일
239등,갱이갱이양갱이,세계평화,5점,14일째,총27일
238등,야구왕이순철,끼얏호,5점,2일째,총46일
237등,예비특허민수,변시합격,5점,52일째,총52일
236등,도원결의,세 명이 동시에 뒤집니다,5점,6일째,총48일
235등,자조운,기망과 기만과 사기와 꼼수와 사실은폐의 근절,5점,24일째,총44일
234등,뽀로롤롱,제발최종합격,5점,20일째,총44일
233등,차도르자브종수,불로소득,5점,11일째,총46일
232등,좋아용,무사고 기원,5점,1일째,총20일
231등,해병대,행복한 하루 되세요 메리크리스마스 ,5점,1일째,총21일
230등,리버냥,공부하잣,5점,52일째,총52일
229등,엌케이,즐거운 크리스마스 보내세요,5점,20일째,총48일
228등,중영이,우리 가족 모두 건강하고 행복하길!,5점,52일째,총52일
227등,무우우,12월 25일 어제 산 로또가 1등이나 2등에 당첨된다,5점,2일째,총13일
226등,김똥꼬,또 안했다,5점,10일째,총39일
225등,침초코,행복과 건강,5점,26일째,총36일
224등,그대인형,메리 크리스마스 ,5점,52일째,총52일
223등,칼국수,행복해지자,5점,51일째,총51일
222등,GunAnt,내년에도 전시 많이 하게 해주세요,5점,2일째,총34일
221등,이중호,준비한만큼 성과를 이룰 수 있길.,5점,2일째,총22일
220등,침댕이,실패햇다 ㅠㅠ,5점,1일째,총41일
219등,숲속의호랑이,로또 1등 당첨된다!!,5점,1일째,총40일
218등,나옹이,오늘 데이트 커플 전부 임신 ,5점,1일째,총23일
217등,갬성세포,기분 좋은 일 생기게 해주세요,5점,2일째,총27일
216등,게시판,시바 연속 끊긴 거 너무 열받아요,5점,22일째,총50일
215등,공장장은아니고,대인배 되기,5점,40일째,총43일
214등,해파리냉채,내게도 사랑이 찾아오길,5점,1일째,총20일
213등,오히려좋아,행복하게 해주세요,5점,15일째,총44일
212등,유능대령,침하하 폭팔,5점,40일째,총46일
211등,십장생,여자친구 생기게 해주세요,5점,52일째,총52일
210등,sso****,제엔장...ㅠㅠ 간경화좀 호전되게 해주세요...ㅠㅠ,5점,1일째,총5일
209등,CRADLE,그림잘그리게해주세요,5점,52일째,총52일
208등,가진거다내놓으시오,소원의 돌님 살아 계시다면 제게 로또 1등을 주세요!,5점,7일째,총35일
207등,내일을남일처럼,건강하고 돈많이 벌게 해주세요,5점,9일째,총44일
206등,매곡리물주먹,인연,5점,52일째,총52일
205등,그거완전과학,오늘도 무사하길,5점,3일째,총43일
204등,휙휙♥,눈오ㅏ라,5점,28일째,총49일
203등,병건83,합격 기원,5점,52일째,총52일
202등,버터링,행복,5점,27일째,총51일
201등,곽철용,케빈이 무사히 집으로 돌아갈 수 있게 해주세요,5점,1일째,총44일
200등,배고푸잖슴,거창하지 말고 비장하지 말고 하루씩만 살자,5점,53일째,총53일
199등,여름으로가는문,꿀잠자게해줘잉,5점,16일째,총44일
198등,성이름,돌아 나 시험좀 붙여줘봐 효도좀하게,5점,52일째,총52일
197등,샹폴리옹,토익 만점 받게 해줘잉,5점,3일째,총17일
196등,김밥킹,일 그만두기 전까지 매출 올리게 해주세요,5점,1일째,총44일
195등,동탁천사,취업 성공하고 남자친구랑도 계속 잘지내게 해주세요🫶🏻,5점,52일째,총52일
194등,그만섹시해나자신,메리 크리스마수>_0,5점,2일째,총7일
193등,말보로라이트,이번 작품 대박나게 해주세요!!,5점,23일째,총27일
192등,Z3R05UM,지금 하는 마작 승리 기원,5점,52일째,총52일
191등,깨쓰롸이팅,풍월량님 메운디 깨게 해주세요.,5점,52일째,총52일
190등,이병건방져,팬미팅,5점,12일째,총51일
189등,존롤존스스톤,아래서부터,5점,9일째,총51일
188등,고라니라니자라니,독일 음대 유학을 성공적으로 할 수 있게 해줘잉!,5점,20일째,총20일
187등,침순잉,세계최고의 아티스트가 되게 해주세요,5점,48일째,총51일
186등,속병전문내과마리아,영민이 안아프게 해주세요,5점,1일째,총2일
185등,초코코,여자친구 생기게 해주새요 ,5점,1일째,총17일
184등,하스펄,통천님 한복구쭈 만들어주세요,5점,4일째,총36일
183등,침착한시청자,병건이의 행복,5점,52일째,총52일
182등,책마니읽으시오,건강기원,5점,52일째,총52일
181등,검정치마,이 겨울을 너무 사랑해,5점,52일째,총52일
180등,와장창,제 인생에 행복만 가득하길 바래요,5점,52일째,총52일
179등,동포동포동,건강,5점,1일째,총1일
178등,빙수왕,잘되게 해줘잉..,5점,10일째,총37일
177등,시적허용,메리크리,5점,27일째,총45일
176등,허풍개,평화,5점,47일째,총48일
175등,아델리핑구,들숨에 행복을 날숨에 재물을,5점,1일째,총14일
174등,송파구일짱,메리크리스마스!,5점,1일째,총37일
173등,물수제비퐁당,대화가 잘 통하고 취미가 같은 사람과 사귀게 해주세요,5점,1일째,총16일
172등,쏭단비,남편직업의사,5점,5일째,총41일
171등,봇들의밤,오늘 하루도 잘 보내게 해주세요,5점,44일째,총44일
170등,V0o0v,여친줘잉,5점,3일째,총4일
169등,보르조이,해피메리크리스마스,5점,52일째,총52일
168등,바다민수,오늘 토익 만점받게 해주세요,5점,48일째,총48일
167등,허허허,5,5점,1일째,총20일
166등,유다니,!,5점,13일째,총45일
165등,곤이형아,로또 1등,5점,21일째,총36일
164등,륜하하,메리크리스마스,5점,2일째,총31일
163등,아우레아,기억력이 좋게 해주세요,5점,1일째,총21일
162등,소인배권위자,멜크🎅🏻,5점,6일째,총44일
161등,작은앙마,메리크리스마스,5점,52일째,총52일
160등,삼각군,내코인 떡상하게 해주세요,5점,52일째,총52일
159등,감나라베개나라,몸무게 68kg,5점,4일째,총43일
158등,정우영,무탈,5점,20일째,총46일
157등,Lux,로또 1등 당첨되게 해주세요,5점,2일째,총42일
156등,보리차,건강과 행복,5점,52일째,총52일
155등,우니동,사랑,5점,44일째,총44일
154등,주호민희민,건강해지고 돈 많이 벌게 해주세요,5점,17일째,총42일
153등,볼링공닦는주호민,퇴근,5점,14일째,총44일
152등,완도전복,체한거 내려가게.........,5점,11일째,총41일
151등,저가요우원박인데요,로또 1등 당첨 제발제발제발,5점,7일째,총42일
150등,이병건더기,행복하게해주세요,5점,32일째,총51일
149등,애기쏘영,2월까지 목표한 바를 이루기,5점,48일째,총50일
148등,ㅁㅅㅁㅅ,편하게 사람 만나기,5점,2일째,총22일
147등,골든너겟,취업하자!,5점,50일째,총50일
146등,현실을살아,운동 열심히하게 해줘유,5점,32일째,총49일
145등,Wayne,바뀔 수 있는건 없다 알지? 앞만 봐,5점,16일째,총38일
144등,털보와진주그리고안경,로또1등되서 고양이 키우고 싶다.,5점,12일째,총32일
143등,권은비,즐거운 일이 가득한 오늘이길,5점,52일째,총52일
142등,검은뱀,돈 돈 더 많은 돈,5점,1일째,총33일
141등,쉬운아이디,메리메리크리스마스,5점,2일째,총37일
140등,담담담담,공부 좀 하자,5점,1일째,총40일
139등,므어엉,연애하게해주세요,5점,2일째,총3일
138등,귤겨울눈,친절하게 바라보기,5점,52일째,총52일
137등,시루요,토익 대박,5점,52일째,총52일
136등,수정고드름,메리크리스마스,5점,52일째,총52일
135등,오히려,메리크리스마스,5점,52일째,총52일
134등,잠밥보,김소영 이번주 로또 1등 기원합니다,5점,9일째,총33일
133등,주호민방위훈련,메리 크리스마스,5점,50일째,총51일
132등,아재맨,1월 이직 성공하게 해주세요 (33),5점,1일째,총51일
131등,김치아줌마,코감기 저리가,5점,52일째,총52일
130등,얘뭐가잘안되니,예일가게해주세요,5점,31일째,총41일
129등,먹황새,세계정복,5점,52일째,총52일
128등,이왕건병건,여자친구 생기게 해줘잉,5점,1일째,총44일
127등,노마닉,여자친구 생기게 해주세요,5점,8일째,총39일
126등,오히려좋을지도?,메리,5점,1일째,총36일
125등,나나나,확실한 행복을 주세요,5점,15일째,총44일
124등,비건보다병건,산다,5점,52일째,총52일
123등,묵묵겆장군,제발 목표대학 가게 해줘,5점,1일째,총33일
122등,chimdownman,메리 크리스마스,5점,10일째,총49일
121등,세종머앟,마 함해보입시더,5점,52일째,총52일
120등,뼈치킨,메리크리스마스,5점,52일째,총52일
119등,UDT출신여중생,크리스마스에는 축복을💖,5점,44일째,총45일
118등,바닥난체력,제발 돌아오는주 로또 1등 당첨 기원합니다. ,5점,1일째,총30일
117등,상여자,모두 건강하고 행복한 크리스마스 보내게 해주세요,5점,1일째,총35일
116등,남현수,모두가 항상 행복하게 해 주세요,5점,4일째,총44일
115등,쿠우우,즐거운 크리스마스,5점,52일째,총52일
114등,시은희안,로또 1등 당첨,5점,5일째,총42일
113등,국밥부장관,내가 하는 모든일들이 다 원하는대로 풀리길,5점,52일째,총52일
112등,방탕후루,남친,5점,20일째,총24일
111등,병거니,오늘도 행복한 하루💕,5점,39일째,총51일
110등,이왕건이오,메리 크리스마스,5점,12일째,총49일
109등,쫄면사리추가삼천원,일찍 일어나게 해주세여,5점,4일째,총20일
108등,덩덩침덩이,노력 안 하고 잘 되게 해주세요,5점,2일째,총28일
107등,쌍베S코스밥상엎는이병건,돈 많이 벌자,5점,52일째,총52일
106등,DonVito,우리가족모두건강,5점,24일째,총45일
105등,이더리움,사랑,5점,52일째,총52일
104등,침수니는눈이침침,돈 마니마니 벌게 해줘잉,5점,1일째,총34일
103등,닉네임을공란으로둘순없어서,저에게도 로또 1등 당첨의 순간이 올까요,5점,42일째,총42일
102등,흥분걸,NJ ❄️ ⛈ 무사히 넘길 수 있게,5점,52일째,총52일
101등,성모학개론,월요일이 안 왔으면 좋겠어요,5점,40일째,총42일
100등,대인국총리대신,건강이최고,5점,12일째,총46일
99등,의중을알고싶은김의중,2023 두산 베어스 우승,5점,37일째,총51일
98등,예아나무,리치왕,5점,8일째,총34일
97등,페코짱,이번 주 로또 고액 당첨되게 해주세요.,5점,52일째,총52일
96등,침티에이,아프지않기~,5점,50일째,총51일
95등,손맛볶음밥,로또 당첨 기원,5점,6일째,총37일
94등,TARS,비밀,5점,7일째,총42일
93등,뜨거운음료,ㅇㅁ,5점,5일째,총41일
92등,무케케,앗 늦었어요.,5점,2일째,총13일
91등,참치마하,연애문제 해결,5점,1일째,총5일
90등,사일런스,건강,5점,35일째,총47일
89등,이병건축학개론,짝남오빠랑 잘되게 해줘잉,5점,3일째,총28일
88등,이왕건그는신인가,메리크리스마스 입니다?,5점,51일째,총51일
87등,맵크나이트,메리 크리스마스,5점,1일째,총32일
86등,빠이구,"내년엔 여친생기게,,",5점,4일째,총48일
85등,주먹왕랄부,건강과 평화,5점,50일째,총50일
84등,레몬나르고빚안갚아,소원빈 모두가 햅삐 크리스마스,5점,16일째,총19일
83등,침감쟈,메리크리스마스! 다들 행복한 하루 보내세요~~,5점,6일째,총37일
82등,침하하하쏭,롤 이번판 이기게 해주세요,5점,9일째,총31일
81등,2any4,행복해지게 해주세요!,5점,5일째,총32일
80등,주호민병건풍기문란,쪼미야 얼른와,5점,26일째,총47일
79등,호방하게칭제,내년엔 사랑으로,5점,45일째,총45일
78등,반깁스,크리스마스엔 좀 다들 따뜻하게 지냈으면 합니다.,5점,10일째,총43일
77등,하태훈1,정규직 기원,5점,1일째,총28일
76등,ATOM,올라라,5점,12일째,총43일
75등,Hibyeday,굿잠,5점,29일째,총46일
74등,소금사탕,-여기까지 취소-,5점,1일째,총39일
73등,소인배도라지,클수마스에 골프장 문닫아서 알바 안가게 해주세요,5점,6일째,총47일
72등,쭈이잉,🎄 메리 크리스마스 🎄,5점,4일째,총30일
71등,내일은챰피온,로또 1등 가즈아,5점,33일째,총41일
70등,가위꺾어진,메리크리스마스,5점,52일째,총52일
69등,오호홋오홋,괜찮은 애인좀 사귀게 해주세요,5점,29일째,총41일
68등,작은쥐,원하는거 다 이루기,5점,46일째,총46일
67등,편한명상,행운,5점,41일째,총41일
66등,콘노크,여친생기게 해주세요!💑❤❤❤,5점,5일째,총51일
65등,루차질라,로또1등,5점,27일째,총29일
64등,티라노사우루스,크아앙,5점,46일째,총46일
63등,삐걱삐걱,꿀잠자게해주세요,5점,27일째,총42일
62등,위험한까마구이병건,징글벨 징글벨 메리 크리스마스~,5점,52일째,총52일
61등,이병건과류,비나이다 비나이다,5점,7일째,총51일
60등,다람쥐곶감,메리크리스마스 내년엔 돈벌자,5점,10일째,총51일
59등,아햏햏,삼멘,5점,1일째,총44일
58등,김풍근,복권 1등!,5점,1일째,총32일
57등,할아버지,메리크리스마스,5점,52일째,총52일
56등,Patrasche,메리 크리스마스~,5점,52일째,총52일
55등,침은이루어진다,"책임과 끈기 그리고 사랑을 주세요, 미리 감사드립니다.",5점,13일째,총18일
54등,예습의옥냥이,항상 밥은 맛있는거 먹게해주세요,5점,24일째,총39일
53등,겨울모기,하나님부처님알라신공자님맹자님산타할아버지제발연애하게해주요,5점,22일째,총44일
52등,구찌가천마넌,연애 기원!,5점,31일째,총50일
51등,평경장,🎅,5점,52일째,총52일
50등,갈치갈치,로또 연금복권1등당첨,5점,27일째,총45일
49등,개구리,전남친 말고 새로운 남친 줘,5점,1일째,총51일
48등,메탈기어솔의눈,합격 입사 근력강화,5점,36일째,총47일
47등,이춘향,합격!,5점,52일째,총52일
46등,맵당당,크리스마스 선물 당첨!!,5점,52일째,총52일
45등,세모입,부자 되게 해주세요,5점,1일째,총39일
44등,네글자,단차 쌀대리 기원,5점,52일째,총52일
43등,토끼님,침펄풍 영접하게 해주세영 ₍ᐢ.ˬ.ᐢ₎ 메리크리스마스❤️,5점,34일째,총51일
42등,침덩이덕쿵덕,합격기원☆,5점,52일째,총52일
41등,쭈랑둥이,취업하게 해주세요,5점,8일째,총37일
40등,강동구침순이,내년엔 남친이랑 보내게 해주세요 제발,5점,6일째,총39일
39등,tripleS,트리플에스 화이팅,5점,21일째,총21일
38등,지떨코,ㅊㅊ,5점,52일째,총52일
37등,침착한병건,대학교 예비 합격하게 해주세요,5점,11일째,총40일
36등,댕댕이,메리크리스마스임다 횐님들~,5점,52일째,총52일
35등,채린이가차린챌린저,내 셋째 동생 대상포진 낫게 해주세요,5점,1일째,총28일
34등,아데마르,사랑합시다,5점,49일째,총50일
33등,옹골찬만두콘,침착맨 화이팅,5점,52일째,총52일
32등,즐거운무의식,연락이 오길…,5점,40일째,총44일
31등,두다리갈매기,강철멘탈 부탁합니다,5점,52일째,총52일
30등,행복하니,메헤리 크흐리히스트마수~~^-^*,5점,52일째,총52일
29등,피죤투,지우야...,5점,52일째,총52일
28등,병건나라침착공주,행복하기,5점,41일째,총49일
27등,영공조진,로또1등당첨되게해주세요.,5점,52일째,총52일
26등,wasitacatisaw,Merry Christmas,5점,28일째,총49일
25등,사과야사과해,오늘도 즐겁게,5점,6일째,총35일
24등,일병이병건,메리침스마스,5점,32일째,총32일
23등,침버거세트,저만 잘되게 해주세요~,5점,52일째,총52일
22등,욣욣욣,연애 결혼 성취,5점,21일째,총40일
21등,나는애쉬,부유한 삶,5점,37일째,총37일
20등,패는남매,"침투부 관련 사람, 보는 사람들 다 행복하게 해주세요.",5점,52일째,총52일
19등,비비디바비디뿌,최종합격 기원,5점,17일째,총35일
18등,밍키밥,크리스마스선물 주세여,5점,6일째,총48일
17등,몽쉘통통의고양이,메리 크리스마스 그리고 감기 낫게 해줘잉,5점,53일째,총53일
16등,일병건,결국에는 모두가 행복해지길,5점,12일째,총50일
15등,장료벌레,서른 세 번만!,5점,51일째,총51일
14등,매직박재성기사이즈킹,여자친구 생성 기원 15일차,5점,52일째,총52일
13등,뿌끼먼만두콘,만수무강,5점,5일째,총30일
12등,침냥2,메리크리스마스 침하하,5점,52일째,총52일
11등,피글렛힛,메리크리스마스🎄,5점,13일째,총43일
10등,우왕박,알바구하게해줘잉,5점,3일째,총39일
9등,킹데마르공작,수능만점,5점,1일째,총25일
8등,오프라인,돈 사랑 장수 건강 축복,5점,49일째,총51일
7등,건전한침청자1205,위인님 그 곳에선 안녕하십니까,5점,37일째,총48일
6등,병건마미,애인생기게해주세요,5점,52일째,총52일
5등,이병건윱뽀이,메리 크리스마스,5점,41일째,총41일
4등,집에못가는사람,집에 가고 싶다,5점,40일째,총44일
3등,나화안났어,꿀잠자기!,5점,7일째,총50일
2등,HAERIN,"2023아버지 경기도 문화재,대한민국 명장 다 되기.",5점,52일째,총52일
1등,그르다김가놈,메리크리스마스,5점,44일째,총44일
