게시물 제목,게시자,분류,조회수,좋아요 수,업로드 날짜,댓글 수,이미지 url,페이지 url
게임 컷 씬에 내 캐릭터가 나오는 순간,바닐라몬드,웃긴짤,12001,146,4일전,10,https://thumbs.gfycat.com/VelvetyBlackGarpike-size_restricted.gif,https://chimhaha.net/humor_try/101937?page=1
두 개를 동시에 하면 안돼!!,서서갈비,웃긴짤,13285,242,4일전,15,https://resources.chimhaha.net/small/1673271406860-mujkdvg9iz.jpg,https://chimhaha.net/humor_try/102617?page=1
애인이 없다면? 왜?,알란탐,웃긴짤,12300,192,6일전,25,https://resources.chimhaha.net/small/1673083183033-9m8e9go0ygc.gif,https://chimhaha.net/humor_try/99480?page=1
법원 앞 유료주차장에서 꼭 지켜야할 것 ,슬램덩크맥거핀삼인방,웃긴짤,10183,132,5일전,8,https://resources.chimhaha.net/small/1673118163405-0y79ihpg2on.jpg,https://chimhaha.net/humor_try/100190?page=1
'평창'인 줄 알고 내렸는데...,쌀과자먹는소리,웃긴짤,10944,113,4일전,16,https://resources.chimhaha.net/small/1673207140885-kqmcmmvsb3p.jpg,https://chimhaha.net/humor_try/101595?page=1
거부할 수 없는 쾌감,바이코딘,동물짤,9934,221,5일전,13,https://resources.chimhaha.net/small/1673150585937-qxzhw1fhoma.webp,https://chimhaha.net/humor_try/100460?page=1
춤추는 배추잎,트위드재킷,멋있는짤,11425,225,6일전,14,https://resources.chimhaha.net/small/1673062658868-1o62giyh2by.gif,https://chimhaha.net/humor_try/99127?page=1
지하철에서 무조건 앉아서 갈 수 있는 방법,공포를이겨내,웃긴짤,12514,187,01.05,15,https://resources.chimhaha.net/small/1672908627783-5g8cafspbkm.gif,https://chimhaha.net/humor_try/96101?page=1
아빠가 cg장인,오호홍햄빠끄세트,멋있는짤,9412,147,01.05,5,https://resources.chimhaha.net/small/1672912217852-6r104mw2i0k.webp,https://chimhaha.net/humor_try/96182?page=1
겨울철 지하철 풍경,치무차쿠맹,동물짤,8311,127,01.05,6,https://resources.chimhaha.net/small/1672916267977-39f53krn5gp.jpg,https://chimhaha.net/humor_try/96283?page=1
라쿤의 지능,오호홍햄빠끄세트,동물짤,8423,128,01.05,10,https://resources.chimhaha.net/small/1672916612339-41g343xtthn.webp,https://chimhaha.net/humor_try/96296?page=1
아빠 껌딱지,옾월량,귀여운짤,7209,135,01.05,8,https://resources.chimhaha.net/small/1672918539324-k41j5zi5b1g.gif,https://chimhaha.net/humor_try/96338?page=1
피할수가없어,무적무적열매,귀여운짤,6330,127,01.05,6,https://resources.chimhaha.net/small/1672922592087-dz9jupn3odf.gif,https://chimhaha.net/humor_try/96417?page=1
공포영화 시작,인지동,멋있는짤,7977,141,01.05,10,https://resources.chimhaha.net/small/1672924578113-1sll4oowahf.gif,https://chimhaha.net/humor_try/96463?page=1
진정한 13여자,쌀과자먹는소리,멋있는짤,10828,138,7일전,12,https://resources.chimhaha.net/small/1672939735692-qg92uhxlzs8.jpg,https://chimhaha.net/humor_try/96909?page=1
시끄럽게 하는 아이는 프리큐어가 될 수 없어!,쌀과자먹는소리,웃긴짤,7109,115,7일전,6,https://resources.chimhaha.net/small/1672939814651-kw99upbvkup.jpg,https://chimhaha.net/humor_try/96912?page=1
아기오리가 연못 건너는 법,치마하하,동물짤,6288,76,7일전,8,https://resources.chimhaha.net/small/1672968901022-lcgjvr3j4b.jpg,https://chimhaha.net/humor_try/97240?page=1
드디어 찾았다! 설명은 나중에. 어서 타!,박꿀배,웃긴짤,7267,76,7일전,4,https://resources.chimhaha.net/small/1672974548280-guumtfucl9.jpg,https://chimhaha.net/humor_try/97355?page=1
축하합니다!,최본좌,웃긴짤,6449,123,7일전,3,https://resources.chimhaha.net/small/1672979535630-fpsvbpwmyyp.jpg,https://chimhaha.net/humor_try/97492?page=1
"”설명은 나중에, 일단 타!“",아프리카청춘이다,동물짤,7446,164,6일전,11,https://resources.chimhaha.net/small/1673050123491-5543bjt2z7h.gif,https://chimhaha.net/humor_try/98957?page=1
아기곰 구출 성공?,오호홍햄빠끄세트,동물짤,5496,49,7일전,8,https://resources.chimhaha.net/small/1672991772386-292222sxklv.webp,https://chimhaha.net/humor_try/97907?page=2
혼자서 등에 파스 붙이기 ,오호홍햄빠끄세트,웃긴짤,8699,77,7일전,4,https://resources.chimhaha.net/small/1672988573056-0snixe5wqat.webp,https://chimhaha.net/humor_try/97834?page=2
거북이가족 여행 가는 법,치마하하,동물짤,13067,259,01.02,23,https://resources.chimhaha.net/small/1672625246140-my7b6drjzah.jpg,https://chimhaha.net/humor_try/88947?page=2
미국 참새 먹이 주기,바이코딘,동물짤,13456,162,12.31,38,https://resources.chimhaha.net/small/1672490126085-e96j042rwag.webp,https://chimhaha.net/humor_try/87052?page=2
꼬꼬마 귀요미들,선풍기,귀여운짤,9489,185,01.01,15,https://resources.chimhaha.net/small/1672501411129-h86o8tziih.gif,https://chimhaha.net/humor_try/87507?page=2
브로콜리랑 PK 연습,아이언맨배트맨슈퍼맨침착맨,웃긴짤,9997,175,01.01,16,https://resources.chimhaha.net/small/1672556820744-v926qhw6gp.gif,https://chimhaha.net/humor_try/88141?page=2
남자들이 인형 갖고 노는법,오호홍햄빠끄세트,웃긴짤,14193,218,01.01,11,https://resources.chimhaha.net/small/1672565797862-brulqvoh12p.gif,https://chimhaha.net/humor_try/88289?page=2
새해를 여는 바다표범짤,인형머리전구,동물짤,8086,172,01.01,13,https://resources.chimhaha.net/small/1672565133583-k4zsoaot7uc.gif,https://chimhaha.net/humor_try/88291?page=2
개선방,무적무적열매,웃긴짤,8051,101,01.01,15,https://resources.chimhaha.net/small/1672568041266-itpkv40sgle.gif,https://chimhaha.net/humor_try/88324?page=2
시대의 변화를 따라가는 예술가,1iyxfd,웃긴짤,9336,134,01.01,11,https://resources.chimhaha.net/small/1672570702539-bb016pjma97.gif,https://chimhaha.net/humor_try/88377?page=2
X같은 생각..,1iyxfd,웃긴짤,9610,182,01.01,12,https://resources.chimhaha.net/small/1672571105649-0jy6jdmoxd1.jpg,https://chimhaha.net/humor_try/88383?page=2
재작년(2020) 저승사자 최신 모습,땀맥스,웃긴짤,8941,152,01.01,4,https://resources.chimhaha.net/small/1672575046765-efd4g4c2jm.gif,https://chimhaha.net/humor_try/88467?page=2
로봇이 아닙니다,이쁜둥이미운둥이,웃긴짤,6601,116,01.01,9,https://resources.chimhaha.net/small/1672581905411-i9qfv3oip3r.gif,https://chimhaha.net/humor_try/88594?page=2
케이크 세상,인형머리전구,멋있는짤,12395,129,12.29,50,https://resources.chimhaha.net/small/1672323407886-qcq9hepawdi.webp,https://chimhaha.net/humor_try/83998?page=2
베스핀 가스,오호홍햄빠끄세트,기타짤,9395,126,12.30,12,https://resources.chimhaha.net/small/1672332818019-jra7xnz8iyq.webp,https://chimhaha.net/humor_try/84301?page=2
멋있고 비효율적인 이동,차도르자브종수,멋있는짤,10605,129,12.30,13,https://resources.chimhaha.net/small/1672335723162-7yq9pniy0sx.gif,https://chimhaha.net/humor_try/84335?page=2
동물병원,오호홍햄빠끄세트,웃긴짤,8064,155,12.30,7,https://resources.chimhaha.net/small/1672336978956-vtld35z5jwc.webp,https://chimhaha.net/humor_try/84352?page=2
응애 ㄴㅏ새끼 광어,데미소다,동물짤,10821,95,12.30,22,https://resources.chimhaha.net/small/1672337142079-ldnib0qdqof.jpg,https://chimhaha.net/humor_try/84353?page=2
말 안듣는 인간들 시리즈,거꾸로먹는돌,웃긴짤,10665,156,12.30,19,https://resources.chimhaha.net/small/1672348046035-51bf97xs9w.jpg,https://chimhaha.net/humor_try/84400?page=2
와! 큰일이다!,보르네오오랑우탄,웃긴짤,9686,121,12.30,14,https://resources.chimhaha.net/small/1672356545146-2glnaq1bev5.jpg,https://chimhaha.net/humor_try/84446?page=2
만져보던가,보르네오오랑우탄,웃긴짤,9197,80,12.30,9,https://resources.chimhaha.net/small/1672357921581-16mkuf7cn6d.jpg,https://chimhaha.net/humor_try/84460?page=3
아픈친구 업고 병원 가는 짤,하늘하얀,웃긴짤,7951,141,12.30,9,https://resources.chimhaha.net/small/1672358246674-h792om0jtl.jpg,https://chimhaha.net/humor_try/84464?page=3
제목은 못정했지만 멋있는 짤,차도르자브종수,멋있는짤,6543,153,12.30,7,https://resources.chimhaha.net/small/1672368799973-ww62xti8h27.gif,https://chimhaha.net/humor_try/84717?page=3
거대 백상아리 촬영 성공,오호홍햄빠끄세트,동물짤,19118,288,12.26,40,https://resources.chimhaha.net/small/1671987542698-6d9o4atoe33.webp,https://chimhaha.net/humor_try/78628?page=3
다음 중 우리 가족이 아닌 것은?,쌀과자먹는소리,웃긴짤,14552,172,12.26,15,https://resources.chimhaha.net/small/1672003599183-y1gjh4e8uk9.jpg,https://chimhaha.net/humor_try/78720?page=3
아이스크림 가게에서 유리를 두드리면 안되는 이유,쌀과자먹는소리,웃긴짤,14384,143,12.26,6,https://resources.chimhaha.net/small/1672003500347-9u0wj9d05jb.jpg,https://chimhaha.net/humor_try/78718?page=3
영어 전문가 번역 모음,르브론,웃긴짤,15550,266,12.25,28,https://resources.chimhaha.net/small/1671946282872-hct3uzretu8.jpg,https://chimhaha.net/humor_try/77758?page=3
디즈니식 연출.gif,롤린스타,웃긴짤,13903,344,12.25,14,https://resources.chimhaha.net/small/1671955757592-8f439v1swkt.gif,https://chimhaha.net/humor_try/77896?page=3
돌려돌려 돌림판,인형머리전구,웃긴짤,9843,131,12.25,8,https://resources.chimhaha.net/small/1671974441043-v97xncoj509.gif,https://chimhaha.net/humor_try/78296?page=3
지표좌표계 고정하지 못해서 우주로 날아가는 커신,푸르로닝,웃긴짤,12409,167,12.25,11,https://resources.chimhaha.net/small/1671971187208-7s9rxsf5fhd.gif,https://chimhaha.net/humor_try/78206?page=3
플스 듀얼쇼크.. 이래도 사시겠습니까?,웃음의강동초등학교도서관,웃긴짤,13111,112,12.23,12,https://resources.chimhaha.net/small/1671759787849-z7wtytw3pe.jpg,https://chimhaha.net/humor_try/74660?page=3
읍내 마트 마늘칸.,이발민수,웃긴짤,10026,115,12.23,8,https://resources.chimhaha.net/small/1671798550764-9dnonvifujp.jpg,https://chimhaha.net/humor_try/75553?page=3
기술의 진보 그 빛과 그늘,chillman,웃긴짤,11520,155,12.23,11,https://resources.chimhaha.net/small/1671799055918-dkn2ew28v1q.jpg,https://chimhaha.net/humor_try/75569?page=3
밤에 몰폰하는 아이,오호홍햄빠끄세트,귀여운짤,10694,108,12.23,5,https://resources.chimhaha.net/small/1671801572940-5dhq173vctd.webp,https://chimhaha.net/humor_try/75622?page=3
젠가 고수,오호홍햄빠끄세트,멋있는짤,9415,160,12.24,16,https://resources.chimhaha.net/small/1671854176967-vbuajfj7b4b.webp,https://chimhaha.net/humor_try/76352?page=3
복싱 배운 쏘영이의 데헷,매드보이,멋있는짤,13234,196,12.24,20,https://resources.chimhaha.net/small/1671864508253-3dnbow0e1q2.gif,https://chimhaha.net/humor_try/76551?page=3
JRPG 전투장면,어쩔태래비,웃긴짤,9354,220,12.24,11,https://resources.chimhaha.net/small/1671890117596-hv6f59qcdud.gif,https://chimhaha.net/humor_try/77091?page=3
아빠의 허접한 유전자.jpg,조이e,멋있는짤,18716,307,12.22,37,https://resources.chimhaha.net/small/1671668269375-17s126g0w26.jpg,https://chimhaha.net/humor_try/72984?page=3
똥싸는 해삼,멋진종수산수맨,동물짤,11707,185,12.22,45,https://resources.chimhaha.net/small/1671674600612-r67u4nug3kp.gif,https://chimhaha.net/humor_try/73101?page=3
아이스크림 들고 열창하는 배트맨 코스프레한 김흥국,인형머리전구,멋있는짤,12003,175,12.22,33,https://resources.chimhaha.net/small/1671681451311-miy8biex1bh.gif,https://chimhaha.net/humor_try/73233?page=3
마트 캐셔 손놀림이 너무 빠를 때,돼애지,웃긴짤,13390,279,12.22,17,https://resources.chimhaha.net/small/1671682171786-t8vl0p10m3p.gif,https://chimhaha.net/humor_try/73244?page=4
웅덩이 속 세상,NASIO,멋있는짤,9512,198,12.22,15,https://resources.chimhaha.net/small/1671702516497-y6ol2l5d8s9.gif,https://chimhaha.net/humor_try/73746?page=4
야근 전용 키보드,오호홍햄빠끄세트,웃긴짤,13844,154,12.22,9,https://resources.chimhaha.net/small/1671713638528-tfjen4j9zuj.webp,https://chimhaha.net/humor_try/73970?page=4
맥도날드 감튀 서비스,페이지마스터,멋있는짤,11919,188,12.22,16,https://resources.chimhaha.net/small/1671715471486-blmtowev41b.gif,https://chimhaha.net/humor_try/74013?page=4
네이놈 기어이 사파의 흑술을...!! ,푸르로닝,웃긴짤,10565,232,12.22,15,https://resources.chimhaha.net/small/1671716175937-3vgszi77vcu.jpg,https://chimhaha.net/humor_try/74030?page=4
절친끼리 헤어질 때,오호홍햄빠끄세트,웃긴짤,12516,177,12.22,10,https://resources.chimhaha.net/small/1671716390228-4p7wd150o0f.webp,https://chimhaha.net/humor_try/74035?page=4
야야 그거 실화냐???,NVRMND,웃긴짤,9749,216,12.22,12,https://resources.chimhaha.net/small/1671721145693-rljz6g4p91e.jpg,https://chimhaha.net/humor_try/74136?page=4
제자리 걸음 잘하는 방법,트위드재킷,멋있는짤,13324,149,12.23,23,https://resources.chimhaha.net/small/1671723351512-06skutg4ol6.webp,https://chimhaha.net/humor_try/74213?page=4
프로레슬러로 환생한 팝의 황제,오호홍햄빠끄세트,웃긴짤,9118,205,12.22,22,https://resources.chimhaha.net/small/1671714659076-wj8covq2o9.webp,https://chimhaha.net/humor_try/73991?page=4
빚이 500억..,드스프,웃긴짤,26679,228,12.18,21,https://resources.chimhaha.net/small/1671355195839-vo4swx5th5j.png,https://chimhaha.net/humor_try/66236?page=4
잘못된 방향,삐켓츄,웃긴짤,21790,362,12.18,20,https://resources.chimhaha.net/small/1671340112935-g1vzvfczxug.gif,https://chimhaha.net/humor_try/65982?page=4
보약중독.gif,음모는있죠,동물짤,17346,242,12.18,27,https://resources.chimhaha.net/small/1671340561457-c2po5bafz3f.webp,https://chimhaha.net/humor_try/65989?page=4
쿵!,오호홍햄빠끄세트,동물짤,12185,284,12.18,23,https://resources.chimhaha.net/small/1671345952445-7tudfs4x13c.webp,https://chimhaha.net/humor_try/66092?page=4
야 차장 나와,침흐헤헤,웃긴짤,15020,303,12.18,13,"https://yt3.ggpht.com/eJsS1jAW53PCP6DREblmLkdKW7jrRWo1r7Ijk4QyjNi8-6Eyp-elWuRIntaBTHLKi74oPPwVp_JROP0=s270-c-fcrop64=1,00003800ffffc7ff-nd-v1-rwa",https://chimhaha.net/humor_try/66117?page=4
두근두근 민물낚시,오호홍햄빠끄세트,동물짤,11243,94,12.18,14,https://resources.chimhaha.net/small/1671351817007-k5404evwrf.webp,https://chimhaha.net/humor_try/66176?page=4
베이글 자르는 팁,격산타우,웃긴짤,17561,190,12.18,21,https://resources.chimhaha.net/small/1671352041518-qgx1gxyfwml.jpg,https://chimhaha.net/humor_try/66179?page=4
충격 고백,두씨뚜씨,웃긴짤,14293,136,12.18,12,https://resources.chimhaha.net/small/1671352915688-zkpp16afyhn.jpg,https://chimhaha.net/humor_try/66194?page=4
성능 확실한 경고문(ㅅㅅ),인형머리전구,웃긴짤,37081,250,12.11,41,https://resources.chimhaha.net/small/1670738236551-mvqt27n4buh.jpg,https://chimhaha.net/humor_try/44674?page=4
이불은 역시 오리털 이불이지! ,비단골한량,동물짤,24397,349,12.11,33,https://resources.chimhaha.net/small/1670728690379-mn5xu2frx1k.gif,https://chimhaha.net/humor_try/44450?page=4
서열 정리 당하는 뱀,치마하하,동물짤,23600,188,12.10,19,https://resources.chimhaha.net/small/1670681357103-yv6b9fzprz.jpg,https://chimhaha.net/humor_try/43606?page=4
김씨! 딴 짓 말고 일해!,오호홍햄빠끄세트,웃긴짤,24896,317,12.10,22,https://resources.chimhaha.net/small/1670682061156-x4lhzaqrnqh.webp,https://chimhaha.net/humor_try/43619?page=5
비둘기는 원래 약았다,아맞나,동물짤,19259,167,12.11,14,https://resources.chimhaha.net/small/1670689294640-twwy06bsp1.gif,https://chimhaha.net/humor_try/43877?page=5
가족여행을 떠나신 해버지,아맞나,웃긴짤,24445,271,12.11,30,https://resources.chimhaha.net/small/1670689395758-gth23l5vh6c.gif,https://chimhaha.net/humor_try/43879?page=5
프로는 오직 결과로 말한다,에드워드뽈록,멋있는짤,20703,310,12.11,20,https://resources.chimhaha.net/small/1670689688511-x3iqy4p3mrn.gif,https://chimhaha.net/humor_try/43890?page=5
대한민국이 월드컵 우승할 수 있는 방법,꿈도리,웃긴짤,20134,239,12.11,22,https://resources.chimhaha.net/small/1670696141297-x3d91g6ci3.gif,https://chimhaha.net/humor_try/44067?page=5
뭔가 잘못된 번역들 모음,쌀과자먹는소리,웃긴짤,21842,182,12.11,38,https://resources.chimhaha.net/small/1670710837757-hnvqswf0y1u.jpg,https://chimhaha.net/humor_try/44226?page=5
헤드샷,오호홍햄빠끄세트,동물짤,14593,145,12.11,10,https://resources.chimhaha.net/small/1670716214366-o2k7321o3dc.webp,https://chimhaha.net/humor_try/44268?page=5
살아있는 대장게이,치이카와,웃긴짤,17249,151,12.11,15,https://resources.chimhaha.net/small/1670721966614-wqzt8i5wu6s.jpg,https://chimhaha.net/humor_try/44349?page=5
아빠천재와 거울치료,쓸만한구쭈,웃긴짤,16762,151,12.11,9,https://resources.chimhaha.net/small/1670723524912-utwf977fj6s.webp,https://chimhaha.net/humor_try/44369?page=5
죽어서야 날수있는 새의 이야기...아시나요?,과자뿌셔,동물짤,20162,341,12.09,40,https://resources.chimhaha.net/small/1670558000236-wbs85qah0w.jpg,https://chimhaha.net/humor_try/40237?page=5
알쏭달쏭코리아2,침냥이,웃긴짤,16486,184,12.09,20,https://resources.chimhaha.net/small/1670567069342-rcbm5h8qtv.jpg,https://chimhaha.net/humor_try/40575?page=5
알쏭달쏭코리아,침냥이,웃긴짤,15558,165,12.09,32,https://resources.chimhaha.net/small/1670566760505-2siqclduc4x.jpg,https://chimhaha.net/humor_try/40564?page=5
세상에서 가장 무서운 귀신,히오스,웃긴짤,14703,137,12.09,12,https://resources.chimhaha.net/small/1670567338892-bnxivcf0za.gif,https://chimhaha.net/humor_try/40587?page=5
비눗방울 아티스트,히오스,멋있는짤,13230,145,12.09,23,https://resources.chimhaha.net/small/1670566644017-vhuhk14q2sa.webp,https://chimhaha.net/humor_try/40553?page=5
병건아.. 포켓몬은 있는거야..,겨드랑이색소침착,웃긴짤,20839,246,12.10,21,https://resources.chimhaha.net/small/1670598652131-knj2xo1f2df.jpg,https://chimhaha.net/humor_try/41564?page=5
무임승조,치마하하,동물짤,11765,157,12.09,13,https://resources.chimhaha.net/small/1670586660973-qt70von32z.jpg,https://chimhaha.net/humor_try/41148?page=5
킴존키,No74,웃긴짤,13020,67,12.09,10,https://resources.chimhaha.net/small/1670587312375-ispkj7bu6yh.gif,https://chimhaha.net/humor_try/41163?page=5
제목학원 모음,빡돌았슈와함께걸었네,웃긴짤,16563,204,12.09,20,https://resources.chimhaha.net/small/1670587552156-lf83isqwcb.jpg,https://chimhaha.net/humor_try/41170?page=5
프로 쇼핑몰 모델,뚱땅뚱땅땅,멋있는짤,14414,86,12.09,5,https://resources.chimhaha.net/small/1670587995165-jzeugz6fr6j.gif,https://chimhaha.net/humor_try/41184?page=5
??: 그럼 이제 세차 해 드리겠습니다~,문마커,웃긴짤,11088,174,12.09,9,https://resources.chimhaha.net/small/1670589034795-euihv3x0yu.gif,https://chimhaha.net/humor_try/41218?page=5
기말고사 답안지를 받은 교수님,르브론,웃긴짤,13074,103,12.09,8,https://resources.chimhaha.net/small/1670589811468-a3oa6qbfmzi.gif,https://chimhaha.net/humor_try/41241?page=6
퇴근 5분전.gif,뚱땅뚱땅땅,웃긴짤,12573,192,12.09,9,https://resources.chimhaha.net/small/1670591396574-yjcw94wrhhc.gif,https://chimhaha.net/humor_try/41300?page=6
의외로 합성이 아닌 사진,까마구,웃긴짤,28170,268,12.08,76,https://resources.chimhaha.net/small/1670428690804-ckbgyey6st8.jpg,https://chimhaha.net/humor_try/36868?page=6
"이번역은 신도림, 신도림 입니다. 내리실 문은 왼쪽입니다.",참착맨,웃긴짤,21206,307,12.07,50,https://resources.chimhaha.net/small/1670395657428-f0e5fbjrkxq.gif,https://chimhaha.net/humor_try/35298?page=6
중국 삼국시대의 일상사진들,쓸만한구쭈,웃긴짤,21098,269,12.07,38,https://resources.chimhaha.net/small/1670400856917-kz6o4vhb5zo.jpg,https://chimhaha.net/humor_try/35507?page=6
괜히 말했네,히샤를리송,웃긴짤,19483,177,12.07,25,https://resources.chimhaha.net/small/1670402900413-572fwam11i4.gif,https://chimhaha.net/humor_try/35644?page=6
까와이 댕댕이,욣욣욣,귀여운짤,12271,223,12.07,25,https://resources.chimhaha.net/small/1670405994347-xc4en0cxox.gif,https://chimhaha.net/humor_try/35826?page=6
이상한 안내문들,시노노메에나,웃긴짤,14460,237,12.07,33,https://resources.chimhaha.net/small/1670406648563-b16wun5vkhb.jpg,https://chimhaha.net/humor_try/35858?page=6
기린이 맞짱뜨는 법.gif,콜드플레이,동물짤,11582,116,12.07,20,https://resources.chimhaha.net/small/1670408325573-stcz0gg3km.gif,https://chimhaha.net/humor_try/35932?page=6
벨트 없을 때 꿀팁,시노노메에나,웃긴짤,14924,457,12.07,34,https://resources.chimhaha.net/small/1670411140285-r0gg60g56l.jpg,https://chimhaha.net/humor_try/36061?page=6
스압) 小小하게 웃긴 밈 모음집,리병건,웃긴짤,25237,176,12.05,33,https://resources.chimhaha.net/small/1670215329247-6tzwofsspm4.jpg,https://chimhaha.net/humor_try/29568?page=6
방구통,potoooooooo,웃긴짤,18851,269,12.05,39,https://resources.chimhaha.net/small/1670219168922-nolppgzpi7o.jpg,https://chimhaha.net/humor_try/29638?page=6
서버,LG홍보팀,웃긴짤,16355,140,12.05,33,https://resources.chimhaha.net/small/1670221103304-z4nvfg8z46m.jfif,https://chimhaha.net/humor_try/29675?page=6
줄줄줄줄줄줄줄줄이 푸키먼 모음 짤,니고막에숨결,멋있는짤,15950,166,12.05,50,https://resources.chimhaha.net/small/1670223191984-rtw1g0w2zm.png,https://chimhaha.net/humor_try/29722?page=6
너무 가벼워서 날아가버린 주우재님,무장웃음단체,웃긴짤,19683,361,12.05,36,https://resources.chimhaha.net/small/1670227562552-cyrqdpvy8y.gif,https://chimhaha.net/humor_try/29844?page=6
겨울만 되면 핫해지는 K-클럽,참착맨,웃긴짤,17241,230,12.05,18,https://resources.chimhaha.net/small/1670229520709-ksh4zfe0xul.gif,https://chimhaha.net/humor_try/29892?page=6
나 닌자인듯ㅋㅋ,빡돌았슈와함께걸었네,웃긴짤,15165,132,12.05,19,https://resources.chimhaha.net/small/1670229935538-5k8ms830xki.jpg,https://chimhaha.net/humor_try/29901?page=6
필기인식 대참사,오호홍햄빠끄세트,웃긴짤,17057,215,12.05,20,https://resources.chimhaha.net/small/1670234997277-fms3r0shcs.gif,https://chimhaha.net/humor_try/30026?page=6
cctv에 찍힌 우산귀신,오호홍햄빠끄세트,웃긴짤,15059,205,12.05,25,https://resources.chimhaha.net/small/1670238507022-15zfqp795cm.gif,https://chimhaha.net/humor_try/30180?page=6
남매의 아침,오호홍햄빠끄세트,웃긴짤,13984,154,12.05,12,https://resources.chimhaha.net/small/1670240462780-7juo3zre8aa.gif,https://chimhaha.net/humor_try/30264?page=6
선점화 워윅궁,침착맥,웃긴짤,23805,336,12.04,49,https://resources.chimhaha.net/small/1670125979132-8jq9si45ozk.gif,https://chimhaha.net/humor_try/27294?page=7
잠도 안오는데 도트짤이나 봅시다,인형머리전구,기타짤,21709,337,12.04,41,https://resources.chimhaha.net/small/1670082398277-c3f5buwlp57.gif,https://chimhaha.net/humor_try/26788?page=7
정숙이 결혼식,bts,웃긴짤,22535,397,12.04,40,https://resources.chimhaha.net/small/1670083382473-s7x0wi1bavc.jpg,https://chimhaha.net/humor_try/26804?page=7
차선변경 그거 어떻게 하는건데? ,버스터키튼,웃긴짤,27593,203,12.02,46,https://resources.chimhaha.net/small/1669987092395-x7c2h8slf6n.gif,https://chimhaha.net/humor_try/22979?page=7
주우재님에게 놀란 아이,오호홍햄빠끄세트,웃긴짤,37712,524,12.02,59,https://resources.chimhaha.net/small/1669913923508-sen1oflyn3j.gif,https://chimhaha.net/humor_try/20631?page=7
핑이 높을 때 게임 상태,얼첩이다,웃긴짤,27224,316,12.02,49,https://resources.chimhaha.net/small/1669931620195-xcgjotcwqxm.gif,https://chimhaha.net/humor_try/20962?page=7
한마디할까말까 3분째 고민즁,침후후후후후,동물짤,28435,342,12.01,43,https://resources.chimhaha.net/small/1669899870592-5gblyf5s2m5.gif,https://chimhaha.net/humor_try/19908?page=7
길거리 피자 장인,오호홍햄빠끄세트,웃긴짤,28560,590,12.01,84,https://resources.chimhaha.net/small/1669900446820-s09tlj5epd.gif,https://chimhaha.net/humor_try/19937?page=7
메롱 버튼,오호홍햄빠끄세트,동물짤,19246,215,12.01,38,https://resources.chimhaha.net/small/1669901672077-grgd50zf5c.gif,https://chimhaha.net/humor_try/19994?page=7
쥐불놀이 캐쉬템,오호홍햄빠끄세트,멋있는짤,19413,171,12.01,33,https://resources.chimhaha.net/small/1669901912934-dvgri637ha.gif,https://chimhaha.net/humor_try/19999?page=7
매생이 전복죽,픡뀇츢,웃긴짤,17486,172,12.01,17,https://resources.chimhaha.net/small/1669902008670-dj5kzew417g.jpg,https://chimhaha.net/humor_try/20006?page=7
말랑말랑 ,오호홍햄빠끄세트,귀여운짤,15704,270,12.01,39,https://resources.chimhaha.net/small/1669902160121-ws1i5doifxs.gif,https://chimhaha.net/humor_try/20014?page=7
근신 김성모 유니버스 속 아깽이,쓸만한구쭈,웃긴짤,19533,194,12.01,22,https://resources.chimhaha.net/small/1669903388392-5ae7or160ie.gif,https://chimhaha.net/humor_try/20078?page=7
아역안쓰고 버팀,병건아똥쌌니많이요,웃긴짤,23498,405,12.01,47,https://resources.chimhaha.net/small/1669904812584-bqvemkwet6o.jpg,https://chimhaha.net/humor_try/20142?page=7
무제,인간사냥꾼밍키,멋있는짤,14372,105,12.01,23,https://resources.chimhaha.net/small/1669906073334-hhm611a6lf6.gif,https://chimhaha.net/humor_try/20226?page=7
홍철이 없는 홍철팀,감나라배나라,웃긴짤,21274,221,12.01,33,https://resources.chimhaha.net/small/1669906197802-byhhigaijtq.jpg,https://chimhaha.net/humor_try/20232?page=7
이리콤,감나라배나라,웃긴짤,13047,104,12.02,14,https://resources.chimhaha.net/small/1669906859624-lyasnyq9kl.jpg,https://chimhaha.net/humor_try/20272?page=7
현재 ‘침하하’ 게시물들 상태,침히힛,기타짤,26762,201,12.01,26,https://resources.chimhaha.net/small/1669906488476-cqgkd305846.jpg,https://chimhaha.net/humor_try/20246?page=7
"에에잇, 연방의 모빌슈츠는 괴물인가!",오호홍햄빠끄세트,웃긴짤,14119,99,12.02,19,https://resources.chimhaha.net/small/1669907098351-bf5peqw32ev.gif,https://chimhaha.net/humor_try/20281?page=7
크고 우람한,치마하하,동물짤,16713,102,12.01,40,https://resources.chimhaha.net/small/1669901449802-tggqbp0k45m.gif,https://chimhaha.net/humor_try/19983?page=7
의사 밈 모음집,김도랜드,웃긴짤,20899,265,12.01,72,https://resources.chimhaha.net/small/1669881562588-7s3tjfenbwj.jpg,https://chimhaha.net/humor_try/19225?page=8
미친고인물,다볶아박사,웃긴짤,29946,346,12.01,94,https://resources.chimhaha.net/small/1669860773740-dxr7enwvn0v.gif,https://chimhaha.net/humor_try/18181?page=8
시가지 전용 길리슈트,초코소라빵,웃긴짤,26523,459,12.01,106,https://resources.chimhaha.net/small/1669851990660-wrzlsmx21kc.gif,https://chimhaha.net/humor_try/17849?page=8
월드컵에서 못봐서 아쉬운 선수,포레나당산,웃긴짤,24828,276,12.01,46,https://resources.chimhaha.net/small/1669852340236-xnorjelxto.gif,https://chimhaha.net/humor_try/17861?page=8
아빠에게 어른스럽다고 인정받는 방법,모두의마블스냅,웃긴짤,50766,919,11.30,376,https://resources.chimhaha.net/small/1669773749576-ntnpn658tsj.jpg,https://chimhaha.net/humor_try/14277?page=8
연기민수,다볶아박사,웃긴짤,39902,535,11.29,153,https://resources.chimhaha.net/small/1669655844947-xht88tx5vxa.gif,https://chimhaha.net/humor_try/12631?page=8
보리보리쌀,얼첩이다,웃긴짤,25935,333,11.29,46,https://resources.chimhaha.net/small/1669658082221-xvnflqfnfvc.gif,https://chimhaha.net/humor_try/12658?page=8
창문 내려봐,침착한이병건씨,웃긴짤,26056,243,11.29,77,https://resources.chimhaha.net/small/1669669720393-xqw5ui9p5aa.gif,https://chimhaha.net/humor_try/12728?page=8
개재밌어 보이는 경찰 업무,체인소맨,웃긴짤,27771,231,11.29,35,https://resources.chimhaha.net/small/1669691703713-0eyzl7ki48b.jpg,https://chimhaha.net/humor_try/13001?page=8
법규술사들의 대결,야스왕야추킹,웃긴짤,19927,217,11.29,22,https://resources.chimhaha.net/small/1669704550402-uzw5lnphyem.gif,https://chimhaha.net/humor_try/13277?page=8
단속경관 매단채 질주하는 버스,페이지마스터,웃긴짤,16897,237,11.29,29,https://resources.chimhaha.net/small/1669711962902-vtdy7vs39hg.gif,https://chimhaha.net/humor_try/13396?page=8
GOOD...!,파판하실분,웃긴짤,23187,343,11.29,104,https://resources.chimhaha.net/small/1669716533303-efm5fdjrh84.jfif,https://chimhaha.net/humor_try/13490?page=8
근사하게 옷 입기,개구리,웃긴짤,19801,104,11.29,24,https://resources.chimhaha.net/small/1669717292816-rj3scs4uoo.gif,https://chimhaha.net/humor_try/13499?page=8
조기 교육,맵찌리리공,웃긴짤,15747,177,11.29,23,https://resources.chimhaha.net/small/1669719216646-ey1zoo060bh.gif,https://chimhaha.net/humor_try/13533?page=8
지나친 코스프레 때문에 딱지 끊는 모습,쓸만한구쭈,웃긴짤,23676,154,11.29,61,https://resources.chimhaha.net/small/1669724292106-ublkyw7ywh.jpg,https://chimhaha.net/humor_try/13638?page=8
또요요요요용,콥착맨,웃긴짤,14312,265,11.29,23,https://resources.chimhaha.net/small/1669724746797-g4x5p6p60k.gif,https://chimhaha.net/humor_try/13657?page=8
난생처음 겪는 거울치료,비트코딱지,웃긴짤,17170,245,11.29,23,https://resources.chimhaha.net/small/1669725003694-4dbs366dqx4.gif,https://chimhaha.net/humor_try/13658?page=8
피카츄는 몬스터볼을 썼다!,무적무적열매,웃긴짤,15823,214,11.29,30,https://resources.chimhaha.net/small/1669725474714-zq0933f0bd.gif,https://chimhaha.net/humor_try/13675?page=8
밥상머리 교육 안받으면 좋은 이유,고라니,웃긴짤,16315,182,11.29,23,https://resources.chimhaha.net/small/1669730412011-7bjnxajp5dg.gif,https://chimhaha.net/humor_try/13795?page=8
"너, 어엿한 아나운서가 됐구나...",mas,웃긴짤,20800,267,11.29,24,https://resources.chimhaha.net/small/1669730808321-7zisqzl6bwl.gif,https://chimhaha.net/humor_try/13817?page=8
경찰한테 45번잡힌 할로윈복장 ,비단골한량,웃긴짤,21010,194,11.29,30,https://resources.chimhaha.net/small/1669732037764-gtv6hv3q2yw.jpg,https://chimhaha.net/humor_try/13840?page=9
시작점을 찾으시오.,침착한요가요정,웃긴짤,14556,149,11.30,15,https://resources.chimhaha.net/small/1669745538729-pddrq9ip08r.gif,https://chimhaha.net/humor_try/14066?page=9
제사상 파토 레전드.gif,오로성,웃긴짤,19079,228,11.30,39,https://resources.chimhaha.net/small/1669753302693-b1sxp70btpk.gif,https://chimhaha.net/humor_try/14103?page=9
고양이 발사,노인복지관푸드파이터이병건,웃긴짤,12637,180,11.30,8,https://resources.chimhaha.net/small/1669754279014-jhmgucavs3r.gif,https://chimhaha.net/humor_try/14105?page=9
비행 시뮬레이션,노인복지관푸드파이터이병건,귀여운짤,12297,173,11.30,12,https://resources.chimhaha.net/small/1669756690198-mt5f6kshjti.gif,https://chimhaha.net/humor_try/14112?page=9
손잡이는 돌릴줄 아는 로봇,bts,웃긴짤,12480,166,11.30,11,https://resources.chimhaha.net/small/1669763822834-yhyq79rn1c9.gif,https://chimhaha.net/humor_try/14141?page=9
악어 만지는 법.gif,바이코딘,웃긴짤,12654,157,11.30,11,https://resources.chimhaha.net/small/1669768620496-2rj5n88uf9a.gif,https://chimhaha.net/humor_try/14188?page=9
안내문,게시판,웃긴짤,11310,240,11.30,41,https://resources.chimhaha.net/small/1669771106080-w0pc5nkejc9.jpg,https://chimhaha.net/humor_try/14225?page=9
세면대에 폰 올리고 씻으면 안되는 이유,엘리스,웃긴짤,19637,282,11.29,36,https://resources.chimhaha.net/small/1669653204968-73wwmd2g1k.gif,https://chimhaha.net/humor_try/12565?page=9
장난기 많은 남친.gif,밀웜22,웃긴짤,19489,265,11.29,45,https://resources.chimhaha.net/small/1669686688062-reyfb84v6h.gif,https://chimhaha.net/humor_try/12885?page=9
건조기 만두,DoYaGee,웃긴짤,17928,302,11.28,58,https://resources.chimhaha.net/small/1669628173123-smenpig6nx.jpg,https://chimhaha.net/humor_try/11112?page=9
렌터카 반납,차도르자브종수,웃긴짤,18646,446,11.27,47,https://resources.chimhaha.net/small/1669539081938-v0vzsy3dcj.gif,https://chimhaha.net/humor_try/9004?page=9
소름돋는 위장술,오호홍햄빠끄세트,웃긴짤,20515,339,11.27,39,https://resources.chimhaha.net/small/1669550201386-f2o8266d7xk.gif,https://chimhaha.net/humor_try/9300?page=9
굉장한 새 개닛 소개,외로운주먹풍호,동물짤,5619,82,11.27,22,https://resources.chimhaha.net/small/1669555362631-kzgxmz4rkgn.jpg,https://chimhaha.net/humor_try/9520?page=9
"싱싱한 베놈 119,000원.gif",다알아박사님,웃긴짤,22573,361,11.27,40,https://resources.chimhaha.net/small/1669529158472-b8djjj16eqs.gif,https://chimhaha.net/humor_try/8765?page=9
모두가 불행한 콘서트,침포리아,웃긴짤,21025,404,11.27,54,https://resources.chimhaha.net/small/1669513120666-6nh0jqxf33w.gif,https://chimhaha.net/humor_try/8517?page=9
눈알 붙이기 알바,저가요병거닌데요,웃긴짤,17313,162,11.27,36,https://resources.chimhaha.net/small/1669480392173-e0u3alp397i.gif,https://chimhaha.net/humor_try/8336?page=9
격투게임 효과 재현하는 법,동탁천사,웃긴짤,17568,315,11.26,45,https://resources.chimhaha.net/small/1669463685395-8n41n8pujqo.jpg,https://chimhaha.net/humor_try/8143?page=9
싱글벙글 영상통화.gif,우즈마키하야시,웃긴짤,18786,377,11.26,51,https://resources.chimhaha.net/small/1669451486790-xvo17mnu5n.gif,https://chimhaha.net/humor_try/7982?page=9
개염병떨기,고기동햄주먹,웃긴짤,22744,520,11.26,85,https://resources.chimhaha.net/small/1669388340382-lht4zkti72.gif,https://chimhaha.net/humor_try/7289?page=9
방장이 말하는 대구탕 반주,chimhahanet,웃긴짤,21090,212,11.25,61,https://resources.chimhaha.net/small/1669375012264-l2faguvksf.png,https://chimhaha.net/humor_try/7044?page=10
키운다며!,봉구스박보검,웃긴짤,16750,262,11.24,35,https://resources.chimhaha.net/small/1669279076509-hy51itmm8tt.jpg,https://chimhaha.net/humor_try/5568?page=10
낙지가 먹고싶었던 고양이,멋진종수산수맨,웃긴짤,16797,220,11.24,33,https://resources.chimhaha.net/small/1669280647318-deudiol7dov.gif,https://chimhaha.net/humor_try/5602?page=10
아니 그냥 올려달라구요,호에엥이왜진,웃긴짤,20177,189,11.24,55,https://resources.chimhaha.net/small/1669281806524-yttgbvffre.jpg,https://chimhaha.net/humor_try/5633?page=10
VR 비행,마우스,웃긴짤,18712,173,11.24,35,https://resources.chimhaha.net/small/1669282347525-izfz33cee38.gif,https://chimhaha.net/humor_try/5649?page=10
브이알 뽀욱씽,지구평평설을믿는궤도,웃긴짤,16544,263,11.24,42,https://resources.chimhaha.net/small/1669265296181-wuquginh5h.gif,https://chimhaha.net/humor_try/5219?page=10
VR 맥주,마우스,웃긴짤,16607,121,11.24,39,https://resources.chimhaha.net/small/1669269453205-fr9b3wy96yb.gif,https://chimhaha.net/humor_try/5340?page=10
댐댐이,일병건,웃긴짤,15092,149,11.24,33,https://resources.chimhaha.net/small/1669271306428-0gd5hce3kpt.png,https://chimhaha.net/humor_try/5396?page=10
누가 박카스사먹냐 그 돈이면 든든하게....,초호민,웃긴짤,20345,109,11.24,39,https://resources.chimhaha.net/small/1669271625367-zglp17mfsw.jpg,https://chimhaha.net/humor_try/5404?page=10
바이킹식 색스재현!jpg,금발거유맨,웃긴짤,25761,246,11.24,83,https://resources.chimhaha.net/small/1669272569131-ypvh7kj1cl.jpg,https://chimhaha.net/humor_try/5427?page=10
으하하,철면수심주인에게돌려줌,웃긴짤,14361,118,11.23,46,https://resources.chimhaha.net/small/1669193789366-5twoen0a6h6.gif,https://chimhaha.net/humor_try/3772?page=10
마트에서 병 든 오징어 파네 무친거 아님?,aluminium,웃긴짤,20059,211,11.24,66,https://resources.chimhaha.net/small/1669246155583-ehfam689j5u.jpg,https://chimhaha.net/humor_try/4839?page=10
닉값 못하네,aluminium,웃긴짤,20607,253,11.24,96,https://resources.chimhaha.net/small/1669246749436-vqstd9ya4oq.jpg,https://chimhaha.net/humor_try/4852?page=10
우량아 레전드...gif,공포의서동희,웃긴짤,25359,332,11.23,194,https://resources.chimhaha.net/small/1669202915900-kygpmsykvtk.gif,https://chimhaha.net/humor_try/4141?page=10
