number,nickname,wish,point,continuity,total
2168,재봉달,할머니 건강하세요,5,1,47
2167,비난onion,오늘 계획한 공부하기,5,1,2
2166,침착맨히오스켜라,로또,5,1,1
2165,왕크니까왕귀엽다,안다치게 해주세요,5,2,44
2164,침착한애스크,여자친구 사귀게 해주세요,5,4,35
2163,억지로웃은건데,여행가기,5,4,48
2162,침깨무라,사랑가득 !! 행복하고 건강하게 해줘잉,5,3,46
2161,딧뚜행님,새해복많이받으세요~,5,25,52
2160,침러브,올해에 꼬옥 결혼하게 해주세요,5,1,8
2159,Kosmos,"중꺾마,,,",5,1,56
2158,김베개,행복하길!!!,5,5,58
2157,독박광고,빅반 침렉스 나 줘,5,8,23
2156,고수한다발,소원들어주는돌아 취업시켜줘잉,5,24,30
2155,갱생오리,엄마가 행복했으면 좋겠습니다.,5,1,23
2154,일진걸,엄마귀가잘들리게해주세요,5,2,20
2153,dlwlrma,삶,5,1,54
2152,단군이좋군,오랜만에 친구들을 만나니 행복하네요,5,7,58
2151,타피곰,로또 1등 되게 해주세요,5,1,2
2150,콜라맛딸기,여행 무탈하게 다녀오기,5,1,10
2149,가루삼겹살통조림,감기 낫게 해주세요,5,3,44
2148,슬램덩크맥거핀삼인방,티켓팅성공기원,5,1,9
2147,방구공주님,20억 로또 당첨,5,1,29
2146,꾸러기수비대,"내일할일: 새벽6시, 빨래, 건조기, 레츠고.",5,1,2
2145,김댁킴,침하하,5,1,4
2144,패트와매트,로또 1등 당첨되게 해줘잉,5,1,50
2143,허짜장,ㅊㅎㅎ,5,1,6
2142,월풍이,기도,5,2,17
2141,오징어,허허이,5,1,59
2140,렛츠고게이바,화이팅,5,2,2
2139,주선이,계혹 침착맨만 봐도 안 질리게 해 주삼,5,1,50
2138,마이우스,로또1등,5,1,1
2137,별이빛나는밤,오늘도 행복한 하루가 되게 해주세요.,5,1,44
2136,민Min,논문 억셉 기원!,5,1,1
2135,침펄토론유입맨,로또1등,5,1,1
2134,동글한쭈그라미,마음 먹게 해주세요,5,1,25
2133,uri9158,기말고사 점수잘나오세 해주세요,5,1,6
2132,침펄풍철단,^^,5,63,65
2131,베이킹스맨,여친 생기게 해줘잉~,5,1,13
2130,사는4람,합격,5,1,1
2129,모든사랑,토익 800!,5,1,10
2128,엑스맨,오독노완 (3/2),5,23,23
2127,보약떡볶이,우리가족건강,5,3,57
2126,우단박,알바 내일 부터 갈래잉~,5,2,7
2125,apricot,더 나은 내일!,5,2,26
2124,뭉클3895,23년 새해 여자친구 생기고 빚도 갚게 해주세요,5,1,11
2123,지가요,소원,5,1,10
2122,타니닝,부자,5,7,39
2121,chimbae,무병장수하게 해주세요.,5,1,10
2120,개방장,🙏,5,7,60
2119,이병건망고,정규직 기원,5,1,28
2118,대답은예스,행복하게 해주세요,5,1,11
2117,침착맨삼국지완전판,조회수 2천만 되게 해주세요,5,3,59
2116,인터넷밈고수,잘 먹고 잘 살게 해주세요,5,1,30
2115,치무차쿠먄별로좋아,곽민수 소장님 보고싶어요,5,1,14
2114,침착맨플러스,빨리 자고싶어요,5,1,4
2113,침착맨조와요,자기 전에 단편소설 1개 읽을 건데 졸음 천천히 오길,5,1,6
2112,시스교황,파 워,5,1,7
2111,쿼카콜라,야스,5,1,23
2110,안산경찰서지박령,공부모두이해,5,16,37
2109,다시는사칭을하지않겠습니다,머리안빠지게 해주세요,5,2,23
2108,silver,로또1등,5,6,36
2107,뇌절탐정안왕건,살빼자,5,1,1
2106,오큘러스,기도,5,1,6
2105,단심가,원하는대학과 학과합격,5,1,16
2104,스테이씨도합방해줘잉,스테이씨도 합방해줘잉,5,5,5
2103,존프루시안테,소닉박 자주와라 다라이가 복스럽다,5,5,42
2102,방순튀,800일 감사합니다 앞으로 8000일 되게 해주세요,5,2,16
2101,힐토야,건강,5,1,28
2100,메놀그멍,2023 코스모스 졸업,5,26,60
2099,야옹야옹야옹이,전남친이랑 다시 예쁘게 잘 사귀게 해주세요,5,1,10
2098,우주공장안주인,닉곧내 남편아 골디 잘하고 와잉,5,1,30
2097,옾카페시즌2,좋은 회사 취업,5,1,16
2096,핵버섯,건강해지고 싶어요./..,5,1,26
2095,쭈아가,행복과 건강을 바란다면 너무 욕심일까,5,2,39
2094,진김욱,여자친구야~ 와라~,5,1,16
2093,쭈야옹,경희대 한의예과 합격하게 해주세요,5,1,3
2092,병아리맛꼬북칩,행복할래요,5,1,6
2091,지옥속비둘기,건강한 하루 되게 해주세요,5,1,6
2090,gairod,ㅇㅇ,5,1,1
2089,병거니우s,우리 가족 안 아프게 행복하게!,5,1,34
2088,물티슈,이이이이잉,5,1,2
2087,칙칙폭폭치킨치킨,가버려라,5,1,2
2086,수도승,제 내실 좀 챙겨주세요~,5,2,35
2085,뎅가러스맨,돈많백 되고싶어요 ,5,2,5
2084,최대글자수몇자까지인지확인,목표 이루게 해주세요,5,1,1
2083,검은뱀,로또 1등,5,5,46
2082,우엉쓰,우리가족 건강!,5,1,4
2081,짬투부,돈 많이 벌게 해줘잉,5,1,13
2080,천수관음괴력몬,32,5,1,39
2079,junhyeong,내일 로또 되게 해주세요,5,3,13
2078,삐깨삐갯삐캐츄,눈아 녹아라,5,1,19
2077,킹노이,적응,5,1,2
2076,병건냐,부자되게 해주세요,5,1,7
2075,삼삼오오,야호,5,1,3
2074,김간장새우,당첨 부탁드립니당,5,1,43
2073,후후하하,냠,5,1,1
2072,파란색,오늘은 육회 비빔밥을 먹었다,5,12,46
2071,AYOO,내가 좋아하는 사람들이 별 탈 없기를,5,1,37
2070,모켈레음벰베,산책가야지,5,3,58
2069,멍게리조트,흔들리지 않게 해주세요,5,1,13
2068,중인배,우리가족 건강하게 해주세요,5,1,42
2067,서진아빠,우리 서진이 건강하고 맘마 잘먹게 해주세요,5,2,58
2066,우왕박,월요일에 택배 오게해줘잉,5,3,39
2065,봉합전문의,계속 선물로 수익만 볼수있게해주세요,5,2,51
2064,자치구인사과인재양성팀,세계 평화를 빕니다.,5,14,62
2063,우연히나나,대학합격하게 해주세여,5,2,12
2062,나는골파,2023 행복하게 해주세요,5,1,6
2061,해파리냉채,앞길 창창 하고 싶은 거 다하고 살게 해주세요~,5,2,32
2060,꽝대꽝,소원아 이루어져라! ,5,1,44
2059,CIMDRAGON,소원은 없고 침착맨에게 감사하다.,5,1,1
2058,오이이잉,졸업하자,5,1,5
2057,태공망,퀀텀점프,5,19,33
2056,이왜진omg침착맨,저 동행복권 로또6/45 1등 당첨되게 해주세요,5,2,3
2055,민지성,합격기원,5,1,1
2054,칵스한사발,매니매니머니,5,1,53
2053,이붱건,방장님 건강하세요,5,1,14
2052,피을스틱,라라라,5,1,12
2051,한국인학생,건강 기원,5,1,56
2050,SLAM,침하하,5,1,7
2049,인형머리전구,입주 무사히,5,1,32
2048,해일림,건강기원,5,1,40
2047,케로케로피,매일이 요즘같기를,5,2,7
2046,히누히트,성공기원,5,17,41
2045,퐁당퐁당,우리동생 1년동안 준비한거 잘 하고 왔으면 좋겠어용,5,2,15
2044,바보탱구리탱,취업하게해주세요,5,1,17
2043,구찌의자,취직하고 잘살자,5,1,25
2042,마그네슘,길을 찾게 해주세요,5,4,27
2041,땅콩쨈,사랑,5,2,2
2040,침?몰?루,완전 관해되게 해주세요,5,1,14
2039,침궤도,아몰랑,5,23,63
2038,하스펄,로또 1등 되게 해주세요,5,4,48
2037,침착한웰시코기,즐거운 봄날이 찾아오길 바람,5,5,38
2036,침쓰리,사랑하게해주세요,5,1,1
2035,영공조GTA,자동기도,5,3,46
2034,어리바리감자,무병장수하게 해주세요,5,1,1
2033,Tizzy,내 번호 따갈 여자가 존재했으면 조케따,5,1,1
2032,자이자이자식아,행복한 연애하게 해주세여,5,1,29
2031,홍차시럽공장,ㅎㅎ,5,1,2
2030,아무말이나하는사람,로또1등당첨,5,1,38
2029,송쭈쭈,ㅎ2,5,1,9
2028,나마케,굳,5,1,2
2027,바른자세맑은마음,사랑하고 삽시다,5,1,2
2026,아무로토오루,오래가게해주세용,5,1,17
2025,불만맨,프랭크 오션 앨범 기원,5,3,58
2024,데니드,열심히 살게 해주세요,5,1,27
2023,아프리카백인,아바타 3도 민갱이랑 볼 수 있게 해주세요,5,1,37
2022,침보단펄,ㅎ,5,1,8
2021,퍼쥬이올시다,재수 화이팅!,5,1,2
2020,건전한소년,로또 1등,5,1,13
2019,3l9dub,건강하기,5,1,1
2018,호나유두,서울대,5,1,17
2017,볼기큰사춘기,연금복권 1등 되게 해주세요.. 한 번만..,5,1,35
2016,barbara,빚청산,5,1,16
2015,잠실프린스,가족 모두 건강 기원,5,9,46
2014,깨스뤠이팅,면접승리,5,3,51
2013,김미이,로또 1등이요.. 될 때가 됐는데..,5,1,1
2012,스내앱,세계평화,5,2,55
2011,퀘이보,불금,5,14,34
2010,처음만든초밥,국어 잘하게 해주세요,5,1,2
2009,좌붕알초우붕알풀,깜짝 방송 해주세여,5,1,36
2008,늘화나,방송 잘되게 해주세요,5,1,3
2007,롤모델침착맨,약대 가게 해주세요,5,1,13
2006,궤도주펄럭,건강하게해주세요,5,1,3
2005,병건씨,인생 날로먹게 해주세요,5,38,65
2004,낼멸망,복권당첨,5,2,45
2003,미노mino,웬툰 잘되게 해주세요,5,1,41
2002,좁빱개구리,피로야 풀려라,5,1,24
2001,하하호호브라더스,이직 좀 잘되게 해주세요,5,1,1
2000,옾카페스타일,돌멩이의 소원은 누가 들어줍니까?,5,2,54
1999,대황제,로또당첨좀 젭아류ㅠ,5,1,3
1998,인사할시간도없,알고리즘 공부 탈주 없이 완료 기원!,5,1,1
1997,토마토공격대,합격하게 해주세요,5,9,21
1996,ilynsj,롯데우승,5,7,20
1995,SKTT1FAKER,페이커 우승 기원,5,2,30
1994,초코우유,우리누나 성공하게 해주세용~,5,1,44
1993,ㅂ팡ㅂ,대영이 피파 카드좀 잘뜨게 해주세요,5,1,2
1992,침하하침하하침하하침하하침,2023ㅎㅇㅌ,5,3,45
1991,김호랭이,뾰로로로롱~,5,2,45
1990,마하하,오에카키(그림낙서) 개설해주세요,5,3,20
1989,난항상배고파,우리 여보 가게 대박나게 해주세요 19일차,5,5,33
1988,몽실몽실해,오늘도 목표를 이룰 수 있기를,5,1,18
1987,침펄국민,보껀1등기원,5,1,1
1986,응멘입니다,,5,1,2
1985,병꺼니,원아 고백해라,5,6,32
1984,담원기아침착맨콜라보기원,오늘 하루도 화이팅,5,1,10
1983,밥아저씨,로또 당첨 기원,5,12,41
1982,데규르르,건강하기,5,1,12
1981,먹방의황자는이말년이오,우리 가족 늘 건강하고 행복하길,5,2,6
1980,트레버,자격증 무사 탈환 기원 4일차,5,1,15
1979,서리한,여행 잘마무리 하세 해주세요,5,1,31
1978,침희흿,내일 사람 적게보게 해주십쇼,5,1,1
1977,맛있는귤귤,건강,5,3,37
1976,인텔리전스,이 사람과 평생 함께하길,5,1,13
1975,김넙쭉,졸업,5,1,4
1974,쀡겟츢,아빠 사업 성공 기원,5,2,12
1973,김탱구,ㅊㅊ,5,9,42
1972,주펄의비혼주의개그,로또 되게 해주세요 제발,5,1,36
1971,둥실라이드둥실둥실,꽁돈 생기게 해주세요,5,1,21
1970,별명은무슨별명을,오늘 하루도 무사히,5,2,9
1969,폴짝뛰기선수,김소영 사랑해,5,45,53
1968,iuuzel,여자친구생기게해주세요,5,1,1
1967,이병건강미,춤짱이 되게 해주세요,5,1,17
1966,양말도둑isfj,"엄마, 아빠, 혈육, 강쥐 건강",5,1,2
1965,luv,뉴진스 만나고싶다!!,5,6,51
1964,아이스침착메리카노,기도드립니다. 9 13 18 25 29 36,5,15,47
1963,매운라면밥,다들 행복하기를,5,1,1
1962,침투부좋댓구알,세계평화,5,1,58
1961,레몬식초,성실할 수 있게 해주세요.,5,6,50
1960,뭉하하,침저씨 실물 영접하게 해주세요🙏🏻,5,1,1
1959,침수차,기도합시다,5,2,28
1958,빅스비,합격기원,5,1,12
1957,안녕하세요저는광고회사에서,지구에 잘 정착할 수 있게 도와주세요,5,1,1
1956,Celeste,👗🪡🧵,5,1,16
1955,나이아조씨죠아하네,🧡,5,1,4
1954,안경잡이,로또 1등 당첨,5,2,32
1953,해체해라꼴데,수술무사히 끝났으면 좋겠다,5,1,3
1952,건축맨,건강맨,5,1,30
1951,머큐리,아자뵤,5,1,3
1950,궤도이탈중,화이팅,5,1,1
1949,침숭이아랫도리수호자,침숭이 만나게 해주세요~~◕‿◕✿,5,1,26
1948,일도류,세계 최강의 검호,5,1,2
1947,듄하하,5,5,5,22
1946,우망고,행복해지고싶어요,5,1,3
1945,모래성이당,🙏,5,1,17
1944,첼시fc,불안한 삶을 끝내고 행복한 삶을 삵 해주세요,5,1,51
1943,2대침착맨될남자,자격증 따게 해주세요,5,1,1
1942,감사관,매일 공부하기 6일차,5,8,20
1941,고기망치,로또1등,5,1,15
1940,방귀대장,취업과 여자친구,5,14,44
1939,기계조무사,위인사당 만세!!!,5,1,26
1938,야스왕야추킹,그 아이가 언제나 무사하길,5,3,59
1937,케이쒸,비나이다비나이다 ㅅㅅ삯ㅅ삯ㅅㅅ갓ㅅㅅ삭,5,1,11
1936,범물동주우재,키180,5,3,8
1935,Doobis,여자친와 행복,5,1,1
1934,우원박잘생김,취업,5,60,60
1933,sexytalmoman,건강과 행복,5,1,5
1932,단단한어린이,침착맨 만나게 해주세요,5,1,14
1931,갱얼쥐,2024 중등 임용 최합하게 해줘잉,5,4,46
1930,삐갯피켓빅맥스,좋은 잡을 구하고... 잘할 수 있도록...,5,25,61
1929,진나별,로또 1등 당첨기원,5,1,19
1928,슈뢰딩거의피해자,수영이가 행복하게 해주세요,5,1,36
1927,악몽의융합체,ㅎㅇㅌㅎㅇㅌ,5,1,58
1926,수컷의최고봉,3년안에수능대박기원,5,1,1
1925,ty7tsn,기도,5,1,1
1924,내가좋아하는건주호민,대학 합격하게 해주세요.,5,2,5
1923,침공맨,행복하자~~~,5,2,27
1922,검찰총장,"우승,성공",5,1,16
1921,유자율,합격하게 해주세요!,5,1,1
1920,손맛볶음밥,로또 1등 당첨 기원!!,5,1,42
1919,우너풍,이직성공,5,5,47
1918,밥먹자,근하신년,5,1,4
1917,청설모곳간,저한테 고백하게 해주세요,5,52,64
1916,개냥이,좋은 주말,5,1,40
1915,ㅇ0ㅇ,동기들과 함께 무사히 전역하게 해주세요.,5,6,59
1914,론냐퐁냐치냐,15🏋️‍♀️,5,20,26
1913,갬성세포,기분좋은일만 가득하길,5,2,27
1912,쌍용동침착한포켓몬트레이너,유투부스타!,5,1,4
1911,호박사,임용 기원,5,2,62
1910,아침7시,지현언나 건겅하게 해주세요,5,1,27
1909,dzhlmc,로또,5,1,1
1908,개부자,일하기싫다,5,1,12
1907,침돌맨,뇌절탐정 2부 침펄수 하게 해주세요,5,1,2
1906,복족이플레이팅,취업 기도,5,1,6
1905,마추픽추내꼬추왕꼬추,졸업 전에 좋은 회사 들어가게 해주세요...,5,2,25
1904,위험한자식이병건,이직 성공 기도,5,2,32
1903,한국人,행복하게 해주세요,5,1,11
1902,침장대소,코로나 빨리 낫게 해주세요,5,1,1
1901,사바나펭귄,무탈히 전역할 수 있게 해주세요,5,1,36
1900,침차군,^o^,5,1,10
1899,다발무,만수무강,5,2,28
1898,풍하하,다른사람 소원 잘 들어주세요,5,1,2
1897,박보침나웃겨,누가 15억만 줬으면,5,1,43
1896,삼례왕자,돈,5,1,1
1895,이우빈,하 독감땜에 소원 못빌었다,5,1,38
1894,영수증,건강,5,1,1
1893,완전즐겜유저,돈 많이 벌게 해주세요,5,58,58
1892,언데드성기삽니다,롯데 우승,5,3,44
1891,뿌잉찐,몰루,5,1,46
1890,손가락발톱,이쁜여친만들어주세요,5,1,4
1889,우당탕,부자,5,1,6
1888,스카라무슈s,가장 돈이 많은사람이 되게해주세요,5,1,1
1887,간다잉,뭐든 꾸준히 좀 하길,5,2,3
1886,말년서,모두가건강하게해주세요,5,2,42
1885,빠이구,돌 빠개져랴ㅏ,5,3,59
1884,상처뿐,어머니 암이 완치 되었으면 좋겠습니다.,5,1,1
1883,서유덕,로또 안샀는데 당첨되게 해주세요,5,1,5
1882,피그밀,저절로 살이 쑥 빠지면 좋겠어요,5,1,37
1881,무1친개딱딱한빵,ㅎㅇ,5,1,20
1880,알머리박치기,무탈한 하루,5,2,27
1879,mauve,세계평화,5,7,58
1878,몰라인마,로또 1등~,5,9,28
1877,바닐라맛우유,베트남 봉사활동 건강하고 재밌고 행복하게!!,5,2,39
1876,이효리,합격하게해주세요,5,1,58
1875,쭈랑둥이,좋은 팀 가게 해주세요,5,8,37
1874,평경장,아수라발발타.. 아수라발발타!,5,66,66
1873,침착맨똥강아지,침투부 구독자 300만 기원,5,3,11
1872,북벌맨,행복하기,5,13,27
1871,털보와진주그리고안경,로또1등되서 고양이 키우고싶다.,5,12,32
1870,안침착걸,침착맨이랑 인생네컷 찍기,5,10,56
1869,문은수,이번주 로또 1등 당첨되게 해주세요,5,1,1
1868,빛펄@,오랜만에 출석,5,1,13
1867,바나나짝,기분이가 좋아지게 해주세ㅐ요,5,1,1
1866,명륜동시정잡배,베트남에서 안전하게 여행 잘 하고 돌아와요!,5,38,52
1865,김로꼬,방금 산 치킨이 맛있었으면 좋게써요,5,1,1
1864,시켜줘너의명예경찰관,그런가보다,5,20,24
1863,호떡이,돈 많이 벌게 해주세요,5,1,14
1862,강동구고기동,제발 전역,5,1,1
1861,지각맨,이얍!,5,31,58
1860,채채니,하고 있는 운동 공부 놓치않고 계속해서 달려가기,5,1,1
1859,paka9999,집에 보내주세요,5,3,19
1858,류이크,로또! 가보자구! ,5,8,29
1857,수태아빠,집집집,5,1,16
1856,Namhaha,전역시켜줘~,5,1,50
1855,삥뺑뿡,"연애,돈,나와가족들건강",5,1,21
1854,김바니,더 많은 행복 주세요,5,1,8
1853,오히려죻아,오늘도 아자아자,5,1,34
1852,연키민,로또 1등 당첨되게해주세요 제발ㄹ요,5,1,26
1851,치약맨,하고싶은거 하길,5,3,25
1850,축구유튜버초대기원,우리가족 건강!,5,5,19
1849,JeonGoon,놀아도 돈 벌수 있게 해주세요,5,2,46
1848,DIZZY,주말~~,5,12,58
1847,항문낭짜조,집에 맛있는거 있길,5,3,35
1846,기무라오타쿠야,소원의돌 안까먹게해주세요,5,1,16
1845,아조씨가조아,행복하고 싶어요~!,5,1,42
1844,ddangss,합격가즈아!!,5,1,6
1843,zllim,행운이 있기를,5,1,1
1842,다현히어로즈,논문쓰기싫어요 살려주세요,5,2,23
1841,임성우,기사회생,5,1,2
1840,침뽕맨,행운이 있기를,5,1,29
1839,조의선인,로또당첨 일확천금,5,2,18
1838,아배고파,아자아자,5,1,19
1837,고백살인마태완씨,올 한해 모두가 행복했으면 좋겠습니다!!!,5,1,6
1836,JISEOP,부자,5,11,48
1835,오호홓핳히힣,좋은 사람만나길,5,1,7
1834,주펄정수리닦개,공황 낫게해주세요 원고 좀 침조씨가 써주세요,5,17,35
1833,땅콩빠다,힘찬 하루,5,1,5
1832,Buddhaman,좋은 회사에 취직하게 해주세요,5,3,18
1831,humanbeing,토루크 막토가 되게 해주세요,5,2,27
1830,샤이침착쓰,행복해지기를,5,1,37
1829,모기그만,오늘도 공부 열심히 하게 해주세요,5,1,1
1828,수소강,쾌변!,5,1,29
1827,별내동주민,23 CPA 합격👊,5,1,49
1826,Huyu,부자되게 해주세요,5,3,7
1825,훈수훈수꾼,건강하게 해주세요,5,1,18
1824,나작침협회장,왕짱부자되게해주세요,5,4,20
1823,거니거니,무탈하자,5,3,58
1822,아기삵,오늘 사람 왕창 오게 해주세요,5,1,34
1821,몰라잉,제발,5,5,39
1820,따뜻한동맥,주식아 올라라,5,5,43
1819,수원청개구리,시험합격,5,2,47
1818,헬륨이웃으면HeHe,인생날먹,5,1,5
1817,와츄어넴,오늘도 잘,5,34,53
1816,비숑오오옹,오늘하루마무리무사히,5,2,12
1815,일단침착해봐,이직 전에 회사 망하지 않게 해주세요,5,53,53
1814,말코로이수,행복해요,5,34,35
1813,무서운호빵맨,오늘도 열심히!,5,5,37
1812,다비치,ㅊㅎ,5,1,47
1811,이응이응이,건강,5,1,5
1810,옥혜희,취업하게 해주세요!,5,1,1
1809,하나두,미세먼지 멈춰,5,8,32
1808,딸기먹다딸꾹질하는주호민,이번주는 제발!,5,1,8
1807,뼈고추우재,키 188까지 크게 해주세요,5,1,9
1806,페퍼민트S2,나는 내가 되고 싶은 내가 된다,5,67,67
1805,침착맨구독좋아요,예에,5,1,5
1804,람세스이즈커밍,탈모빔 능력 획득 기원,5,1,41
1803,아하하,숨 잘 쉬고 건강하게 해주세요.,5,1,31
1802,온실속잡초,세계평화,5,5,39
1801,킹엔루,로또샀습니다.,5,1,5
1800,꼬맹이,로또1등,5,4,11
1799,gabrielle,합격?! 하면 어디로 가지?,5,1,13
1798,삒뀃쮸,지구멸망,5,2,14
1797,투실버윈,매일 그림,5,3,47
1796,안녕v,오늘 하루 성실히 보낸 나를 칭찬해 주는 누군가가 있기,5,1,25
1795,오성아빠,이거뭐임 나 천주교라서 이런거 하면 안되는데,5,1,3
1794,호펠리오스,오예 내일 토요일!!!,5,42,58
1793,츠요쿠나레루,저에게 힘을 주세요,5,1,8
1792,라붐붐,항상 재밌게 살게 해주세요,5,1,13
1791,김아장,침하하야 아프디마앙,5,2,25
1790,NASIO,하이빅스비창작만와게시판맨들어줘잉,5,1,4
1789,왜그래야하는건데,23년도 안녕하게 안녕하길,5,2,21
1788,슬기로운,저녁 뭐 먹지...,5,3,10
1787,호돌또기,행복하게 해주세요!,5,3,3
1786,ANSWER,ㅊㅊ,5,1,65
1785,우마왕,지구촌 평화...,5,1,53
1784,카라멜몬스터,엄마아빠 행복하자,5,1,3
1783,침착맨통조림,아프지마,5,2,37
1782,엽팔배,취업성공,5,6,28
1781,김진사,여유를 갖자,5,1,20
1780,상남자특,장수건강축복,5,2,10
1779,쉬세요,소원의 돌 꼬박꼬박 하기,5,5,25
1778,이세계개발자,"""여자친구""",5,2,23
1777,발바닥,행복하고 싶어요,5,3,47
1776,DEX,로또1등당첨되게해주세요,5,1,10
1775,플리토,음악으로 먹고살게 해주세요,5,3,10
1774,너뜨거워,행운,5,2,43
1773,무리무리무리맨,모든것이 잘 풀리게 해주세요,5,1,36
1772,식빵이,공보의되게해주세요,5,6,47
1771,백프로,합격기원,5,1,24
1770,풍풍풍,로또1등,5,3,16
1769,BullOX,로또1등,5,2,5
1768,미뇽신뇽망나뇽,최고야~~,5,1,13
1767,김만도,퇴근,5,2,41
1766,침착할수가없어,퇴근하고싶어요 ,5,3,10
1765,아이누,얼른 다친 다리 낫게 해주세요옹~,5,1,1
1764,복사붙여넣기,제발 일이 무탈하게 초,5,2,38
1763,너무일찍일어난주호민,무사히 독립 할 수 있게 해주세요 ㅠㅠㅠㅠㅠ혼자 살고 ,5,1,9
1762,세계제일종수스섹맨,뉴진스 대박 기원,5,1,30
1761,아서모건,이병건 레데리 하게 해주세요,5,2,27
1760,EXCF,김유정 씨와 지독하게 얽히게 해주세요,5,2,33
1759,흑화맨,침하하 망하게 해주세요,5,62,64
1758,심하하,건강하게 해주세요,5,1,43
1757,고기리계곡,무사 소위 임관 기원,5,6,16
1756,ChadorJambong,과제 후딱 잘 만들기,5,17,63
1755,멀쎄대쓰벤츠,연금복권 당첨,5,1,3
1754,슈뢰딩거의꺽다리,시험합격,5,7,27
1753,오리과자,행복,5,1,1
1752,김밈,알바합격 기원,5,1,18
1751,장기하,좋은 인연 만나고 싶어잉,5,1,46
1750,훈재92,오늘 하루도 보람차게,5,1,5
1749,구찌호랑이,되겠냐..,5,1,26
1748,침뫄하하,이직성공했읍니다. 이제 돈줘,5,1,9
1747,우유는고소해,5점,5,1,30
1746,디그다야사람이야,군대 안가게 해주세요,5,1,1
1745,호호돌이,나를 좋아하는 내가 좋아하는 사람과 연애하게 해주세요,5,1,35
1744,대커율,대학붙게해주세요,5,16,31
1743,drakefrog,제발 복권1등,5,1,23
1742,침꾸르홍시,성공기원 오늘도 고맙고 사랑해,5,2,26
1741,moonten,북산 우승,5,2,3
1740,압도적감사,세계평화,5,1,9
1739,올챙이가되겠어요,취업하게 해주세요,5,1,2
1738,파워버스기사,오늘 하루도 무사히...,5,54,58
1737,앙큼한유현덕,앞으로 좋은일만 생기고 근심 걱정 슬픔은 없게 해주세요,5,1,15
1736,돌원숭이,제발 갈퇴,5,1,3
1735,병건운장,좋은일만 가득하길,5,1,41
1734,채린이가차린챌린저,내 셋째 동생 대상포진 낫게 해주세요,5,1,30
1733,말밥당근,3대 500,5,59,60
1732,mawdyw,A-men,5,1,1
1731,주호미,ㅎㅎ,5,1,46
1730,오크경훈,그래도 해야지,5,1,13
1729,라아뷰,근강하게 다이어트,5,1,1
1728,생강차,취업 시켜주세요,5,1,4
1727,전자공학민수,전역,5,1,56
1726,레알마드리드,123,5,1,51
1725,난앓아요,로또 1등,5,19,29
1724,똥쫄래미,올해는 꼭 취업 성공 기원!!! 연봉 4천 이상!!!,5,33,42
1723,만두등장,"여자친구 기능시험,필기 모두 한번에 통과하게 해주세요",5,1,9
1722,병건티비라이트유저,모두 화이팅!,5,1,21
1721,이득배,이직성공,5,1,2
1720,참깨나라박참깨,성공하고돈많이벌게해주세요로또당첨되게해주세요,5,1,26
1719,과천수호자,취뽀!,5,4,40
1718,라라피포,침덩이가 어제보다 1mm 더 자라게 해주세요.,5,62,65
1717,Enri,로또 1등 당첨 기원,5,3,41
1716,얼음빠진아이스티,똑똑하게 만들어 주세요,5,1,37
1715,침하하허하하하하,돈벌고싶어요,5,1,27
1714,돌고래유쾌단,로또당첨시켜줘잉,5,1,33
1713,목이버섯,무병무탈,5,2,9
1712,퀘콰로,저희 강아지 눈 수술 잘 되서 빨리 낫게 해주세요,5,2,60
1711,낑찡낑찡,우리가족 모두 건강하자,5,3,31
1710,아기치타,소원 들어달라는 소원을 들어주세요,5,16,21
1709,이요코,로또기원,5,1,34
1708,모든것의신침착맨,우리 가족 행복하게 건강하게 해주세요,5,60,64
1707,이응세개,어제는 굴보쌈을 먹었는데 오늘은 운동 갈테니 살 빠져주,5,1,5
1706,최로태,제 소원을 듣기만 해주세요 ,5,1,1
1705,artoy,모두 건강하게 해주세요,5,1,12
1704,정훈이다,로또 1등 기원,5,1,1
1703,웽글뮁글,침선생님 영접 기원,5,4,43
1702,가볼까,행복기원,5,1,1
1701,난고양이,침착맨 방송출연,5,1,2
1700,민트초코에절여진삶,건강 기원,5,13,54
1699,강퇴반사,원펀데이 기원합니다,5,1,21
1698,목방화,체한거 풀리게 해줘,5,1,49
1697,대햇대햇,나처럼살지마시오,5,2,24
1696,중꺾의,더 성숙하고 매력있는 사람으로 성장할 수 있게 해주세요,5,1,15
1695,침히잉,힝,5,3,38
1694,킹트다갓트,공중부양,5,1,22
1693,갈매기,🤞,5,28,50
1692,스비스바,돌돌돌,5,3,32
1691,혹꾸아이슨배림,아 진짜 내일은 갓생,5,11,41
1690,줘육볶음,9시 퇴근 기원 탕탕,5,2,47
1689,SeoTaiJi,손 안아프게 해달라고!!!,5,5,65
1688,침무원,하입걸 만나기,5,2,26
1687,컵컵라면,행복하자~,5,1,11
1686,춤봉춤봉,아무래도 오디션장 에서 무사히 마칠 수 있게 도와주세요,5,2,20
1685,포세이돈,작가 데뷔하게 해주세요,5,1,3
1684,방문객,취뽀 부탁드립니다 ~,5,1,37
1683,육성재,하늘에서 돈 떨어져라^^<<,5,4,25
1682,침착맨사김종수,좋은 일자리 찾을 수 있게 노력하게 해주세요,5,2,41
1681,이달의소녀,시험합격,5,59,59
1680,배유기,올해는 기분좋은일만..,5,1,18
1679,Merm,오늘 하루 잘 보내게 해주세요,5,1,1
1678,정노비,사건 이기게 해주세요,5,1,1
1677,고라니라니자라니,독일 음대 유학 성공 기원!,5,2,33
1676,내가침좀좋아하면안되냐,로또1등,5,1,28
1675,전웅수,기숙사 붙여주세요,5,4,33
1674,덕성봉폭격기,의무방어전 잘치룰수있도록 도와주세요.,5,3,33
1673,김민세,아프지마요,5,2,33
1672,째깐뚜이,복권당첨되게해줘잉,5,3,58
1671,마토야,건강기원,5,6,42
1670,얼굴긴밥아저씨,실험결과 잘 나오게 해주세요,5,2,15
1669,팥호민,돈많이벌게해주세잉,5,1,7
1668,아타지나,공모전 결과 잘 나오게 해주세요,5,5,33
1667,침캐리,섹시해지기,5,1,4
1666,왕골맨,로또1등,5,1,8
1665,이설휘,반짝반짝 빛나는 사람이 되고싶어요.,5,2,36
1664,창업유투버,취업하자,5,1,20
1663,호크아이,무병장수 기원,5,1,2
1662,위인사당수호자,시험합격,5,5,47
1661,맡길임,다이어트 성공 기원.,5,3,6
1660,짱쎈코끼리,사랑하게 해주세요,5,1,5
1659,CAMPFIRE,면접 잘 되게 해주세요!,5,3,20
1658,으따맨,니먼쯜따오맨,5,2,17
1657,불고기버거한세트,퇴근하게 해주세요,5,2,8
1656,워킹데드,퇴근 일찍 시켜주세요,5,1,2
1655,syc6548,일정 안겹치게 조정 잘 할수있게 해주세요,5,1,7
1654,부라불라,모든 일에 행복을 느낄 수 있게 해주세요,5,2,10
1653,솜소민,건강하게 해주세용,5,2,40
1652,펌핑맨,일주일 고생했다,5,1,26
1651,드걔쟤,나무위키정기컨텐츠기원,5,1,8
1650,신고건의,피파4 1조짜리 카드 먹기,5,1,1
1649,강폭풍,happy 2023 ,5,46,65
1648,김먹참,놀고싶다,5,1,8
1647,땀나는침덩이, 풍족한 삶을 살거야,5,7,50
1646,대왕카피바라,연세대 편입 최종합하게 해주세요,5,1,9
1645,침착한거북이,취업되게 해주세요!!,5,16,27
1644,침펄사랑,펄님 뱅온 매일 하게 해주세요,5,3,58
1643,T없E맑은투명D래곤,돈 많아지게 해주세요,5,2,22
1642,감염된SCV,"탈모해결, 침펄건강",5,9,55
1641,위험한자식ㅋㅋ,빨리 봄,5,1,21
1640,57575757,아빠 잘 회복할 수 있게 해주세요,5,7,26
1639,쪽뽈스,부자되게 해주세요,5,4,19
1638,주호민숭맨숭,내가 좋아하는 사람이 날 좋아하게 해주세요,5,3,42
1637,주호민머리깍아라,ㅈㅈ,5,2,23
1636,프로쪼스,근성장,5,8,45
1635,공포의침숭이,일 잘풀리게 해줘잉,5,2,38
1634,시댕구리,나도 로또..,5,1,39
1633,야옹고양이,오늘 내가 제일 이쁘고 날씬하고 인기짱이여라,5,42,62
1632,죠스타,퇴사 후 로또당첨되기,5,3,20
1631,클랭크,2023대박쓰,5,1,14
1630,안미안,부자,5,2,8
1629,내코배트맨,끈기있게..,5,1,4
1628,투기장1타강사,길가다가 우연히 침착맨 만나기,5,1,23
1627,침하하핫,오늘도 열심히,5,63,63
1626,ATJ,연락오게 해주세요,5,2,8
1625,방송일정차단,1등 당첨 제발,5,1,4
1624,준우아빠,올해도 벌써 6일이나 흘렀내요. 남은 299일 알차게!,5,1,4
1623,배쵸미야,합격하게 해주세요,5,1,6
1622,간단히병건만,편입전부합격,5,7,58
1621,침착걸,속쌍 예쁘게 생기게 해주세요,5,1,32
1620,내사랑란모,이세화만세이,5,2,39
1619,침하디,이번 주 로또 1등 당첨되게 해주세요,5,1,32
1618,침착맨침착맨,남은 시간도 열심히,5,66,66
1617,쿵야맨,양심에.살자,5,1,4
1616,Cosmo,돈모으기,5,2,12
1615,노원구,행복하세요,5,2,33
1614,침수라,영어 잘하기,5,1,38
1613,영보이,콜벳c8 구매기원,5,1,12
1612,침착맨의개가되고싶어,봇치더록 2기기원,5,2,14
1611,이병일병건병,원하는 학교 되게 해주세요!!,5,1,17
1610,콧수염테이텀,행복한 인생 살다 갈 수 있으면 좋겠다 이말이야,5,1,5
1609,귤낑깡,저한테 좋은 사람 만나게 해주세요~!! 제발~!!,5,3,30
1608,럭키맨의300비트,나오늘 너무 기분좋다 오늘 더이상 별일 없게 해줘 ><,5,3,34
1607,짜투릇맨,구리랑 재밌는 하루 보내게 해주세욧,5,19,47
1606,호크아이슨배림,매력적인 사람이되게 해주세요,5,59,59
1605,종이장,말년의 첫사랑 아이폰 13 프로 케이스 재입고 소망,5,2,40
1604,칭찬민수,안 아프게 해주세요,5,9,21
1603,오만둥이,하이,5,66,66
1602,크리스마스,🔸제가 너무 힘들지않게 해주세요,5,1,47
1601,오봉곤,후회없는하루가되었으면,5,1,5
1600,커피콩,건강,5,6,65
1599,몽까몰끼,프로젝트가 대성공 하게 해주시고 부자되게 해주세요,5,54,63
1598,이병건강해라,1급 합격하게 해줘잉,5,3,15
1597,무부남,건강,5,1,9
1596,할건해,상담 서비스 잘 되게 해주세요,5,3,29
1595,행복한하루,우왕,5,2,50
1594,kum,옾카페 시즌3 기원,5,2,39
1593,사위사랑럴커탕면,퇴근,5,2,43
1592,한썸머,빅반 ^^7,5,1,8
1591,진희남자친구,건축기사 합격기원 여자친구 국가공무원 합격기원,5,1,6
1590,김참외,침맨 영상 없이도 잠 잘 자게 해주세요,5,1,6
1589,DJ침나니,일 잘하게 해주셈,5,3,12
1588,옆집아는동생,로또1등,5,54,59
1587,당산불주먹,돈걱정없이 탱자탱자 놀고싶어!,5,3,14
1586,조루딕,포인트,5,15,37
1585,청국장,2023 롯데자이언츠 우승 기원,5,2,44
1584,직박구리,트레ㅔㅔㅔㅔㅔㅔㅔㅔ피ㅣㅣㅣㅣㅣㅣㅣㅣㅣㅣㅣㄱ,5,1,12
1583,김치에너지,지옥탈출 기원 2일차,5,2,58
1582,이상한나라의이병건,침착맨 싸인 받게 해주세요,5,1,30
1581,POUTINE,감자탕,5,1,2
1580,이대영,6,5,22,56
1579,게으른배짱이,부지런한 사람이 되고 싶어요,5,1,20
1578,aKAHa,시험 합격하게 해주세요~,5,5,52
1577,종족의배신자,약속을 잘 지키자,5,2,23
1576,양갱갱,애인 만나게 해주세요,5,1,9
1575,주펄딱이,돈 많아지게 해주세요,5,2,25
1574,원랜디설치기사,집 청소 뒤졌다,5,2,45
1573,맙소사,"이번 주 연금복권, 로또 6/45 동시 1등 당첨 예정",5,1,18
1572,다니엘의사,생일입니다. 여자친구 생기게 해주세요.,5,27,39
1571,뭐야이게,연어 먹고싶다,5,1,26
1570,히오스개꿀잼,울 깡쥐 안아프게 해주세요,5,1,13
1569,팃피냥,최종합격,5,1,30
1568,침핳하,일주세요일,5,1,9
1567,나미춘알단,침펄뚠춘 겜 합방기원,5,2,57
1566,취사완료,저녁 연어회,5,1,12
1565,침착주머니,침렉스 당첨되게 해주세요!,5,1,6
1564,논문리더기,논문잘쓰게해주십쇼,5,28,51
1563,KKT198,로또 일등당첨되게 해주세요,5,3,12
1562,레몬꽁치구이,사립학교 교사 채용되고 싶습니다.,5,4,33
1561,마들강아지,침펄풍 만나게 해주세요,5,1,4
1560,민오이,우원박침렉스당첨우,5,1,10
1559,주호민병건,좋은일만,5,1,56
1558,리조또죽같은거,로또되게해주세요,5,1,34
1557,일리삼,오늘 시험 잘 봐서 붙게 해 주세요,5,2,5
1556,산토끼,건강하고 행복하자~!,5,2,41
1555,경비이실,집에보내주세요오,5,3,46
1554,고르고고른뚜잇이야,대학합격,5,6,16
1553,턱주가리따다닥,연금복권2등기원,5,3,23
1552,월이천맨,오늘 히루도 재수 좋게 해주세요,5,3,52
1551,주호민들레,군대가기 전에 통일 되기..,5,1,1
1550,바리바리바리스타,절주,5,40,51
1549,AUG,할일하기,5,2,47
1548,블루드샤넬,로또 1등 단독 당첨 되게 해줘...,5,1,5
1547,asdfgh,합격기원,5,27,33
1546,냉동떡,면접 잘 보게 해주세요!,5,1,11
1545,swjq2a,공부 열심히하기,5,1,2
1544,gum,유튜브 안보기,5,1,3
1543,법선벡터,오늘도 열심히 살게해주세요,5,1,7
1542,윤지닭,올해 진급 / 좋은 사람과 연애 / 가족들 건강 기원,5,1,9
1541,포커스뺏어옵니다,갓생살고싶어요,5,1,11
1540,gammang,건강하고행복한젊은부자되기,5,6,39
1539,슈타이어,퇴근시켜주세요,5,2,16
1538,ㅍ1캐쮸,침하하 앞으로 터질 일이 없게 해주세요,5,1,13
1537,Forran,프리랜서 두번재 브랜드 작업 성공하게 해주세요,5,6,55
1536,침착맨의검,제가 사랑하는 사람들이 아프지 않게 해주세요,5,4,52
1535,goldcow,부자되게해주세요,5,1,12
1534,초호민,행복하게 해주세요,5,18,64
1533,골아파,빅반 사게 해주세요,5,2,8
1532,고맙잖슴,건강건강건강,5,2,24
1531,침의소리,불로소득,5,1,19
1530,재용리,돈 많이 벌게해주세여~,5,6,55
1529,이따올때차돌짬뽕,우리가족의건강과행복,5,1,45
1528,해피하우스1대장,토익스피킹화이팅,5,1,2
1527,수줍음쟁이,건강하고 편안한 부자되기,5,1,27
1526,피넛버터,시험 잘 보고 취업 잘되게 해죠잉,5,22,22
1525,째깐둥이쥐소룡,퇴근,5,1,10
1524,해나래,취직시켜줘잉,5,62,62
1523,촉나라의유산,잠잘자기,5,6,58
1522,청개구리,삶 아름답게 화이팅,5,2,22
1521,마라샹꿔바로우,오늘은 일찍 잘 수 있기를🙏,5,1,27
1520,나는슬퍼,아직 한 발 남았다,5,3,26
1519,GunAnt,올해도 전시 많이 하게 해주세요,5,1,42
1518,무면허라이더,나태해지지말자,5,3,26
1517,KDB,맨시티 리그 우승하게 해주세요,5,9,53
1516,사이킥,살려줘잉,5,2,21
1515,Arsenal,가족건강!,5,1,23
1514,찬하하베타,월급오르게해주세요,5,7,42
1513,인천유나이티드,합격,5,6,6
1512,부영사랑으로,여틴생기게 해두세요,5,1,58
1511,고양희,할머니 건강하세요,5,5,53
1510,냥이냥이물고기,컴활 합격~,5,1,44
1509,우사인너트,소방합격기원,5,1,46
1508,뚜벅초,껴륵,5,1,43
1507,옥춘배,만수무강~,5,1,43
1506,꼬마돌,웃자 웃어,5,3,51
1505,어푸푸하하,여자친구 생기게 해주세요,5,3,50
1504,osoriman,연봉1억,5,2,27
1503,탈퇴한회원,소원 들어줘요,5,67,67
1502,awnfaiof,1004,5,67,67
1501,희희망했다,날로먹게,5,1,2
1500,쭈풍낙엽,임용 최종 합격하게 해줘잉,5,1,27
1499,귤룐귤룐,불로소득,5,2,14
1498,고구마언덕,살빼게해주세용,5,3,45
1497,깔라만시빠라뿔라,풍성풍성77,5,1,36
1496,오형근,의지를 강하게 만들어주셔요,5,1,2
1495,교촌치킨,오늘도 침착하게 해주세요,5,1,23
1494,메이트리,럭작,5,23,59
1493,후후훅,다 잘풀리도록,5,4,63
1492,아기침냥잉,행복 건강,5,1,31
1491,침하라,한라산 잘 다녀오게 해주세용,5,1,1
1490,티즐피치우롱티,연애하게 해주세요~잇,5,4,56
1489,장칼국수,6일차,5,10,55
1488,삼라만상반팔티,😎,5,2,28
1487,불타는차돌짬뽕,탑데 우승해줘잉,5,20,64
1486,코너4호기,지구멸망,5,1,8
1485,파울로벤투,취업하게 해주세요,5,1,30
1484,로붕이,변호사시험 붙게 해주세요,5,1,62
1483,전력전자,뮤넌,5,2,37
1482,후루룩쭈압쭈압,아 뉴진스 보고싶다.,5,16,23
1481,몽키D두피,해적왕,5,2,48
1480,카우우,평화롭게 보내고싶어요,5,4,12
1479,또용용용,로또 1등 되어 은퇴 할 수 있게 해주오,5,3,35
1478,영원왕건절대없어,국시합격,5,51,53
1477,seeya,"소방공무원 예방 경채 인원 채용, 합격",5,3,25
1476,웃고살자,침투부 출연자 시청자 모두 건강하고 행복하기를,5,2,19
1475,내맜아요,아까 그 진상 관련 아무 일도 안 일어나게 해 주세요.,5,9,64
1474,이병건축학개론,짝남오빠랑 잘되게 해줘잉,5,17,42
1473,여우비,원하는 대학원 연구실 가게 해주세요,5,13,16
1472,김도비도비,2023 행복하게!!,5,5,47
1471,희지재,결재서류무사통과,5,3,32
1470,루시에르,이이이이이너피쓰,5,1,14
1469,더블쿼터파운더치즈버거,1분기 안에 좋은 회사에 취업하게 해주세요,5,2,65
1468,학종이,기사 합격하게해주세요,5,1,8
1467,전삼큐,따뜻하게,5,4,51
1466,Tim,행복하고 건강하길,5,7,49
1465,마이클콜리오네,다이어트 성공 기원,5,42,44
1464,정지궤도,잊지말고 소원하기,5,16,50
1463,1웅2,밑 바 닥,5,1,11
1462,대마맛쿠키,지구평화,5,4,41
1461,IZONE,취업기원,5,17,65
1460,침첵스초코,"침착맨의 행운을 저에게 주세요 >,.< 치키초코",5,5,23
1459,이병건희오,올한해는 부디 행복 하고 좋은 일 많도록 해주세요,5,1,6
1458,고오앙,"하는 일, 연애, 가족 평안 모두 잘 되게 해주세요.",5,21,43
1457,쿠팡맨,건강기원,5,54,59
1456,도토리도둑,건강하게 해줘잉,5,1,14
1455,육개장칼국수줘잉,전역,5,1,18
1454,ㅃ1께츢,결혼하고 싶어잉,5,5,53
1453,피읖눈침저씨,소돌아 안녕,5,4,42
1452,헬로포터,비나이다 비나이다,5,2,61
1451,옾카페단골손님,소원의돌아나대기업에좀넣어주라,5,24,55
1450,병건리조또,분노한 깃털인가 암튼 그 장신구 먹게 해주세요,5,1,8
1449,e8ld0o,요즘 행복해요. 감사합니다,5,1,1
1448,메차쿠차,돈많은 백수가 되게해줘잉,5,1,3
1447,침착한영관,대머리빢빡이,5,1,10
1446,후교교,정신차려라,5,1,44
1445,침착맨투맨,한주의마지막 기분좋게마무리하게해주세요,5,3,40
1444,배옥자,2023년 대박납시당,5,1,42
1443,yjuent,감사합니다,5,5,44
1442,자남상맨,돌,5,1,1
1441,침착한주호민달팽이,소원을 말해봥,5,1,15
1440,놀린죄값받는이병건,미웡,5,11,55
1439,두유노우풍월량,결혼 D-64 준비된 남편이 되게 해주세요.,5,28,55
1438,병건스타크,배인소맨,5,1,2
1437,침펄조아,오늘 저녁도 맛나게,5,3,47
1436,침숭숭,성공하자,5,1,53
1435,피엥코에테파온코에테뿌엥,합기,5,1,8
1434,침투더착투더맨맨,내 밥값 벌기,5,27,52
1433,네버버,우리 아이들도 언젠가 초대석에,5,2,5
1432,앙침하띠,행복하게 해주세요,5,8,51
1431,댕댕댕댕,오늘 하루도 무사히,5,35,65
1430,소주특공대,지혜와 용기와 행운을 주세요.,5,2,21
1429,이왕걸S2만두콘,캄다운걸 초대석 기원 1일차란 마리야~,5,1,10
1428,극하남자,진짜 들어주나,5,1,2
1427,섹시가이매직박,로또1등,5,12,49
1426,김후루꾸,출산율증가,5,2,42
1425,메로나판다,2주일,5,2,44
1424,텐버거,kg ets 떡상,5,1,12
1423,펄떡스클럽,편입합격기원,5,1,26
1422,양갱기,밥 잘 챙겨먹어,5,1,55
1421,뚱땅이,오늘하루도무사히 오하무~,5,4,55
1420,체육볶음,선미가 건강하고 씩씩하게 유학생활 잘 하게 해주세요.,5,58,58
1419,안산일짱이병건,합격하자,5,2,19
1418,막깔라,침하하 화이팅,5,66,66
1417,pfe,pfe,5,12,57
1416,꼬마자객,복권1등기원22일차,5,4,48
1415,낭심든든,솔로야 가라 재미없다~ 연애야 와라 잼있다~,5,1,54
1414,쭈나님,초월홍삼춘천,5,5,29
1413,나가시오,좋은 자취방 구하게 해주세요,5,1,13
1412,SMILE,굿 데이~,5,1,4
1411,중앙석전관리위원회,소원,5,1,36
1410,오리꽥꽥,트레이딩 대박,5,58,58
1409,대한국인,이직 기원,5,1,1
1408,정정회원,통천누나랑 결혼하게 해주세요💛,5,31,44
1407,김짱석짱진,모두 행복하게 해주세요,5,8,52
1406,방탕후루,행운,5,1,32
1405,예약손님,해줘잉,5,2,37
1404,김엉구,이직 기원,5,1,19
1403,으아아아으아아,"행복, 건강, 합격",5,19,43
1402,TOY,로또1등,5,66,66
1401,누룽지콘,살 덜찌기,5,2,61
1400,야생곰,가족모두 건강하길... 나포함.,5,28,56
1399,유니도,결혼,5,2,35
1398,소원좀들어줘잉,지금처럼만,5,4,49
1397,임다섯모,행복하게 해주세요!,5,2,43
1396,침숫자,로또 1등!!,5,3,22
1395,땨람쥐렸다,헬스 컨디션,5,1,23
1394,평소에는맡을수없는향기,이직기원,5,2,39
1393,새바리,투자 원금 회수,5,45,54
1392,우엉당근간장조림,힘세고 강한 하루!,5,1,14
1391,골프장,주식복구,5,1,2
1390,LG홍보팀,LG,5,3,19
1389,최명인,살빼자,5,1,4
1388,슈뢰딩거의침냥이,진상아 가라~ 재미 없다~,5,62,65
1387,새콤달콤텔레콤,지혜로운 사람이 되자~,5,1,2
1386,나르는거북,🙏비나이다 비나이다🙏,5,3,46
1385,옾조디아,손목 낫게 해주세요,5,1,47
1384,포켓몬마스터예비군,행복해지자,5,33,56
1383,수달원츄,숙취없어져라 제발,5,1,22
1382,이왕건그는신인가,두 달!,5,2,54
1381,침착한병건이,잘생기게 해주세요,5,8,49
1380,감자나라감자맨,재활 성공 기원,5,1,31
1379,모든것의신,이병건의 건강 행복 평화,5,51,65
1378,홈버튼,취업,5,1,56
1377,긴장타소,"연애하게해주세요,행복행운가득한하루되게해주세요",5,55,62
1376,은망이,탈없이 여행다녀오기,5,2,25
1375,익명의민트초무침탕면,소원 이뤄지게 해주세요!,5,5,24
1374,이리단,행복하기,5,4,40
1373,K야키소바,오늘 하루 좋게 마무리 되길..,5,1,38
1372,다람쥐곶감,올해는 돈 벌게 해줘잉,5,24,65
1371,연산동박간지,로또 1등 되게 해주세요,5,4,58
1370,침착한편,행복하게 해주세요.,5,1,1
1369,하후연,로또 2등 좀...,5,1,30
1368,침펄풍하하하,로또 1등 주세요,5,1,9
1367,기립근중요해,하루를 열심히 살자,5,1,3
1366,BiGmacS2,삶의목적.,5,2,43
1365,침스트라침무스,국시합격,5,42,44
1364,피트니스삼괴권,침하하하하,5,2,32
1363,통모짜핫도그,뿡,5,15,60
1362,침덩이덕쿵덕,합격기원☆,5,66,66
1361,김치뽁음밥,운좋기,5,2,13
1360,석전프로게이머,건강,5,1,38
1359,뿌슝빠슝,침착맨 파이팅,5,5,57
1358,유버튼,기도,5,62,62
1357,전무사랑해,성공하고싶어요,5,1,7
1356,극강매미권,성공하게 해주세요,5,1,12
1355,빠밤이,"케비,, 이겨줘,, 제발,, 택의 선발기원",5,2,33
1354,MrPinK,로또1등당첨,5,3,55
1353,🧆검은콩🧆,그렇다 해줘잉,5,19,62
1352,먹짱이신사,제 자치구역도 생기길,5,1,32
1351,침알하하,오늘 하루도 무사히 지나가게 해주셔요~,5,2,5
1350,SagaMakers,침착맨 직접 만나게 해주세요. ,5,3,50
1349,노민수노,우리 아부지 독감 빨리 낫게해주세요,5,1,39
1348,아햏햏,댄멘,5,1,45
1347,침착군주,출첵,5,2,63
1346,호방호빵,부자되게 해주세요,5,3,14
1345,침챢먠,버거4.5 장사 잘되게 해주세요!,5,5,41
1344,riderk,소원,5,1,1
1343,무테키,소설가가 될거다,5,2,13
1342,오빈마니아,행복,5,1,2
1341,쭈이잉,취뽀,5,4,42
1340,김모나,침하하,5,17,56
1339,정예타우렌족장,사업준비중인데 꼭 잘되길.... ,5,1,48
1338,호리창창,소원빌어야겠,5,1,18
1337,Sunii,답장,5,4,48
1336,침의삶,전여친에게 연락오게 해주세요,5,1,33
1335,솔로이길바래,잠을 오래자든 조금 자든 피곤함이 없었으면 좋겠어요,5,1,36
1334,만성짜증,신중해지자,5,1,24
1333,트위드재킷,항상 행복하기를 바랍니다.,5,52,52
1332,얌전둥이,건강,5,4,22
1331,침원박,마음이 따뜻한 사람이 되게 해주세요.,5,4,39
1330,남궁춘자,잘 살자,5,3,56
1329,전설의포켓몬,다른 사람들 소원이 이뤄지게 해주세요,5,1,18
1328,토바에,술좀 제발 적당히 먹자,5,3,33
1327,산호초,건강한 금요일,5,8,50
1326,세일러침,베이스,5,2,43
1325,2any4,행복해지게 해주세요!,5,1,41
1324,쿠베라,사랑과 평화,5,1,30
1323,시로와쿠로,we won,5,1,36
1322,삐빅맨,여자친구,5,1,42
1321,퇴근하고싶다,모두에게 사랑받는 사람이 되길,5,1,25
1320,이스마일,로또 1등 되게 해주세요,5,1,6
1319,푸포님,장사잘되게해주세요,5,1,1
1318,12월25일,로또 1등이요,5,1,5
1317,들들이욤,내 마음의 평화를...,5,22,55
1316,갑오징어,안전운전,5,57,57
1315,김미캉,즉시취업,5,2,20
1314,털보야좋아해,프리랜서인데 좋은일 많이 들어오게 해주세요 ,5,25,49
1313,김밥킹,아무 일 없이 여행하게 해주세요,5,5,52
1312,남영재,건강,5,10,41
1311,MARVEL,안아프기,5,1,8
1310,나홀로침에,올해 꼭 합격하개 해주세요!!,5,1,1
1309,시루요,재밌는 하루,5,66,66
1308,감자탕,긍정,5,3,43
1307,KommSusserTod,내일 시험 원하는 성적 받게 해주세요,5,1,1
1306,임쿼카,입시 합격해서 내년 행복한 유학생활 비나이다 비나이다.,5,2,39
1305,그부리룸,눈 앞에 집중할 수 있는 한 해가 되게 해주세요.,5,1,13
1304,침착한국인,초기화 안되게 해주세요,5,1,9
1303,무친오오도발,청약 당첨 기원이요홋222,5,2,31
1302,침착한쭈꾸미,다이어트성공하게해주세요,5,4,43
1301,쾨니히스,행운,5,5,53
1300,육회비빔밥,가군 상향 붙게해줘잉,5,59,59
1299,나이키,좀보이드 꿀잼!,5,4,62
1298,가든최,연애하게해주세요.,5,1,1
1297,왕골의철퇴,로또 당첨,5,3,44
1296,김호이, ,5,8,50
1295,얘뭐가잘안되니,하버드가게해주세요,5,45,55
1294,강부노,이번년도는 좋은일만,5,1,4
1293,중인배이올시다,대인배,5,1,18
1292,덜렁대는피깼츄,윤슬아 한달동안 밥 잘먹고 수술 잘받자!!,5,2,28
1291,먹는샘물스파클,로또 1등 되게 해주세요,5,2,25
1290,침펭침,로또 1등 당첨은 나야나 ,5,5,46
1289,침착한주펄님,건강한 몸과 마음 기르기,5,1,41
1288,팀버튼,먀옹먀융,5,1,31
1287,장PD83,우리가족 항상 건강하길,5,4,51
1286,짐승05,하는 일 잘 되게 해주세요,5,1,35
1285,야수맹,오늘의소원은진짜나를찾으러움직이는것이에요..,5,40,41
1284,zI존법사,메롱,5,1,2
1283,평냉개구리,개굴,5,1,16
1282,아토미525,하는 일 잘 되게 해주세요,5,1,42
1281,임시공휴일,하이루,5,1,2
1280,시묭묭,맛점,5,2,13
1279,힙냥이,로또 1등 당첨 되게 해주세요,5,2,36
1278,째깐둥이의비밀일기장,감사하다,5,1,12
1277,폴짝개구리,아 오늘도 건강하게,5,2,29
1276,펄요일,눈아 오지마라,5,1,6
1275,콜로라도야생마,연구 성공,5,12,55
1274,무한으로즐겨요명륜진사갈비,다이어트성공,5,1,32
1273,나르비,가고 싶던 직장의 채용공고가 열렸는데 이직 성공... ,5,3,18
1272,brate,퇴근,5,1,9
1271,옾옾옾옾cafestyle,어제 못한 것 보충,5,54,60
1270,우대찌,2차 무난하게 끝냈는데 최종합격하게 해주세요,5,4,5
1269,국군융단폭격전략사령관,취업 원서 넣은 곳에 꼭 합격하게 해주세요,5,1,9
1268,침수한무,부자되게 해주세요,5,2,36
1267,째즈가뭔지아는고양이,ㅎㅇ,5,3,57
1266,김보통,싸게 고쳐줘,5,66,66
1265,시저시조시져,평안,5,2,39
1264,침착한코리안,오늘도 무사히!,5,3,29
1263,하하하트브레이크,꼬이지 않게 해주세요~~~,5,1,23
1262,조세호,ㅊㅊ,5,1,65
1261,할로윈째깐이,소원 들어주세요,5,1,48
1260,쑥도령,ask,5,67,67
1259,시그나르리,소원 들어주는 돌 링크 다른 영상으로 바뀌게 해주세요.,5,2,13
1258,모도리,2023년 제63회 간호사 시험 합격,5,38,38
1257,침착맨의말년생활,제발 로또 1등,5,3,29
1256,김민정,무사고,5,2,13
1255,아보다트,아보다트 152일차,5,43,58
1254,중과부적,(할말없음),5,2,48
1253,균하하,화목하게 해주세요,5,2,52
1252,침티모,올해 1억벌게 해주세요,5,1,38
1251,닉네임변경디디5420,세계평화,5,23,61
1250,라그나후크,침하하가 안정적으로 정착되기를,5,62,65
1249,빡침펄,오늘도 무사희,5,3,30
1248,이멍게,자신감획득,5,3,33
1247,침슈타인,행복한 하루,5,1,44
1246,고돌이,게임 출시 성공 기원!,5,7,58
1245,삼국지빌런,2023년엔 날아오르자,5,1,12
1244,춤추는알파카,행복,5,1,3
1243,착맨이,오또,5,11,51
1242,한국인조젼,이번주 로또 부탁드림다,5,2,40
1241,모모아빠,오늘도 무사히~,5,2,43
1240,두다리갈매기,강철멘탈 부탁합니다,5,67,67
1239,종슈비,행복하자,5,1,3
1238,일회용소주컵,매일 좋은 시를 외울 수 있게 도와주세요,5,1,23
1237,수원왕갈비통닭천사,기도,5,1,25
1236,ケロロ,주식AI 성공 기원,5,27,46
1235,지그침,복권 1등 되게 해 주세요!,5,3,41
1234,서윗침,오늘도 무탈하게,5,4,25
1233,섭섭한야채,살빠지게 해주세요,5,1,6
1232,유사과학박사,가드올리기?,5,66,66
1231,보약사범허준,축가 잘 부르기,5,5,50
1230,DOHE,행복하자,5,1,23
1229,위험한자식이재희,건강하고돈많이벌게해주세요,5,4,22
1228,회계민수,무사고 기원,5,1,53
1227,침착맨틀,서버비 1억기원,5,3,51
1226,두두두다루,로또1등,5,66,66
1225,황제펭귄,로또 1등,5,12,51
1224,베이비병건,무사히 집에 돌아가기,5,3,46
1223,MyaRee,고맙다 방장,5,1,14
1222,　메시,행복해져라 행복해져라 행복해져라,5,6,39
1221,존예해린,대학합격기원,5,2,2
1220,차두리짬뽕,부자,5,1,40
1219,째깐둥이1,원하는 시간표 성취,5,2,44
1218,담담담담,공부 좀 하자,5,2,48
1217,내다린뱁새다리,행복하자,5,1,25
1216,구름이의모험,우리 가족 모두 행복하게 해주세요,5,12,63
1215,구쭈나라백성A,치킨?,5,1,3
1214,침과왁,하루 편하게 해주세요,5,2,3
1213,하쿠마이,해피뉴피,5,1,11
1212,규르가르,소원비는거 안까먹게 해주세요,5,18,55
1211,옾냥이,월급인상 마니마니,5,1,39
1210,꿀쟁이,2023년 세무 국가직 9급 평균 90점 이상 합격,5,53,54
1209,침버거버거,돈을 많이 벌고 싶따!,5,2,41
1208,결명자차꼬소해,위인사당건립 축하,5,47,58
1207,알보칠,집에 가고 싶어요,5,1,30
1206,유재석강호동이병건,취업시켜줘잉.여친사귀게해줘잉,5,3,40
1205,반깁스,로도 1등 당첨되게 해주세요,5,4,51
1204,오늘의야식,로또 1등!,5,3,58
1203,그럼갚아야겠네요,병건해라 건강아~,5,1,1
1202,Welcome,오늘도 무사히,5,1,23
1201,위험한자식채림,행복하게 해주세요,5,1,28
1200,병건틴틴,남자친구 생기게 해주세여,5,2,39
1199,살랑바람,역전재판dlc 기원,5,2,23
1198,침통령입니다,ㅎㅇㅌ,5,2,48
1197,none,인간답게 살게 해주세요,5,2,29
1196,냄새좋은대머리,웅성웅성,5,1,44
1195,착취자이병건,장사잘되게해주세요,5,4,35
1194,x48dep,1월20일까지 집나가게해주세요.,5,1,14
1193,남양주주민,23년 대박나게 해주세요,5,3,41
1192,뽀뽀쪽,다이아트,5,1,35
1191,강고양이,침착하게,5,1,36
1190,석저니스타,킹받는일없게해주세요!,5,1,13
1189,너흰전혀스윙하고있지않아,우리 조카 건강하게 잘 태어나게 해주세요~!!,5,3,41
1188,가루치킨,퇴근공지,5,1,16
1187,ppoooo,층간소음에 고통받지 않게 해주세요,5,1,13
1186,꺾여버린마음,안바쁜하루,5,3,55
1185,포터르기니,연금복권720+ 1등 당첨되게 해주세요~,5,2,14
1184,뇌절맨,잠을좀 줄여주세요,5,1,32
1183,삼치구이,우리가족 모두 건강하고 행복하게 지내길 바랍니다,5,3,30
1182,내맴이잔슴,정신머리좀 차리게 해주세요,5,1,43
1181,신이나,나와 남과 세상에 똑똑하고 친절하기,5,1,58
1180,Calmdownman,즉시퇴근,5,66,66
1179,침핳핳,프라디데잇 나잇 ~,5,66,66
1178,쁘띠거니,불안하지 않게 해주세요,5,5,14
1177,말년냥이,복권당첨,5,1,8
1176,피켓피겟피궷츢,가족 건강,5,13,54
1175,쭈키마우스,돈,5,30,54
1174,거북이형님,수술부위 잘아물게,5,1,36
1173,2호침하하관리자,진짜 개이쁘다,5,3,15
1172,침냥이집사,ㅊㅊㅁㅁㄴㄱ,5,2,49
1171,침착한배신자,지금 헤매더라도 곧 잘되길,5,2,7
1170,김똥꼬,침착맨,5,25,54
1169,차돌탐정철록홈즈,워라밸이 충분한 삶,5,1,22
1168,김풍근,복권 1등!,5,1,38
1167,필수요소,트래픽 원펀데이가 계속 되었으면~,5,40,52
1166,고독한외노자,취업기원,5,1,49
1165,이상해씨,.,5,1,45
1164,패션왕,답장오게 해주세요,5,2,21
1163,구파로,뿌직뿌직 뿌뿌직,5,9,55
1162,빠니까와이,매출 증가 가족 건강,5,3,20
1161,뭐햄시니,시니어 개발자가 되고싶어요,5,13,42
1160,침깻츩,오늘도 행복한 하루,5,3,55
1159,춤추는베다,복권 당첨 기원!,5,1,26
1158,김풍당당,취업 성공,5,1,9
1157,침착한떡볶이,감사합니다.,5,6,21
1156,LSBDangMoo,순당무우승기원,5,18,26
1155,침펄랜드,로또 1등 당첨!!,5,1,1
1154,주호롱이,가족건강행복,5,3,47
1153,쭈호민,기도 올리기,5,66,66
1152,까를로,최종합격,5,29,29
1151,BBOI,이번 주말은 속편히 재밌게 잘놀자,5,1,7
1150,행복한소시지,자격증 시험 합격하게 해주세요,5,2,3
1149,아리까리침착,유학성공,5,4,29
1148,먹구름,침하하,5,9,55
1147,STL,연봉인상,5,3,55
1146,김애용,배고파요,5,62,64
1145,침착하긔,공기업취업,5,4,54
1144,mousi,불금!,5,1,28
1143,쭈리링,서버비 2구찌 기원,5,64,65
1142,호슨배임,취업 성공하게 해주세요,5,2,23
1141,빠라삐리포,ㅎㄱ ㄱㅇ,5,1,35
1140,귤국대장,공단 취업하게 해주세요,5,3,41
1139,파티오리,행복하게 해주세요,5,6,60
1138,먹황새,세계정복,5,66,66
1137,꽉잡아준빈잉,굿즈 파는곳에 곽튜브님 끄박티도 팔게해주세요,5,5,59
1136,캡틴에스프레소캡튼카푸치노,내일 내일 내일,5,1,45
1135,브로콜리바구니,건강,5,66,66
1134,GlieonSim,로또1등당첨기원,5,2,49
1133,흰보라,"건강, 좋은여자만나게",5,2,26
1132,그대안의프리에토,운동 가자,5,4,52
1131,병건이와침덩이,확실히 떨쳐낼수있게 단호함을 주세요!,5,3,37
1130,침펄풍커리,메시초대석 기도합니다,5,2,21
1129,4번타자이병건,연협 잘하게 해주세요,5,2,2
1128,섹시가이,안전!,5,22,54
1127,라타타타울린심장,시험 합격,5,30,56
1126,저젤리가진짜라묜,금요일 막판 스퍼트,5,8,57
1125,과장님,로또 1등 5장 당첨되게 해주세요,5,1,19
1124,롸2톤,건강!!,5,52,54
1123,눈이예뻐슬픈동물,공부 열심히 하겠습니다,5,63,63
1122,힘빠진박복달,성실한 사람이 될 수 있게 해주세요,5,1,16
1121,킹병거니,즐거운 금요일이잖슴~,5,8,49
1120,굿이에요굿굿굿,시험합격,5,47,63
1119,칙칙포포,토목초급,5,1,17
1118,몽몽가,오늘도 무사히 ,5,1,26
1117,황돈구,불금,5,1,2
1116,여섯씨내고양,여자친구 생기게 해주세요,5,3,54
1115,라따구리,🙏🏻,5,19,52
1114,쿠하하,여자친구 사귀게 해주세여,5,3,16
1113,지더쿠,괜찮아 잘될거야,5,13,57
1112,카르마,숙면,5,6,51
1111,대모리,1,5,1,13
1110,거수자,침착맨 채널 더 잘되게 해줘잉,5,1,2
1109,오호홋오홋,괜찮은 애인좀 사귀게 해주세요,5,8,54
1108,고기동연합총장,위시 미 굿 럭,5,34,60
1107,여르여르,다 잘될 거야,5,1,6
1106,옥정맨,뽀끼야 건강하고 행복하자,5,1,22
1105,주호민희민,건강해지고 돈 많이 벌게 해주세요,5,31,56
1104,후치몽,로또 1등기원,5,1,52
1103,레온하르트진,긍정적인 삶을 살수있게 해주세요,5,1,7
1102,커리에빠진메시,오늘도 행복하게 해주세요.,5,5,62
1101,이각이병건,일찍자기,5,1,45
1100,apt,공부잘하게해주세요,5,1,5
1099,ㅇㅁㅅ,로또 가능?,5,1,1
1098,침착한빠삐용,합격 기원,5,3,54
1097,침착걸강해린,주금공 합격,5,22,22
1096,위험한자식이병gun,집가게해주세요,5,1,14
1095,에이아이,좋은 연락 받게 해주세요,5,22,56
1094,유구미삼백석,연봉 상승~!!!,5,3,36
1093,수염둥이,뭐든 적당히 하게 해주십쇼,5,65,65
1092,아솨라비아,근육 생기게 해주세요. ,5,4,10
1091,좌절하지않는조홍,아무 일도 안생기게 해주세요~,5,52,52
1090,가짜침착맨,변호사시험 합격,5,1,52
1089,침노루궁뎅이,퇴근까지 아무도 날 찿지 않게 해줘잉,5,1,55
1088,꺼꾸리,행복하게 해주세요,5,2,2
1087,Blooming,배도라지 콘서트 개최 기원 3일차,5,1,16
1086,이병건사랑해,퇴근!,5,3,42
1085,지장산,감사함을 깨닫게 해주시오,5,27,56
1084,AP김세정,시험 합격하게 해주세요 미리 감사합니다,5,37,37
1083,IAN박씨,침착맨 건강하세요,5,2,15
1082,까끌까끌만화가,남자친구의 번아웃 극복,5,3,56
1081,침카다시안,무사히 한 주 마치기,5,1,15
1080,참착한침착맨사랑해,오늘 하루도 감사합니다,5,25,64
1079,라이라이차차차,세계정복,5,1,52
1078,침공어찌하여목만오셨소,.,5,39,52
1077,피카추,행복하고 싶어요 ㅠ,5,1,43
1076,돈미국,나에게 무한하고 영원한 재능을,5,48,54
1075,병건약건,빨리 끝나고 동혁이랑 즐겁게 놀게 해주세요,5,1,21
1074,클레트로,행복!,5,2,30
1073,고담시티,아무렇지 않은 하루가 되게 해주세요,5,3,30
1072,침펄풍팬임,부서이동성공,5,59,61
1071,구리구리,자아실현 ,5,13,56
1070,후운b,여자친구 기원,5,3,49
1069,주펄덕,이병건 탈모 가속화 기원,5,1,26
1068,애기쏘영,열씜+),5,63,65
1067,케헤헤케헤헤케,가정의 번영과 평안,5,3,3
1066,볼빨간침덩이,로또1등 당첨 기원,5,2,44
1065,안산뿌끼먼마스터이병건,다음주가 빨리 왔으면 좋겠습니다!,5,1,12
1064,쥬호민간인,내일 로또 살 건데 일등 당첨되게 해주세요,5,1,16
1063,호방하게칭제,무궁한 발전,5,59,59
1062,침윤륜,침착맨 셀카 plz,5,1,49
1061,공허기사,절대 다이어트 성공해,5,6,37
1060,스파이더맨,확신 가지게 해주세요,5,18,48
1059,병거니우쭈쭈,맨날까머겅 ㅜ,5,1,21
1058,호들갑부적,연경이와 사랑하게 해주세요,5,1,11
1057,moolnaeng,열받는 일이 적어지고 싶어요~~ ,5,2,53
1056,심플걸,잘 지내시나요???,5,1,3
1055,관절박살,갑자기 생기는 돈,5,1,2
1054,다알아뱀수,여친 생기게 해주세요,5,3,60
1053,이상해씨기여워,연대 최종합격,5,30,51
1052,DS아빠,평범한 회사원인 내가 이번주 로또1등?,5,3,31
1051,문정동핵주먹,돈 많이 벌게 해주세요,5,3,24
1050,토계피,건강한 아기 가지기,5,3,23
1049,엉이엉뚱이,건강,5,4,51
1048,TEENTROUBLES,사랑,5,57,57
1047,브이넥에어로빅아조씨,건강 로또,5,7,50
1046,침투부홍보팀김대리,행복을 나눌 수 있는 사람이 되게 해주세요,5,2,31
1045,상남자특순대국특,새로 도전하는 나 자신 성공하여라,5,3,30
1044,바닐라몬드,신나는 하루,5,4,54
1043,벌꿀오소리,살빠지게 해주세요,5,2,59
1042,송혜교,취업뽀개기,5,57,60
1041,카무l,건강하게,5,1,47
1040,GM병건,계획대로 잘되게,5,11,20
1039,최대한도,cc,5,1,22
1038,폰예스이만,십자인대 다 낫고 올해 하는 일 마다 잘 되게 해주세요,5,11,29
1037,킹받는침착맨,오늘도 화이팅,5,27,40
1036,백경대,집합 안 하게 해주세요,5,3,35
1035,무친침덩이,중요한건 꺾이지 않는 마음,5,4,60
1034,야색마,무탈,5,52,57
1033,침하하많관부,우리 씩씩이 건강하게 잘 크게 해주세요,5,58,66
1032,흴흴흴,Good!,5,3,33
1031,옥선생,비나이다,5,1,51
1030,체육교육과,아프지 말자,5,1,44
1029,완도전복,오늘 하루 무탈하게,5,25,55
1028,잠새님,GOTY 받게 해주세요,5,5,48
1027,어린이,남편 만나게 해주세요,5,57,57
1026,김쬬쬬쬬,뿌엥,5,1,27
1025,민초단단장,늦잠,5,1,9
1024,뜨아거,합격하게 해주세요~🙏,5,7,46
1023,송파구일짱,제멀… 노력한 만큼이라도 나와줬으면 좋겠어요,5,3,45
1022,먹방의황제는이병건이오,로또1등아 와라~,5,67,67
1021,현지인,무사히 아기낳기,5,16,35
1020,신나는삼국지아하,행복한 한주의 마무리,5,30,43
1019,된장초장고려장,대학 붙게 해주세요,5,9,53
1018,빨간색이름,갓생 살자,5,2,43
1017,주미새,힘내야! ,5,3,49
1016,꿈의무대,좀 더 부지런해지자,5,1,22
1015,침착쇼,먼지,5,1,40
1014,화난전구,우울하지 않았으면 좋겠어요,5,12,57
1013,책마니읽으시오,건강기원,5,66,66
1012,발랄하네,ㅅㄱㅍㅎ,5,58,58
1011,영웅침갈량,부자되게 해주세요35,5,53,57
1010,cion109,동행복권 당첨!,5,1,2
1009,짱갈래종수짱,멀쩡한 회사야 날 좀 받아주라,5,1,6
1008,침착못해,주말에 쉴수있도록 오늘 할일 다 할수있는 의지를 주세ㅠ,5,3,44
1007,com2,ㅎㅇ이 합격 / 나 ㄹㄸ ㅇㄷ,5,19,33
1006,위인배뚠뚠,오늘 시험도 잘치고 합격하게 해주세요,5,1,30
1005,단풍민수,유씨버클리 합격 제발,5,32,58
1004,뮤지컬,숙면숙면맛좋은숙면,5,1,12
1003,침착맨의INFP인격,인생 슈퍼이지모드로 살 수 있게 해주세요,5,1,8
1002,kmerite,돈 많이 벌게 해주세요,5,30,60
1001,관통맨, ,5,1,41
1000,노동왕김노동,32기 노무사 합격!,5,6,47
999,주맨발,피로회복,5,3,41
998,김개로,위인,5,27,27
997,댄져러스맨이병건,오늘은 미친월요일입니다. 시간이 빨리 가게 해주세요.,5,3,42
996,이히헷,퇴근하고싶다,5,3,45
995,침주착펄맨,이열 금요일,5,1,34
994,콩순이,-5kg 감량하게 해주세요,5,1,29
993,참칙해,시간이빨리가게해주세요,5,2,11
992,침착맨좋아요,다이어트,5,1,9
991,비빅비비빅,행복! ,5,1,4
990,침감쟈,힘내자,5,3,49
989,꽁낑깡,로또1등,5,4,53
988,페퍼민트,승진하게해주세요,5,2,46
987,발컨맨,기도,5,39,65
986,봇들의밤,오늘 하루도 잘 보내게 해주세요,5,58,58
985,승진호랑이,로또 된다 ~~~ ,5,1,8
984,궤친놈,즐거운 주말아 어서 와라,5,2,37
983,닉네임정해줘잉,한라산 등반 성공하게 해줘잉,5,3,34
982,타미햇살,로또1등!,5,1,17
981,륜하하,륜하하,5,2,33
980,침착하게살자,D-12 임용고시 제발 합격 선생님 시켜줘~~,5,26,37
979,오예스,정신 좀 차리게 해주세요,5,1,27
978,아빠가된일진짱,남자친구 이직 성공,5,26,46
977,배도라Zi존,하압격,5,26,38
976,퀘하하,별탈없이 퇴근!!,5,1,16
975,페페삼다수,기도,5,1,1
974,마9간,평화로운 데이,5,1,59
973,곰잡은넘,로또 1등,5,4,27
972,옾월량,여기 계신분들 소원 다 이루어 지길!,5,3,55
971,성이름,추위에 지지말고 부지런히 움직이게 해줘잉,5,9,65
970,앨리스,집중,5,1,59
969,역병왕유비,연금복권 1등 걸리게 해주소서,5,1,35
968,이상해풀,전역,5,2,26
967,낭심든든조거팬츠,합격이용,5,7,50
966,SUM,울 사바가 긍정적 발표좀 들고 오게 해주세요,5,1,53
965,조상의덕이많아보이세요,좋은 집 구하게 해주세요,5,23,63
964,한고조,추워잉,5,1,12
963,침공어찌하여머리만오셨소,오늘도 화이팅,5,66,66
962,빠운쓰,뭘 하든 조금만 더 열심히 하게 해주세요,5,19,53
961,냥뇽녕냥,퇴근하고시포잉,5,3,44
960,돌체라떼두유,행복!,5,6,61
959,김험블,ㅊㅊ,5,1,39
958,사이먼도미닉,퇴근,5,3,36
957,뜨뜻미지근,춥다,5,2,47
956,침착맨이오,사랑해요,5,36,66
955,노마닉,여자친구 생기게 해주세요,5,7,52
954,그로구,화이팅!!,5,2,7
953,가위꺾어진,오늘도 화이팅,5,66,66
952,초선이에요옹,"무사평안, 무위도식, 무한행복",5,13,61
951,아마궤돈,냥이들의 무병장수,5,65,65
950,뉴진스국힙원탑,돈 많이벌게 해주세요,5,1,31
949,깡왈 ,인생날먹,5,5,41
948,캄다운맨,빠른 쾌유 울렁거린다아,5,1,62
947,우발적침청자,시간 좀 돌려주세요 제발..,5,25,49
946,하마입,오늘도 무사히,5,3,37
945,달려라팜하니,난 뭐하고 살고 있지,5,34,61
944,히오수왕,행복복이,5,66,66
943,가주가주즈아,필요없는것들 다 죽자 ,5,3,41
942,Kantian,박사논문,5,2,48
941,Chiral,잘 되게 해주세요,5,49,60
940,wally,불금보내자,5,2,59
939,병건이는너무졸려,쉬고싶어 ㅠ,5,39,48
938,효도왕,행복하게해주세요,5,1,15
937,오태식,누군가는 해야 하잖아,5,61,64
936,국어익힘책문쭈,화이팅,5,50,65
935,영공조진,로또1등당첨되게해주세요.,5,4,64
934,1호침투부침략자,생각대로,5,3,52
933,구쭈살결심,퇴사하게 해주세여,5,5,58
932,이오리우스,몸과 마음 건강하게 해 주세요,5,1,19
931,월클맨,살빼게해주세요,5,1,15
930,크레토스,득근하게 해주세요,5,16,51
929,탕쿠쿠,쿠쿠데스,5,1,17
928,사일런스,건강,5,49,61
927,마취없이발치하는박재성,로또 1등 기원,5,61,63
926,킹받는선글라스,적당히 놀고 먹었으면 좋겠다,5,60,60
925,졸린곰,연애 ㄱㄱ,5,2,31
924,침착맨엉덩이는빨게,이채영 저 주세요,5,3,53
923,이세화,우리애기 언제나 행복하게 해주세요 ,5,20,55
922,애새끼맨,칼퇴기원~~~,5,3,47
921,도른자,진도 더 나가게 해주세요,5,1,63
920,스피노자,포인트 5점,5,50,50
919,국밥중의국밥국밥의왕내장국,침착맨 작품 가질수있게 해주세요,5,2,32
918,쁠리에,푹 쉬게 해주세요 ,5,1,58
917,하느소르,한 주 마무리 잘하기,5,1,7
916,빠큐거북이는,애잉,5,1,1
915,온니유,빠른 퇴근,5,66,66
914,침은이루어진다,"책임과 끈기 그리고 사랑을 주세요, 미리 감사드립니다.",5,6,29
913,침착한이왕건,사고 안 나게 해주세요,5,4,41
912,김와퍼,지구 멸망,5,16,63
911,참룡객,건강,5,7,60
910,따착고,제 짝을 찾게해주세요,5,24,64
909,Hello,Hello,5,15,44
908,구라쟁이, ,5,1,49
907,고다피,컨디션 좋고 회사 별일 없길,5,40,50
906,조이e,로또 일등,5,1,17
905,엥조엥,여친 생기게 해줘잉,5,5,47
904,쏘영이모,기침아 가라,5,2,48
903,말총머리협객,이이잉,5,27,59
902,못생겼어요,인정받게 해주세요!,5,2,19
901,잘될과학,진짜 가자,5,11,55
900,홍시농장,행보쿠하기,5,18,60
899,단호박골드피자,웬만하면 빨리 연락주세요.,5,59,59
898,산지직송,제발 이직하게 해주세요..,5,1,11
897,e0rept,일이 잘 풀리게 해주세요,5,4,40
896,베루가,오늘도 행복하게,5,1,29
895,용네임,"행복과 건강 발전, 이직",5,4,42
894,봄여름,돈,5,48,65
893,피돈츄,살빠지게 해주세용,5,1,13
892,침하하수호자,침하하 수호,5,66,66
891,킹뚜껑,횐님들 소원 이루어지게 해주세요,5,65,65
890,침덩컨,합격,5,1,55
889,송월동제라드,돈많이벌게해주세요,5,1,48
888,컴퓨터공학민수,합격 기원,5,1,5
887,베토디,만사형통,5,48,55
886,침착맨은침착해,엄청난부자,5,7,53
885,침착한학생,행복하자,5,33,62
884,아이팟,지갑 찾게 해주세요,5,2,61
883,존코너,한전 이직,5,1,31
882,침착한샴푸뚜껑,들어줘잉 ◡̈ ,5,2,33
881,침착걸해린,로또1등,5,1,9
880,세종머앟,않이 외않되,5,67,67
879,뚝딱왕,임대주택 대성공 기원 9,5,3,43
878,병건아,건강최고,5,67,67
877,나는두콩,모두 건강하길!,5,2,55
876,짖는중,칼퇴하게 해주세요,5,5,43
875,아즈몽가대왕,노스쿨 합격학해줘잉,5,2,49
874,슬램덩크,집중!!,5,66,66
873,송파구페르시안고양이,인하가군 합격하게 해주세요🤍,5,2,47
872,음흉맨,왜 출석이 끊겼지,5,2,42
871,취준생,45일 시작,5,2,47
870,매초풍,여친 생기게 해주세요,5,46,51
869,침투성이,건강 연애 부 기원,5,3,44
868,킹받개사랑해,남은기간 열심히 해서 시험합격,5,14,51
867,네모세모,균하하,5,1,25
866,에잉내그럴줄알았다,무야호,5,1,16
865,인류발전기원하는빅특이점맨,특이점 빨리오게 해주세요,5,2,49
864,59osrz,언제나 건강 재미 행복하길~ 햅삐,5,14,49
863,츰츢츰츢츰츢맨,오늘도 행복하게,5,25,25
862,채유리,ㅇㅅㅇ,5,66,66
861,감나라베개나라,몸무게 68kg,5,2,56
860,삑꾓츢,로또1등기원,5,3,12
859,아빠아직안잔다,뿡,5,66,66
858,이왕건나좋아,수능대박,5,1,46
857,링피트를사야합니다,스위치를 사서 링피트 할 수 있게 해주세요,5,2,21
856,Thyme,삼성전자 붙게 해주세요,5,14,19
855,주파수,오늘 하루도 잘 보내길,5,1,58
854,개굴반장,카즈하!,5,1,36
853,하태훈1,정규직 기원,5,1,34
852,쐬고기면,정규직 전환,5,2,55
851,디케이,합격하자,5,1,23
850,나루릇,zzzzz,5,1,56
849,서울시털보,출근싫다,5,9,54
848,침유니버스,로또당첨!,5,19,57
847,우원박시시,부자되게 해줘잉,5,1,52
846,checkmate,오늘도 무사히..,5,3,46
845,유주오빠,유주가 건강하고 행복하게 지낼 수 있도록 해 주세요,5,36,50
844,헌스타,2023년 후기 교육대학원 원서 넣는 곳 모두 합격!!,5,7,31
843,빨간동화,로또 1등 독식 !!!,5,1,16
842,골든너겟,오늘도 건강하고 행복하기,5,65,65
841,강가을,무사무탈,5,1,37
840,줍줍가게,줍줍가게 연매출 10억 달성,5,19,55
839,모등거새신,침착맨팬미팅1열기원,5,2,62
838,운수좋은날,휴가 기원,5,3,24
837,무정한무정란,출근중인데 집에가고싶어요,5,4,46
836,조선상놈,고기,5,1,28
835,사실은갓파,빠른 퇴근,5,2,51
834,통천나라,플레찍게 해주세,5,1,31
833,병건을말년하게,로또 당첨,5,2,30
832,아싸삐리빠라뽀,돈줘,5,3,12
831,나나나,에버랜드 재밌길!,5,7,57
830,단세포,사랑해,5,3,42
829,침착한척하는양말벗겨진주펄,행복하고 행복을 주는 게임개발자가 되게 해주세요,5,3,23
828,맵크나이트,우엥,5,1,33
827,공포를이겨내,붙여줘요,5,2,50
826,몽쉘통통의침냥이,우리 모두 건강해지게 해주세요,5,1,43
825,비둘기,건강,5,2,38
824,차돌브륄레,마무리 잘하게 해주세요,5,1,5
823,오이잉쥐모어쌍풀리이으스이,감정평가사 합격하게 해주세요,5,46,47
822,응삼이,로또 당첨 기원,5,4,63
821,김카이,즉시 트래픽 부담,5,59,59
820,카이사르,회사가 이상해,5,2,62
819,뉴침착맨,행복과 건강,5,30,60
818,베르린,바른자세맑은정신,5,54,54
817,헐마이오니,올해 꼭 합격,5,30,59
816,그냥뭐그냥뭐,아프지 않기!!,5,7,61
815,말짱황,일찍 퇴근하자,5,4,45
814,흑풍회1호기,다음 연애는 오래오래 가게 해주세요,5,1,21
813,이쁜둥이,봄이야 아프지마,5,5,59
812,비얀코,모두 건강하세요,5,2,24
811,마구마구,계속 정진할 수 있게 해주세요,5,3,37
810,침착한알파카,우리 결혼하게 해주세요!,5,4,63
809,원펀데이참가자,오랜만이야,5,1,15
808,에베레스트의표범,우울 떨쳐내기,5,3,44
807,룩스룩스,비나이다,5,1,47
806,순살인간,술먹지마..,5,58,63
805,사과야사과해,오늘도 무사히,5,2,41
804,멜론베이글,모두 건강하게 살게해주세요,5,3,53
803,첫사랑,컨디션회복,5,35,58
802,우원박,임용고시2차합격,5,66,66
801,빙수왕,짝이 생기게 해줘잉..,5,24,51
800,따뜻한불가로오세요,강원도 중등임용 역사 최종합격 하게 해주세요,5,23,59
799,찜하핫,침하하하하하ㅏㅎ,5,1,37
798,무적무적열매,연금복권1등당첨 로또1등당첨 기원,5,1,58
797,사또밥,로또당첨,5,12,45
796,특착맨,탈모 안걸리게 해주세요.,5,1,22
795,흑연퍼먹어,일안하고 돈만이벌게해주세요~~~,5,5,35
794,그뉵그뉵,연애한번 해보자 나도 야발,5,10,63
793,몽실이돌격대,다정한근육남이랑 결혼하게해줘잉,5,12,54
792,잉어와붕어,안 심심해지기,5,1,29
791,벗겨진주호민,복권 1등 당첨,5,19,55
790,쟤쟤쟤,로또,5,5,12
789,유관장펄침기,전무님 항문에 미각세포 생기게 해주세요,5,1,49
788,라떼☆,♡,5,19,65
787,쭈냥냥,새해목표 꼭 이루어지길!,5,1,46
786,병건쮸,"합격, 요미 건강",5,7,49
785,침하하하하하하핫,로또1등 침착맨만나기,5,1,47
784,SyrupJar,충성충성,5,1,61
783,굿데이,굿데이,5,64,65
782,딩대생,침렉스 받게 해주세요,5,1,6
781,티모시샬라메정실부인,합격,5,61,61
780,zl존우진123,RSRS ERSG,5,3,38
779,김장하는이쑤시개,오늘도건강하게해주세요,5,65,65
778,송도돌격대,이너피스,5,1,35
777,왕왕호들갑,시험 합격!,5,34,64
776,피글렛힛,오늘도 행복하기를,5,4,56
775,이라고말할뻔했다,설예대 최종 합격했음 좋겠어요,5,1,9
774,페페스,감사하다,5,6,57
773,침착맨조하,오늘도 좋은 하루 보내게 해주세요~,5,1,32
772,진키킴,오늘도 건강하게~~~,5,1,10
771,펄머리침저씨,동생 코로나가 얼른 낫고 우리가족 건강한 하루 보내길,5,46,52
770,어메이징,오늘도 아무탈 없이 하루를 잘 보낼 수 있기를,5,5,51
769,파랑파랑,올해는 행복하자 ~230106~,5,3,44
768,쿠쿠다라이,오늘도 화이팅,5,2,29
767,푼크툼,이번 과제도 무사통과 기원!,5,1,2
766,와샌즈!,안아프기/날씨좋기/괴한안마주,5,1,46
765,ㅁㄴㅇㄹ,득근득근,5,66,66
764,통천조아,정리,5,1,59
763,나로호,교육잘받게해주세요,5,66,66
762,다신못볼유돈노,1049회차 로또 2등 당첨,5,58,58
761,고농축병건,코피 안나게 해주세요 ,5,27,64
760,그건아마니잘못,나는 이번주 로또 1등 당첨자다,5,66,66
759,빠워뿔,즐거운 금요일,5,34,65
758,허풍개,믿음,5,61,62
757,아스텔,우리방장이 오늘 하루도 행복하게 해주세요,5,1,53
756,작은앙마,무사귀환,5,66,66
755,아프리카청춘이다,건강 합격 외조모쾌유,5,9,56
754,야왕이흥건,연봉상승,5,3,53
753,수정고드름,공부하자,5,66,66
752,ARTIDe,기도,5,8,41
751,세상에나쁜질문은없다,ㅊㅊ,5,1,25
750,슬라이스,세계평화,5,3,55
749,투민러브,우리 흰둥이 입시성공하게 해주세용,5,26,53
748,오히려좋아,친해지기,5,5,57
747,민트초코호빵,❤️,5,19,65
746,호카손쟈,또까먹으뮤,5,2,34
745,리병건,많은 꽁돈아 생겨랏!,5,1,43
744,침하하매니저,출첵,5,1,36
743,사사림,노싸움,5,67,67
742,갱이갱이양갱이,"세계평화, 어린이들의 행복",5,1,37
741,톰슨탕,오픽 IH,5,1,6
740,침펄풍뎅,사랑해,5,51,65
739,아서비햄,침착맨 김희철 합방기원 16일차,5,66,66
738,이게아이디인가,불금이다,5,2,22
737,삐걱삐걱,로또1등 당첨,5,41,56
736,황금미륵쭈호민,"건강한정신, 건강한 몸",5,1,26
735,연부장,좋은인연,5,2,55
734,시크릿쥬쥬매직박,가족건강 말리야사랑해,5,2,39
733,트위티,이게 맞나,5,1,56
732,십장생,여자친구 생기게 해주세요,5,66,66
731,블랙잭,"잘되게 해주세요,,,",5,7,55
730,라푼젤,이직,5,1,29
729,최쩡후,저희가족행복하게해주세요 ,5,2,26
728,메로나,태초,5,17,64
727,멘수르,무사기원,5,4,40
726,오체투지,합격기원,5,54,62
725,김잼민,뿌직,5,2,36
724,타카네루이,루이랑 결혼하게 해주세요,5,2,57
723,침착한한국인,로또 1등 당첨되게 해주세요,5,21,64
722,회계사,닉값하게해주세요,5,13,55
721,매곡리물주먹,인연,5,67,67
720,널포인터익셉션,넥슨 입사 기원,5,57,57
719,잠자리양,침튜브가 공중파방송이 되기를,5,62,62
718,식칼이오,로또 1등 당첨,5,67,67
717,왁싱한주창,장사 잘되게 해주세요,5,61,61
716,Jackychan,매력,5,1,1
715,세번이쁜둥이,한양대 경영 합격하게 해주세요,5,1,3
714,와퍼세트,감기낫게해줘잉5트,5,66,66
713,오프라인,돈 사랑 장수 건강 축복,5,63,65
712,더미즈,돈,5,22,22
711,킹냥이,행복을주세요,5,59,65
710,박시시맨,부와 명예,5,2,8
709,당근당근,내집마련,5,1,20
708,박씨씨소믈리에,"얏,",5,1,2
707,내일을남일처럼,앞으로 두달 월급 받으면서 편하게 할 수 있길,5,4,57
706,구찌가천마넌,연애 기원!,5,46,65
705,곤이형아,로또 1등,5,35,50
704,가도가도,힘내자,5,7,56
703,왱알앵알,돈 생기게 해주세요,5,1,59
702,떡잎마을방범대,로또,5,2,50
701,대인국총리대신,건강이최고,5,12,59
700,침착맨방송잘안봄,사랑받는하루,5,47,59
699,라면꼰대,로또1등 기원!,5,1,25
698,야구왕이순철,끼요옷,5,2,46
697,Ajsn,ㅊㅊ,5,10,60
696,눈사람,응애,5,25,62
695,일확천금,일확천금,5,5,48
694,복재성,이번에는 가자..,5,3,65
693,유쾌한훈장질,등단합니다,5,28,43
692,그거완전과학,열심히하자~~,5,1,46
691,황금미륵,침하하,5,9,63
690,이병쫄병건,올해는 침착맨처럼 열심히 살고 싶어요,5,2,51
689,해린어린이,기도,5,1,11
688,침착맨꿈꾼게죄야,착맨만나게해주세요,5,1,18
687,예습의옥냥이,항상 밥은 맛있는거 먹게해주세요,5,3,53
686,딸기메로나,구쭈구쭈,5,1,18
685,일하하,27년까지 포르쉐 사게 해주세요,5,1,11
684,Fine,마지막 국시 개박 기원,5,26,33
683,진관동어금니,3칸 스나 합격기원,5,1,1
682,털보는못말려,팬싸인회,5,2,46
681,썽큰04,그림 잘 그리게 해주삼~,5,1,19
680,이병스냅건,하와이 가게 해주세요,5,66,66
679,침냥이발바닥꼬순내,이번 방학때 취업하게 해주세요!,5,1,8
678,영걸맨,호상,5,4,49
677,침냥이캔따개,궤도님 노과학 초대석 기원,5,2,2
676,애새끼,기도,5,66,66
675,나도이런말하기싫어,ㅁㅊㅈㅅㅅㅅㅁ,5,66,66
674,한국의디즈니이병건,침착맨을 오래오래 볼수있게 해줘잉,5,1,28
673,박가을,건강과 행복을 잃지 않는 삶,5,1,1
672,코쓱모쓱,수능 만점,5,9,66
671,책상은책상이다,건강회복,5,17,62
670,의기소침하하,위인님의 건강과 행복,5,1,51
669,귓속말,속닥속닥,5,8,59
668,얼렁뚱땅맨,점수 냠냠,5,11,59
667,칡즙맨,TRPG 기원,5,2,42
666,UDT출신여중생,오늘 주문 왕창 들어와라,5,58,59
665,이지동,스트레스없이 공부 잘하기 ,5,3,61
664,아이호,아멘,5,2,2
663,SOL,출chek0106,5,2,45
662,2병건빵,합 격,5,3,47
661,주커님이날보셨어,내일 비안옴,5,3,33
660,집에보내줘,로또!,5,3,30
659,깨쓰롸이팅,풍월량님 메운디 깨게 해주세요.,5,66,66
658,군자동풀린개,일끝났다,5,1,28
657,고비노비도비,돌,5,66,66
656,kpxla6,착한팀원들어오게해주세요,5,7,54
655,침투부한국인,불면중,5,18,55
654,침과밤낮,시험공부 포기 안 하고 열심히 하게 해주세요!!,5,2,35
653,침착맨시청자,럭 모으는중,5,20,64
652,침대생,쾌똥,5,1,2
651,메탈도도새,내일도 조금씩 결심을 지키게 해주세요,5,23,42
650,깨갱2,따뜻한 마음을 가진 사람이길,5,1,26
649,페루남자,국시붙게해주세요,5,1,38
648,보리차,마음의 평안,5,66,66
647,宮脇咲良,더 글로리 2시즌 기다리기 힘들어,5,67,67
646,시니피에,동생 취업 잘 되게 해주세요,5,1,4
645,방구끼지마는영어로돈까스,아프지말게해주세요,5,1,17
644,조조가든,🫶🏻,5,53,54
643,이만년,짜증나,5,24,29
642,hutdool,제발 끝나라,5,22,56
641,시간여행자,나도 ㅎㅇㅌ,5,1,10
640,cardioid,ㅎㅇㅌ,5,57,57
639,침착한병건,침착맨알라뷰,5,25,54
638,나맹이,지금처럼만,5,1,64
637,침착한순이,오늘도 침착하게,5,4,9
636,우리원본박물관,우리 가족 다 건강하게 해주세요,5,63,65
635,한대말아줘,2023 평안하고 깊은 한해가 되길 좋은 결과🙏,5,2,21
634,Krbaaa,로또 1등 당첨 기원,5,5,49
633,뭉탱이,침착 후리스 기원 11일차 ,5,39,51
632,게시판,시바 연속 끊긴 거 너무 열받아요,5,4,63
631,갬봄미,행복,5,48,50
630,700만대추인,성공기원발전기원,5,24,60
629,dinggo,가족 건강 기원,5,1,38
628,챼형원,그래 괜찮아,5,14,56
627,안전준수,행복,5,1,1
626,좋지좋지조치원,김민재 선수 리버풀 오게 해주세요,5,7,25
625,뼈치킨,ㅊㅊ,5,66,66
624,강윤숙,콥링엄,5,1,57
623,사카키,아들 대학 합격하게 해주세요!,5,66,66
622,AliExpress,시험합격,5,10,44
621,침하하레츠고,호호,5,20,57
620,소남자,살 이유를 만들어 주세요,5,1,26
619,왕밤빵맨,로또 당첨되게 해주세요,5,1,4
618,풍운아미노타우로스,제발 인생 날로 먹게 해주세요.,5,2,31
617,컬투쇼주시은배텐침착맨,친구생기게 해줘잉,5,15,55
616,삼장법사,Amen,5,13,60
615,양파마늘,오잉,5,1,24
614,민트초코좋아하시죠,여자친구 생기게 해주세요,5,55,61
613,OMG,시험 잘 보게 해주시와용,5,1,5
612,침하하하쏭,다이어트 성공 기원 2,5,5,43
611,고양이,로또 1등당첨,5,1,32
610,침라면순한맛,죽여줘,5,1,13
609,바빠도다시한번,여러분 모두 행복하시기를~~,5,6,8
608,인파이트,ㅈㅇㅇ,5,1,36
607,애국불숭이,쾌변,5,2,63
606,행복하고건강하고편하게,건강*행복,5,57,61
605,되게얌전한애,ㄴ너무많이먹어서토할것같아여,5,1,3
604,kimrucky,오늘도 무사히 건강하기를....,5,12,45
603,마오리족주민,싯팔 까먹어서 2일째,5,1,51
602,야생고양이,건강돈,5,4,54
601,킨더조이야,일상 되찾게 도와주세요,5,1,1
600,alt,갓생살아보자,5,1,8
599,펄떡이는침순이,얼른 돈 생기길🙏,5,1,19
598,서랍속세계,오늘 합격연락 오게 해주세요,5,1,18
597,이쁜둥잉,오늘 8시에 일어나게 해주세요,5,7,56
596,카이퍼,Show Me The Money,5,1,43
595,침착맨의마스터피스침하하,남친생기게해주셈,5,3,33
594,생쌀이재촉한다고익냐,서로 상처주지 않는 클린 인터넷 문화 정착 기원,5,1,28
593,뉴침스하남보이,잠잘자게해주세요,5,1,1
592,태완씨이것좀먹어봐유,침착맨 사랑해,5,66,66
591,고양이에미친사람,3년 안에 빚 다 갚게 해주세요,5,15,36
590,호랑이동생,5,5,1,8
589,미스침무라비,후후,5,2,39
588,침하하늘,건강행복사랑돈,5,1,24
587,거니거니당근당근,건강 사랑 평화,5,1,46
586,꿀벌맨,부자,5,1,49
585,쭈꾸민,글씨 색칠한거 킹받지 않게 해주소서 에이맨,5,3,3
584,복실이유격대,이번주 마무리 잘하게 해주세요,5,1,10
583,ABC,봄,5,67,67
582,침조C,내일 눈뜨면 -1kg,5,1,3
581,궈l도,조럽,5,1,25
580,미친늙은이,유산균 없이 살 수 있게 해주세요,5,9,44
579,웨스트부록,여친,5,1,1
578,춤신침왕이병건,합격기원,5,66,66
577,•한국인•,뿅,5,46,65
576,찢어진슈톨렌,오출완,5,1,6
575,생귤탱귤,짱이 될거에요,5,51,51
574,라원애비,슬램덩크보세요두번보세요,5,58,58
573,dotori,대학가게 해주세요,5,1,1
572,황송한니보시씨,황송합니다.,5,64,64
571,건전한침청자1205,위인님 그 곳에선 안녕하십니까,5,51,62
570,선봉맨,부자되게 해주세요,5,13,64
569,김ㄴㄴ,해내야 한다.,5,1,32
568,병앤건,회복,5,1,14
567,미야호,돈 많이 벌게 해주세요,5,1,20
566,주호민방위훈련,새복많~~~,5,65,66
565,감자양파이,윤이 정상적 연애 기원,5,3,33
564,우주수육먼지콜라,무사졸업,5,1,15
563,침착맨의아이폰,침착맨 모발 풍성,5,32,65
562,박덕구,행복하자!,5,1,11
561,석전맨,침하하,5,1,50
560,쏘영무술10단,F준 교수님 돌부리에 걸려 넘어졌으면...,5,1,23
559,침맨사랑해,농협필기합격,5,1,13
558,프로타,이사 잘하기!,5,1,6
557,가지가내밥,편안한 장,5,66,66
556,침침해,작은 행복,5,5,62
555,차돌수심철면짬뽕,침화하,5,7,52
554,다몰라박사,행복하게 해주세요,5,4,59
553,김다빠진콜라,매일매일이 행복한 삶이 될 수 있도록 해주세요,5,6,14
552,쌀과자먹는소리,스트레스좀 안받게해주세요,5,1,51
551,hideNseek,🙏🙏🙏,5,6,45
550,호호바,다이어트,5,66,66
549,프루트펀치무사,나쁜 짓들 갚고 원하는 사람과 결혼과 예뻐지기,5,1,17
548,잉클링,기억하게 해주세요,5,19,41
547,에스트라공,취업,5,1,15
546,ENGLISH,Get used to school life,5,1,35
545,엌케이,다들 아프지마세요,5,34,62
544,Politecat,취업기원,5,1,43
543,지건이순간,이불킥 과거 잊기,5,2,34
542,채소밭,함 해보자,5,1,3
541,silverlake,해치우자구,5,43,65
540,MetalDJ,성공가도,5,30,64
539,맵병건,후회없는 하루 살기,5,2,9
538,다토다토,열심히살자,5,30,32
537,로봇대백과,나를 행복하게하는 모든 이들이 행복하기를..,5,46,62
536,FabFR,설로 가게 해주세요,5,1,4
535,이루어져라,내가 날 더 좋아하게 해주세용,5,1,2
534,침착한자식,제 인생에 신경 안 써주는 그들과 안 엮이게 해주세요,5,8,57
533,배공팡, ,5,2,54
532,권은비,정시 잘 볼 수 있게 해주세요!,5,66,66
531,잠밥보,김소영 이번주 로또 1등 기원합니다,5,4,46
530,루이비통,우리냥이 아프지마ㅠㅠ,5,22,62
529,움치기움치기,기도,5,1,1
528,토게피,크롱이 25주 5일,5,50,55
527,메이플실업,무병장수,5,1,20
526,숲속의호랑이,로또 1등 당첨된다!!,5,2,52
525,고릴라,일 안하고 돈 많이 벌게 해주세요,5,1,17
524,얼음과불의노래,건강한 삶 2일차,5,3,53
523,겨울철립밤잘발라,제발 친구 캐리어 찾게 해주세요,5,2,6
522,루프레텔캄,2023 시험 합격,5,2,54
521,Lux,로또 1등 당첨되게 해주세요,5,1,52
520,뭐시중요해,소원빌고자,5,1,47
519,침덩이500배,하루에 기도 세번,5,1,23
518,정강환이다내가,행운 가득한 삶을 주세요,5,1,41
517,중복된닉네임,또 까먹네,5,1,51
516,독침붕이,대구꿀잼,5,2,47
515,강동구물주먹,대기업 취뽀,5,33,45
514,Kuri,연어 먹고싶어요,5,1,6
513,야릇한쿼카,무탈,5,1,12
512,이뮥수,앨리스 잘되게 기도해주세여,5,2,52
511,gdzt4r,합격하게 해주세요,5,1,15
510,곽철용,그랜마 R.I.P,5,1,44
509,바람물질풍월량,로또 1등,5,1,19
508,연세우유단팥생크림빵,건강,5,66,66
507,박성화,힘내라힘!,5,60,60
506,침착걸흥분맨,연애하고시퍼!,5,18,55
505,곰이다무섭지,합격기원좋은관계유지,5,1,1
504,태리야끼,로또 1등 5번,5,14,53
503,김숙희,워크래프트,5,1,3
502,페더스,부자,5,39,44
501,짐작멘,더 많은 힘,5,16,50
500,한입사과,오늘도 무사히,5,1,33
499,파래김,기회가 있기를 기회를 잡을 수 있기를,5,1,34
498,로나로나땅땅,취뽀아자쟛,5,1,8
497,잠은행장,로또야 부탁해,5,1,6
496,엔트로피발생기계,애인,5,1,3
495,김현철,사진바꿔줘,5,13,25
494,침평일,행복하게 해주세요,5,2,55
493,애국침숭이,냠냠,5,55,65
492,김종수령동지,끝,5,66,66
491,사쿠라,추팔모의 무궁한 영광,5,4,62
490,대석전3연속챔피언이병건,ㅠ,5,16,61
489,김얌전,이렇게 살지 마시오,5,20,52
488,색소침착,다이어트 성공하게 해주세요,5,57,65
487,봉미선,돈많은백수,5,1,42
486,아즈남,로또 당첨,5,67,67
485,프라우킴,이번달안에 취업 성공하기,5,6,29
484,차캐맨,로또 1등,5,51,51
483,리흥건,여기 생활 마무리 잘하게 해주세요,5,1,29
482,자몽은원래쓰다,대박 터지게 해주세요!,5,1,6
481,자조운,싸가지 챙기는 사회,5,5,57
480,원자탄,로또 1등,5,20,50
479,마라랜드,아프지마도토도토잠보,5,43,50
478,대영주데나트리우스,내 영원한 집권을 위하여!,5,1,30
477,강백호,마음속의 평화,5,54,54
476,강아지똥,불면증 꺼져주세요..,5,6,55
475,존잘맨이병건,건강이 최고!,5,1,52
474,고향만두,평화,5,6,57
473,김어인,행복,5,54,61
472,잔잔한파도,나쁜놈 잊게해줘요 ,5,3,58
471,이끼니,행복,5,15,51
470,침착한이흥건,Hny,5,66,66
469,우니동,행복,5,58,58
468,먹방의왕자는침착맨,공부하자ㅏ,5,1,45
467,나야아,자소서 잘 쓰게 해주세여,5,1,23
466,doc,wishing for higher income,5,6,48
465,구내염따,게임 흥해라,5,1,56
464,봉담맨,잠,5,56,59
463,물먹는개구리,23년 열심히 살아 후회없는 한해가 되게 해주세요,5,1,12
462,부에노메스키타,공부성공,5,2,13
461,Lobster,건강,5,1,18
460,주호민좋음,소돌님합격하게 해주세요. ,5,34,65
459,침블리야,생리야 그만 미뤄지고 이제 해줘라,5,2,34
458,삑궷츢,돌고래 신우석 감독님과 수하 슈말코님 초대석 해주세요,5,23,55
457,포도봉봉,마무리중인 일이 성공적이길,5,4,64
456,즉시소통,머리가 빨리 자라게 해주세요,5,16,26
455,밍키밥,머리안아프게 해주시고 돈도 주세요 ,5,2,60
454,웃음을참지못하는병이있어요,나초대석,5,2,35
453,키요하루,평생 놀고 먹게 해주세요..,5,28,49
452,이안전,여친생기게해주세요,5,11,53
451,아안녕하세요,군대가기싫어요,5,5,62
450,아서스,평생 놀고 먹으며 즐겁게 살게 해주세요,5,12,65
449,솔솔라라솔솔미,꿀잠🙏🙏🙏,5,66,66
448,김달래,다친 다리가 빨리 낫기를..,5,44,57
447,주호민병건풍기문란,쪼미야 얼른와,5,40,61
446,아리사랑해요,아리사랑해요,5,19,58
445,zyggi,안녕과 번영,5,1,16
444,BarcaFIFPro,ㄱㄷ,5,63,64
443,반숙란쭈란,발목 회복,5,5,47
442,도원결의,세 명이 동시에 뒤집니다,5,20,62
441,모찌뀨리,시험 합격하게 해주세요,5,1,31
440,오목한볼록눈이,유잼 도전,5,1,1
439,이더리움,감사합니다,5,4,66
438,침침ㅁ침,하는 일 모두 잘 되게 해주세요,5,4,47
437,소설가0,편하고 합법적인 방법으로 돈 많이 벌게 해주세요,5,14,64
436,gygus,소원빌게해주세요,5,1,9
435,1월15일,삶이 고달프다,5,1,23
434,JESUS,현대자동차 정규직 취직하고 싶다,5,2,54
433,단박자,조절,5,12,56
432,회갱1,개가튼 독감 빨리 낫게해주세요,5,2,30
431,선학동꿀주먹,돈,5,61,61
430,짜파게티,침착맨 및 주변사람들 건강 행복,5,47,65
429,꿈은없고요놀고싶습니다,여자친구 생기게 해주세요,5,1,3
428,박진수,박진수,5,1,33
427,배호돈나룸마,생사당이 이루어졌다,5,5,23
426,웃으며살자,여자친구 생기게 해주세요,5,2,45
425,이말년침착맨이병건,얍,5,1,62
424,고나우빠쬬,저와 제 친구들이 성공하게 해주세요,5,35,57
423,이말년침착맨이병건레츠고,엄마 건강하자!,5,1,38
422,별뚱이, ,5,3,34
421,모었앙,안아프기!!,5,2,43
420,네글자,잠자기 빠르게~,5,66,66
419,알제이,"끈기와 노력, 실천하는 인간이 되게 해주세요",5,17,60
418,짭짤한땅콩,아프지망고ㅠㅠ,5,3,36
417,프엠입니다,침하하하,5,1,53
416,카나다거위,나랑 너랑,5,33,49
415,침착침,침착맨 보게 해주세요,5,13,47
414,소인배권위자,정신건강 몸건강,5,4,57
413,함뜨자,국시 찍은거 다맞고 아는것만 나오기,5,42,65
412,우유두부,대학 합격하게 해주세요,5,31,52
411,뇌절탐정이왕건,취업,5,27,64
410,율랑단,굿나잇,5,38,38
409,백열장,다친 손이 잘 나아서 백열장 쓰게 해주세요,5,1,38
408,진진자라지리지리자,합격하게해주세요,5,3,41
407,우경김,보고싶다 현지야,5,61,61
406,원래이런애,좋은 사람들만 만났으면,5,56,56
405,쭈달로,친절하게 바라보기,5,66,66
404,유사과학신봉자,모두 다 건강해지게해주세요,5,1,21
403,닉넴머하지,나와 주위 모든 사람이 행복하고 건강하길,5,1,24
402,무라카미,셀프 브랜딩 잘 해내기 그리고 작가 되기,5,1,4
401,땅근쮸스,건강,5,1,34
400,카즈하,로또 1등,5,25,64
399,이춘향,합격!,5,66,66
398,샌드타이거샤크박민수,인턴 합격 기원,5,53,53
397,미까따,오늘은 안 어색했으면,5,2,58
396,싱하형,난 널 믿지 않아,5,2,38
395,침착나라통닭공주,건강하게 해주세요,5,2,17
394,치즈민수,출근,5,1,31
393,워터컬러,침하하하,5,5,60
392,kom,로또 1등 당첨,5,18,53
391,체리석류맛,감기 낮게 해주세요,5,1,28
390,반반통닭천사,알하이탐 뽑게해주세요,5,1,37
389,yjkwak2010,뭐든 잘풀리게 해주세요,5,29,63
388,이이이,복학잘하기,5,6,64
387,이렇게좋은날,침하하,5,1,9
386,끼히이이이이이잇ㄱ요오옷,허리 낫고 가게 손님 덜 오게 해주세요 ㅠㅠ,5,53,58
385,침착하지못해슬픈아이,내가 옳게 살고 있는지 모르겠어요,5,56,56
384,Hyunsang,오늘도 행복하세요.,5,61,64
383,slaxdd,ㄱㅈㅇ 최종합격하게 해주세요 ,5,19,55
382,짭라오,회귀시켜줘,5,7,59
381,왕만두2,연금복권 1등 되게 해주세요.,5,1,46
380,타카히로미야시타,앙기모띠,5,1,1
379,낙스라마스의저주,안녕,5,1,61
378,건브로스,뭐가 됐든 행복하게 살기,5,2,22
377,미텼꽁,이게,5,1,3
376,하루도그대를사랑하지않은적,다시 만나고 싶다,5,37,59
375,김일성,ㅎ,5,17,63
374,앤서니양,프로필 gif 쓰고싶어요,5,8,60
373,멀쌔대쓰벤츠,상쾌한 아침,5,1,34
372,일병이병건,침랑해,5,46,46
371,OGEN,비싼 돈가스를 사먹을 수 있는 어른이 되게 해주세요,5,2,42
370,상대편,행복해져라,5,43,52
369,외다리갈매기,하고 싶은 일 잘 하게 해주세요,5,26,53
368,배추누나,로또 1등 당첨,5,1,10
367,뽀로롤롱,제발최종합격,5,5,56
366,대박라떼,행운을 보내주시고 운을 잡을 수 있게 해주세요🙏🏻,5,1,6
365,삼삼삼,세상 멸망하게 해주세요 ,5,11,61
364,통천민수,좋아하는일찾고 부자되게해주세요,5,1,28
363,Kapu,열심히 살고 싶습니다,5,1,11
362,나허짜장이야,로또 1등 당첨!,5,17,58
361,헉투구더스,좋은 사람들과 좋은 시간 보내게 해주세요,5,9,53
360,라뮤링,병건오라버니 개인방송 많이 보고싶당ㅠㅠ,5,1,6
359,관으맨,재수성공,5,27,47
358,짱구는목말라,공무원합격길 효도하자,5,3,63
357,오까이맨,열심히 살게 해주세요,5,1,40
356,모든일의신,여친 생기게 해주세여,5,5,43
355,지떨코,ㅊㅊ,5,12,64
354,무뚱뚱씨,새해 복 많이!,5,58,58
353,검정치마,2023년 새 공연,5,66,66
352,침착한만두,수능 잘보게 해줘잉,5,9,43
351,뱅거이시장,오늘 졸업한다!!,5,3,53
350,털보네왕족발,번호 따이게 해주세요,5,11,40
349,가입일20221123,하루중 기억에 남는 순간이요,5,18,64
348,etbiin,우리팀 우승하게 해주세요,5,2,4
347,침착면요리후루룩,남자친구!!!!!!,5,1,64
346,그대인형,시간아 멈춰라,5,66,66
345,고칼슘두유,감사하다,5,1,51
344,풍납토성,새해엔 다 잘 풀리길,5,14,43
343,얼첩이다,행복하게 해주세요,5,63,65
342,꼬다란커추,아버지가 건강해지시길,5,48,48
341,야추일수도있지만아닐수도,로또 1등 당첨기원 28일차..?,5,5,47
340,조나단아이브,침착하다.,5,1,22
339,치무챠쿠걸,재수 성공,5,2,55
338,볼링공닦는주호민,퇴근,5,5,57
337,쭈펄곰,옷 잘 고르게 해주세요,5,66,66
336,병건건,2023합격기원,5,1,46
335,아파요,내 소원만 들어주세요,5,1,48
334,간손미그룹회장간옹,침하하 대박기원,5,3,37
333,복날의햅쌀,내인생화이팅,5,26,32
332,우리에게남은시간,건강합시다,5,67,67
331,연구원,승리,5,36,66
330,호민아포켓몬은있는거야,슝슝이랑 오래오래 행복하게 해주세요 ,5,5,41
329,제슈콜,늦잠 안자고 일어나게 해주세요,5,1,37
328,구찌맨,세계평화,5,1,11
327,쓸만한구쭈,칼퇴근,5,1,22
326,곧통조림행인,와,5,66,66
325,북칙칵칙북칙칵칙,무럭이 무럭맘 항상 건강하게 하소서,5,12,61
324,옾밥차,옾,5,2,48
323,비비디바비디뿌,취업기원,5,1,39
322,Patrasche,따효니 우승,5,66,66
321,무승부로하지않을래,올해 다작하게 해줘잉,5,1,46
320,별광림,여자친구 생기게 해주세요,5,50,54
319,방구석침순이,잘생긴남친생기게해주세요,5,10,30
318,만두콩,다시 만나게 해주세요,5,65,65
317,콘노크,여친생기게 해주세요!💑❤❤❤,5,1,64
316,탑건캡틴매버릭,여자친구 생기게 해주세요,5,38,56
315,포로리,나였으면,5,2,11
314,닉네임변경조조1893,ㅋㅋ,5,3,62
313,하루이틀,꿀잠자게해주세오,5,1,7
312,임동민수,너도 하루종일 내 생각만 해줘 어서 내게 연락해줘,5,7,41
311,얼큰한차돌짬뽕,풍튜디오에서 배도라지 겨울 MT 기원,5,20,41
310,음해세력,금요일에 제시간에 퇴근하게 해주세요,5,1,32
309,포카콜라,올해 건강하게 하고싶은일 찾게해주세요,5,1,15
308,화과산돌숭이,화이화이팅!,5,25,37
307,Wayne,"물러서지마 ㅠ,, 할 수 있잖아.. 다시 가보자",5,2,47
306,피코7,치킨,5,1,56
305,옾마니반메훔,소원들어주세옾,5,1,41
304,호크아이슨배임,여친 좀,5,10,62
303,사무관,럭~작,5,4,34
302,뜨어억,청약,5,3,40
301,역호민,평안,5,57,61
300,바다민수,빠니보틀 오늘도 건강하고 행복한 시간되길 비나이다,5,62,62
299,호박쓴오소리,소원들어주는 돌,5,2,54
298,메탈기어솔의눈,합격 입사 근력강화,5,50,61
297,목동다이옥신,30대 모쏠아다 탈출기원,5,67,67
296,의중을알고싶은김의중,2023 두산 베어스 우승,5,52,66
295,쏭단비,남편직업의사,5,15,51
294,뜨거운음료,ㅁㅁ,5,1,50
293,아이디,좀 올라라,5,66,66
292,또롱도리,침착맨 만나게 해주세요,5,2,49
291,침침숭숭이,취업,5,18,55
290,할아버지,드르렁,5,66,66
289,농담곰,케이티 롤스터 우승,5,2,35
288,침냥이하악질,ㅠ,5,3,48
287,치마하하,회사야 밀린월급은 주고 망해라,5,67,67
286,꽁지꽁지,기도,5,5,33
285,주우원박,저 취업했거든요 새 직장가서 적응 잘하길바람,5,1,47
284,쿠우우,이벤트 당첨되게 해주세용,5,2,65
283,동오의덕왕엄백호,엄백호군이 천하를 통일하게 도와주세요,5,1,32
282,소인배도라지,행복,5,1,51
281,인지동,행복해져라~,5,2,26
280,유구미,침착맨 포켓몬 9세대 존버합니다 -45일차-,5,66,66
279,배수지,나스닥 진짜 장난치지마 나 힘드러,5,13,65
278,붕어싸만코를줄게,적당히,5,2,22
277,노란계른자,원하는 회사 취업하게 해주세요.,5,46,61
276,우무문어,여자친구 생기게 해주세요,5,1,27
275,라타타탐,로또 1등 되게 해 주세요.,5,2,55
274,라디바디바립,만나게 해주세영,5,52,58
273,증권맨,상상을 현실로,5,24,50
272,대인배맨,군쇼래끼들 ㅂㄱㄷ,5,1,46
271,민욱슈,응원하는 사람이 잘되게 해주세욜,5,1,13
270,언럭키삑궷츢,시험 만점 받게 해주세요~,5,66,66
269,열정맨,열정,5,31,45
268,침착한시청자,침투부 200만,5,66,66
267,가정교육독학함,꿀잠자게해주세,5,57,58
266,병건83,합격 기원,5,67,67
265,wasitacatisaw,기도 내리기,5,6,62
264,무친오히려조아,공시합격,5,1,30
263,FIESTA,아이즈원 다시 보고 싶습니다🙏,5,62,63
262,강동구침순이,돈 벌게 해주세요,5,1,42
261,최유진,취업,5,1,46
260,여차려차,사라지게해주새우,5,53,54
259,에드몽,진짜 살빼자,5,66,66
258,가진거다내놓으시오,로또 1등 세금 떼고 18억 이상 당첨되게 해주세요.,5,7,35
257,공장장은아니고,1등 한번하자,5,54,57
256,우쥬라이크헤이러탑,여자친구 생기게 해주세요,5,1,41
255,DonVito,우리가족모두건강,5,38,59
254,지성박매직박우원박렛츠고,우원박과 만나기,5,4,38
253,복숭아맛사탕,씨파시바 합격 !,5,3,31
252,백안시,표식 모든리그 우승 뎊베 아겜 우승 덕계팔로워 천명,5,3,62
251,비건보다병건,얼마 안남았다,5,62,62
250,CRADLE,그림잘그리게해주세요,5,66,66
249,임꺽정은꺽꺽,약대합격,5,36,49
248,돌숭이돌숭이,여자친구 생기게 해주세요,5,1,47
247,펄순이,빡치는 일 없게 해 주세요,5,67,67
246,침테잎,합격,5,11,42
245,침착해린,ㅊㅊ,5,3,61
244,원술은꿀물을좋아해,사람이 되고싶어요,5,9,59
243,또요용,우리집 멍멍이 암재발 없이 건강하게 오래 살게해줘요,5,58,59
242,구글군,부자되게해주세요,5,1,26
241,qOOp, ,5,59,59
240,아재맨,1월 이직 성공하게 해주세요 (45),5,15,65
239,나르시시스트,건강기원,5,1,4
238,예아나무,리치왕,5,3,48
237,인간사냥개,화이팅,5,5,55
236,조조맹덕, ,5,26,64
235,침카페옾카페,삼국지 붐은 온다,5,66,66
234,헝그리,신찬이 챌린저 찍게 해주세요,5,1,10
233,초록매실,힙격하게 해주세요,5,8,58
232,침착몬,건강. 행복,5,6,51
231,TEAMMATE,제 주식 잘되게 해주세요,5,38,64
230,전무님,ㅁㅅㅁ,5,67,67
229,침냥2,저 시험한방에 붙혀주기로 하느님이랑 기도로 합의봤어요~,5,67,67
228,아노6,결합하라 영상 10만 기원,5,25,25
227,조휴일, ,5,1,57
226,여름으로가는문,침하,5,4,57
225,침착맨장재미슴,로또당첨되게 해주세요,5,1,57
224,쌍베S코스밥상엎는이병건,취업가자,5,66,66
223,왈가놈,좋은인생과 좋은하루,5,2,58
222,피츠하버트,아자아자 오늘 하루도 힘내자[email protected],5,37,55
221,디낌이,제발 고백 성공,5,1,63
220,샤빠뚜비루밥,제발 임용최합까지가자ㅏㅏ,5,12,39
219,바닐라와플,감기야 가라,5,1,59
218,침착한펄,d우하하,5,12,57
217,연애하고싶어,너무 아픈 사랑은 사랑이 아니었음을.,5,1,57
216,냥꾸울,정시 3관왕 제발,5,1,23
215,문어블랙홀,위인님 입상,5,2,19
214,샴푸한소카와이소,아기천사가 오길 기원합니다,5,20,61
213,중영이,시험 합격,5,66,66
212,침허허,나처럼 살지마시오,5,2,42
211,배고푸잖슴,거창하지 말고 비장하지 말고 하루씩만 살자,5,67,67
210,차베즈,여친사귀게해주세요,5,9,49
209,초고교급이하민,취업 제발요,5,63,63
208,침착맨+,슈화야 행복한 생일 되렴,5,2,43
207,치뫄뫄,오늘도 무사히! 바라는 일이 이뤄지길!,5,35,52
206,십이지내장탕,삼성라이온즈 우승,5,3,59
205,궤착맨,궤도님 건강하세요,5,67,67
204,Yui,이번달 안에 이사갈 수 있게 해주세요.,5,40,52
203,프로그래머,에이,5,2,56
202,Z3R05UM,아치차 깜빡할 뻔 우원박,5,66,66
201,흥분걸,간절함을 배우게 해줘잉,5,65,65
200,경제침착,로또 1등..!!,5,1,46
199,BBaeKKi빼끼,빼끼,5,39,63
198,시청자,미라클!!!,5,4,62
197,예비특허민수,변시합격,5,67,67
196,국밥부장관,"인생 잘 풀리고, 운이 가득하길",5,66,66
195,조듀이,임용고시 합격하게 해주세요,5,13,24
194,코숏🐈,로또 1등 되게 해주세요.,5,10,66
193,아메리카노일잔할까,아들 키크게 해주세요,5,2,54
192,쨰깐둥이,안전,5,1,44
191,토끼님,침펄풍 영접하게 해주세영 ₍ᐢ.ˬ.ᐢ₎ ,5,48,65
190,온세상이병건,우리 강아지 안아프고 오래 살게 해주세요. ,5,1,41
189,유다니,!,5,10,58
188,피죤투,지우야...,5,66,66
187,침두쭈두야나두,젭알 마나대박,5,66,66
186,연어팔,평화!,5,66,66
185,❤️️❤️️❤️️,.,5,1,11
184,sungard,잠 좀 그만 자,5,66,66
183,침수니는눈이침침,돈 마니마니 벌게 해줘잉,5,1,42
182,락바리,기침 낫자,5,67,67
181,침착매놀그멍,청약당첨기원,5,1,22
180,아게하,연애하게 해주세요,5,15,53
179,호들갑맨,강녕,5,1,64
178,베이가,10대 부자 되게해주세요,5,66,66
177,폴에스트,피할 이유가 없다,5,41,62
176,망고둥둥,뉴진스 입덕해버렸다..,5,1,32
175,이병건강해사랑해,청이잘지내용,5,1,58
174,이달소,합격,5,1,33
173,우영우,우투더영투더우,5,5,58
172,현실을살아,재밌는 하루 되게 해 주세요,5,47,64
171,침해요,피곤해도 계획대로,5,2,18
170,위험한자식,나! 오늘 생일!,5,66,66
169,우룰루루,침하하하,5,67,67
168,곧휴잭맨,안녕,5,5,54
167,잠실차돌녀,건강건강건강!,5,45,55
166,밈착맨,제가 좋아하는 사람이 절 좋아하게 해주세요,5,1,1
165,정대만,올해시험합격!,5,1,49
164,염소야가라재미있다,건강이최고,5,62,65
163,침수착민맨,최종합격,5,2,33
162,레희님,부자되게 해줘잉,5,59,62
161,조롱조롱거미줄에쭈구슬,여자친구와 즐거운 여행과 이번 취업회 꼭 잡게 해주세요,5,1,6
160,머머리28,행복합시다,5,60,60
159,당신지금어디야,오늘도 좋은 매매,5,65,65
158,닉네임을공란으로둘순없어서,모두 건강하고 행복하길.,5,56,56
157,코코삼촌,할머니 건강 기원,5,66,66
156,이말이야저말이야,남자친구 되게 해달란 이말이야,5,1,50
155,드래곤타이거,러브,5,1,20
154,침침멘,시험 합격 기원,5,1,46
153,호주민,얍,5,5,53
152,ATOM,올라라,5,26,57
151,엠지민수,몇명빼고 다들 나 조아해라~,5,1,30
150,침티에이,가족 모두 건강하기,5,64,65
149,맵찌리찌릿삑궷츢,크리스마스에 커플들 다 깨지게 해주세요,5,7,20
148,말보로라이트,이번 작품 대박나게 해주세요!!,5,1,40
147,에어컨의요정,나는 귀여워,5,59,59
146,아뭐해,로또되게 해주세요!,5,3,53
145,쓩이쓩쓩이,강아지 면접 합격하게 해주세요잉,5,30,46
144,라프라스,건강,5,66,66
143,대체로맑음,"소원의돌 다 이뤄주셈 가족건강,행복,로또1등",5,1,43
142,얶깨이,대 박 기 원,5,2,45
141,글쓰는시청자,그사람이 나를 좋아하게 해주세용,5,34,62
140,야비켬마,경찰이 되어 나라에 이바지하고 싶습니다 ,5,27,58
139,시은희안,로또 1등 당첨,5,10,54
138,kkjjhh,취업 잘하고 여자친구 사귀게 해주세요 ,5,3,37
137,미섹차짬,제발 내맘 알아줘요,5,1,34
136,이병건강냉이사이에낀김가루,침하하 자치구역 100개로 늘어나길,5,4,63
135,마회장,소원,5,2,50
134,풋쉬숲,성공,5,4,23
133,잘알려드립니다,중요한 건 꺾이지 않는 마음,5,7,56
132,플라스틱뚝배기,띠용,5,63,63
131,거짓말하지마,재수성공,5,4,59
130,침아저씨,살빠지고 자격증합격 취뽀,5,4,36
129,정우영,유쾌한 하루 !,5,35,61
128,쭈호밍쓰,시험 합격,5,28,33
127,요우무의유령검1,*꽃무늬 이펙트*,5,67,67
126,침파카,2023년 취업과 결혼하게해주세요!!!,5,2,42
125,메가톤맨,살기가 싫구만,5,66,66
124,개굴히,치킨!,5,43,54
123,오호홍햄빠끄세트,건강 안전 행복,5,66,66
122,파라오밥,건강하게 살 빼기 ! ,5,38,38
121,침화하핳,일일차,5,1,2
120,NMIXX릴리,하게 해주세요,5,1,42
119,모두의마블스냅,금요일이다 불금,5,21,63
118,댓글민수사쿠라윤,빠니님 언제나 건강하고 행복하시고 간수치 회복 기원해요,5,62,62
117,슈퍼마리오,벌크업,5,2,55
116,너도쫄병이냐,한량의 삶,5,5,62
115,존롤존스스톤,룰,5,23,65
114,병건매벌이,합격!,5,67,67
113,나은아빠,나도 이제 구쭈 있다!!!!!,5,1,12
112,침순잉,세계최고의 아티스트가 되게 해주세요,5,62,65
111,롯데우승,롯데우승,5,67,67
110,싱글벙글침하하,늘 행복할 수있게해주세요,5,8,50
109,보수맹구,취업 / 가족건강,5,42,64
108,요구르팅,건강해지기 교육원 잘다니기 여자친구 생기기,5,2,43
107,일병건,위인님 건강,5,27,65
106,침정민,이번주 로또1등 나야나,5,1,43
105,위험한까마구이병건,아빠 생신 축하드려요 오래오래 건강하세요❤️,5,67,67
104,침하하오히려좋아,에코가 자다 안 깨우게 해주세요.,5,67,67
103,침착착침침,롯 데 우 승,5,1,8
102,곰바라기,로또 1등 되게 해주세요,5,38,56
101,lhxnqy,1,5,59,59
100,티라노사우루스,크아앙,5,60,60
99,완하하,먹는거 줄이기,5,4,52
98,있네있어,신나신나게,5,3,24
97,쉬운아이디,꿈★은 이루어진다!,5,2,49
96,MOOMIN,함께 하고 싶은 사람과 함께 할 수 있게 해주세요.,5,18,59
95,개구리,피부에 생기를!!!,5,16,66
94,포카리스웨트,행복하게해주세요,5,8,40
93,수해쨩,마라도만한 운석하나만 줍게해주세요,5,46,64
92,이병건더기,행복하게해주세요,5,46,65
91,와장창,건강 축복 행운,5,1,64
90,병건나라침착공주,재밌게 수다 떨기,5,13,62
89,쭈꾸쭈,쌍수 성공.,5,3,6
88,chimdownman,\침하,5,25,64
87,7성사이다,재수성공,5,8,47
86,Seorae,마무리,5,3,53
85,역촌동돌싱남,33년 모태솔로입니다. 연애하게 해주세요.,5,8,55
84,오아시스,LIVE FOREVER,5,67,67
83,침착매엔,휴ㅏ이팅,5,1,22
82,패는남매,다들 행복하자~,5,67,67
81,고구마777,내 소원 이뤄지게 해주세요,5,24,58
80,칼국수,사회적인 성공을 하게 해주세요,5,65,65
79,KIN,취업하게 해주세요,5,66,66
78,휙휙♥,침하하,5,43,64
77,이병건나라이웃나라,공무원합격,5,41,64
76,이쁜둥이미운둥이,돈 많이 벌게 해줘잉,5,68,68
75,나민수올시다,아~ 행복하고 싶다~,5,65,65
74,Hibyeday,화이팅,5,44,61
73,침착해,부디 무사히,5,59,65
72,구쭈괌,다시 시작하기,5,1,40
71,봄여름가슴겨울,수험생활 성공 기원,5,1,29
70,백수한량,부모님 무병장수,5,57,59
69,애굽민수주니어,사람이 되게 해주세요,5,47,48
68,집에못가는사람,집에 가고 싶다,5,55,59
67,성모학개론,모두가 건강했으면 좋겠어요,5,55,57
66,궤도민,오히려 생각을 멈춰,5,13,64
65,꿀크로스,srt 취소표 건지게해주세요,5,45,61
64,욣욣욣,연애 결혼 성취,5,35,54
63,병건스냅,집중!,5,1,30
62,즐거운무의식,즐거운 하루~,5,55,59
61,푸르로닝,여친 생기게 해줘잉 취업 시켜줘잉 ,5,32,52
60,이주원친구,올해 기운이 좋다,5,4,42
59,장료벌레,마흔 다섯 번만!,5,14,65
58,및갗냄,ㄱㄱ,5,60,60
57,시적허용,부자되게해주세요,5,42,60
56,김치아줌마,취업,5,67,67
55,병거니,오늘도 행복한 하루💕,5,54,66
54,달변가,부유한 삶,5,52,52
53,태하하,태하하 ~,5,65,65
52,궤굽민수,만족하며사는삶,5,8,52
51,우원박외치는약대생,내가 뭐하는 지 모르겠지만 아무거나 잘 되게 해주세요,5,13,29
50,피도눈물도없는자식,화이팅,5,66,66
49,말랑침덩이,조기기상,5,2,51
48,보르조이,돈 많이 벌게 해주세요,5,66,66
47,그것은찍혀버렸다,돈렛미다운다운다운,5,1,38
46,가새꺾어진,연수랑 사귀게 해줘라,5,1,36
45,루차질라,침펄풍둡trpg 마스터성캐,5,41,43
44,불암산,파이팅,5,1,9
43,침유유,송이 건송이 건강하길,5,6,53
42,다라이맨,하하하,5,30,64
41,유능대령,"피부병,눈병 완치",5,54,60
40,리버냥,졸지 말자!,5,66,66
39,침냥E,청약당첨되게해주세요,5,32,66
38,chocobanana,배불러,5,30,39
37,맵당당,좋은일이 생기게 해주세용,5,3,65
36,침착bottle,이번주도잘마무리,5,1,15
35,페코짱,이번 주 로또 고액 당첨되게 해주세요.,5,67,67
34,우레레레,얍!!!,5,64,64
33,이병건방져,팬미팅,5,26,65
32,주먹왕랄부,건강과 평화,5,64,64
31,붕어사자코,부귀영화,5,40,40
30,삼각군,내코인 떡상하게 해주세요,5,67,67
29,차도르자브종수,불로소득,5,5,60
28,정흠흠,취뽀,5,57,57
27,우정맹,마음이 따뜻한 사람이 되고 싶어요,5,62,62
26,침착해지기,살 빠지게 해주세요,5,39,62
25,몽글몽글초당순두부,잘 살게 해주세요,5,3,24
24,갈치갈치,로또 연금복권1등당첨,5,42,60
23,오구오구거니,침하,5,31,53
22,tripleS,tripleS 대박나자,5,4,34
21,버터링,행복,5,4,65
20,일리단,화이팅!,5,67,67
19,댕댕이,대학 합격,5,67,67
18,큐성성,건강!,5,32,32
17,옹골찬만두콘,침착맨 화이팅!,5,67,67
16,침벙침벙,해ㅇ복,5,1,49
15,동탁천사,취업 성공하게 해줘잉,5,66,66
14,작은쥐,원하는거 다 이루기,5,61,61
13,침버거세트,저만 잘 되게 해주세요~,5,67,67
12,행복하니,ㅊㄷㅊ - ㅂㄹㅂㄹ,5,66,66
11,곽준빈하위호환주우재,제발 행복하고 건강하게 해주세요,5,12,57
10,내일은챰피온,로또 1등 가즈아,5,49,57
9,아자뵤,엄마안아프게해주세요 마음먹은거할수있게해주세요,5,65,65
8,이왕건이오,모두들 행복하세요,5,1,61
7,몽쉘통통의고양이,비밀글입니다.,5,68,68
6,아데마르,사랑합시다,5,63,64
5,그르다김가놈,침착맨 영생,5,59,59
4,병건마미,집 가까운 좋은직장에 입사하게 해주세요,5,67,67
3,이병건윱뽀이,🔥,5,56,56
2,매직박재성기사이즈킹,여자친구 생성 기원 6일차,5,67,67
1,HAERIN,"2023 아버지 경기도 무형 문화재,대한민국 명장 선정",5,67,67
